id,map_file,agent_file,num_agents,device,high level planner,low level planner,disappear_at_goal,cat,rand_seed,cost,run_time,comment,method_source,date_edit,numHighNodes,numLowNodes
-1,map_32by32_obst204_agents30_ex18.txt,,3,12400F,rhcr-cbs,,0,1,1,636,11.0951,NULL,https://github.com/ssfc/rhcr,2024/9/26 18:18,,
-1,map_32by32_obst204_agents30_ex18.txt,,3,12400F,rhcr-cbs,,0,1,1,636,12.2418,NULL,https://github.com/ssfc/rhcr,2024/9/26 18:18,,
-1,map_32by32_obst204_agents30_ex18.txt,,3,12400F,rhcr-cbs,,0,1,1,636,13.5753,NULL,https://github.com/ssfc/rhcr,2024/9/26 18:19,,
-1,map_32by32_obst204_agents30_ex19.txt,,3,12400F,rhcr-cbs,,0,1,1,642,0.264039,NULL,https://github.com/ssfc/rhcr,2024/9/26 18:19,,
-1,map_32by32_obst204_agents30_ex19.txt,,3,12400F,rhcr-cbs,,0,1,1,642,0.303861,NULL,https://github.com/ssfc/rhcr,2024/9/26 18:19,,
-1,map_32by32_obst204_agents30_ex19.txt,,3,12400F,rhcr-cbs,,0,1,1,642,0.310875,NULL,https://github.com/ssfc/rhcr,2024/9/26 18:19,,
-1,map_32by32_obst204_agents30_ex19.txt,,3,12400F,rhcr-cbs,,0,1,1,642,0.313995,NULL,https://github.com/ssfc/rhcr,2024/9/26 18:19,,
-1,map_32by32_obst204_agents30_ex19.txt,,3,12400F,rhcr-cbs,,0,1,1,642,0.225538,NULL,https://github.com/ssfc/rhcr,2024/9/26 18:19,,
-1,random-32-32-10.map,random-32-32-10-random-1.scen,5,10400F,rhcr-cbs,,0,1,1,100,0.002,NULL,https://github.com/ssfc/rhcr,2024/10/3 17:01,,
-1,random-32-32-10.map,random-32-32-10-random-1.scen,5,10400F,rhcr-cbs,,0,1,1,100,0.004,NULL,https://github.com/ssfc/rhcr,2024/10/3 17:01,,
-1,random-32-32-10.map,random-32-32-10-random-1.scen,5,12400F,rhcr-cbs,,0,1,1,100,0.000174,NULL,https://github.com/ssfc/rhcr,2024/10/3 18:28,,
-1,random-32-32-20.map,random-32-32-20-random-1.scen,30,12400F,rhcr-cbs,,0,1,1,637,8.80553,NULL,https://github.com/ssfc/rhcr,2024/10/3 18:35,,
-1,random-32-32-20.map,random-32-32-20-random-1.scen,31,12400F,rhcr-cbs,,0,1,1,659,12.9041,NULL,https://github.com/ssfc/rhcr,2024/10/3 18:37,,
-1,random-32-32-20.map,random-32-32-20-random-1.scen,32,12400F,rhcr-cbs,,0,1,1,679,8.18898,NULL,https://github.com/ssfc/rhcr,2024/10/3 19:00,,
-1,random-32-32-20.map,random-32-32-20-random-1.scen,32,12400F,rhcr-cbs,,0,1,1,679,8.18933,NULL,https://github.com/ssfc/rhcr,2024/10/3 19:10,,
-1,random-32-32-20.map,random-32-32-20-random-1.scen,32,12400F,rhcr-cbs,,0,0,1,679,8.20278,NULL,https://github.com/ssfc/rhcr,2024/10/3 19:10,,
-1,random-32-32-10.map,random-32-32-10-random-1.scen,5,10400F,rhcr-cbs,,0,1,1,100,0.002,NULL,https://github.com/ssfc/rhcr,2024/10/3 19:55,,
-1,random-32-32-10.map,random-32-32-10-random-1.scen,5,10400F,rhcr-cbs,,0,1,1,100,0.002,NULL,https://github.com/ssfc/rhcr,2024/10/3 19:58,,
-1,random-32-32-10.map,random-32-32-10-random-1.scen,5,10400F,CBS,ASTAR,0,1,1,100,0.008,NULL,https://github.com/ssfc/rhcr,2025/7/25 18:29,,
-1,random-32-32-10.map,random-32-32-10-random-1.scen,5,10400F,CBS,ASTAR,0,1,1,100,0.008,NULL,https://github.com/ssfc/rhcr,2025/7/25 18:29,,
-1,random-32-32-10.map,random-32-32-10-random-1.scen,5,10400F,CBS,ASTAR,0,1,1,100,0.008,NULL,https://github.com/ssfc/rhcr,2025/7/25 18:30,,
-1,random-32-32-10.map,random-32-32-10-random-1.scen,5,10400F,CBS,ASTAR,0,1,1,100,0.008,NULL,https://github.com/ssfc/rhcr,2025/7/25 18:40,,
-1,random-32-32-10.map,random-32-32-10-random-1.scen,5,10400F,CBS,ASTAR,0,1,1,100,0.007,NULL,https://github.com/ssfc/rhcr,2025/7/25 18:43,,
-1,random-32-32-10.map,random-32-32-10-random-1.scen,5,10400F,CBS,ASTAR,0,1,1,100,0.006,NULL,https://github.com/ssfc/rhcr,2025/7/25 18:48,,
-1,random-32-32-10.map,random-32-32-10-random-1.scen,5,10400F,CBS,ASTAR,1,1,1,100,0.009,NULL,https://github.com/ssfc/rhcr,2025/7/25 19:02,,
-1,random-32-32-10.map,random-32-32-10-random-1.scen,5,10400F,CBS,ASTAR,1,1,1,100,0.006,NULL,https://github.com/ssfc/rhcr,2025/7/25 19:05,,
-1,random-32-32-10.map,random-32-32-10-random-1.scen,5,10400F,CBS,ASTAR,1,1,1,100,0.007,NULL,https://github.com/ssfc/rhcr,2025/7/25 19:10,,
-1,random-32-32-20.map,random-32-32-20-random-1.scen,5,10400F,CBS,ASTAR,1,1,1,128,0.006,NULL,https://github.com/ssfc/rhcr,2025/7/25 19:13,,
-1,random-32-32-20.map,random-32-32-20-random-1.scen,20,10400F,CBS,ASTAR,1,1,1,407,0.045,NULL,https://github.com/ssfc/rhcr,2025/7/25 19:14,,
-1,random-32-32-20.map,random-32-32-20-random-1.scen,20,10400F,CBS,ASTAR,1,1,1,407,0.059,NULL,https://github.com/ssfc/rhcr,2025/7/25 19:25,,
-1,random-32-32-20.map,random-32-32-20-random-1.scen,20,10400F,CBS,ASTAR,1,1,1,407,0.05,NULL,https://github.com/ssfc/rhcr,2025/7/25 19:35,,
-1,random-32-32-20.map,random-32-32-20-random-1.scen,30,10400F,CBS,ASTAR,1,1,1,627,1.28,NULL,https://github.com/ssfc/rhcr,2025/7/27 13:32,,
-1,random-32-32-20.map,random-32-32-20-random-1.scen,30,10400F,CBS,ASTAR,1,1,1,627,1.435,NULL,https://github.com/ssfc/rhcr,2025/7/27 14:09,,
-1,random-32-32-20.map,random-32-32-20-random-1.scen,30,10400F,CBS,ASTAR,1,1,1,627,1.281,NULL,https://github.com/ssfc/rhcr,2025/7/27 14:45,,
-1,random-32-32-20.map,random-32-32-20-random-1.scen,20,10400F,CBS,ASTAR,1,1,1,407,0.045,NULL,https://github.com/ssfc/rhcr,2025/7/27 14:47,,
-1,random-32-32-20.map,random-32-32-20-random-1.scen,30,10400F,CBS,ASTAR,1,1,1,627,1.267,NULL,https://github.com/ssfc/rhcr,2025/7/27 14:48,,
-1,random-32-32-20.map,random-32-32-20-random-1.scen,30,10400F,CBS,ASTAR,1,1,1,627,1.275,NULL,https://github.com/ssfc/rhcr,2025/7/30 11:48,,
-1,random-32-32-20.map,random-32-32-20-random-1.scen,20,10400F,CBS,ASTAR,1,1,1,407,0.049,NULL,https://github.com/ssfc/rhcr,2025/7/30 14:18,,
-1,random-32-32-20.map,random-32-32-20-random-1.scen,21,10400F,CBS,ASTAR,1,1,1,438,0.052,NULL,https://github.com/ssfc/rhcr,2025/7/30 14:18,,
-1,random-32-32-20.map,random-32-32-20-random-1.scen,22,10400F,CBS,ASTAR,1,1,1,447,0.077,NULL,https://github.com/ssfc/rhcr,2025/7/30 14:22,,
-1,random-32-32-20.map,random-32-32-20-random-1.scen,23,10400F,CBS,ASTAR,1,1,1,461,0.586,NULL,https://github.com/ssfc/rhcr,2025/7/30 14:22,,
-1,random-32-32-20.map,random-32-32-20-random-1.scen,24,10400F,CBS,ASTAR,1,1,1,508,0.593,NULL,https://github.com/ssfc/rhcr,2025/7/30 14:43,,
-1,random-32-32-20.map,random-32-32-20-random-1.scen,24,10400F,CBS,ASTAR,1,1,1,508,0.53,NULL,https://github.com/ssfc/rhcr,2025/7/30 14:44,,
-1,random-32-32-20.map,random-32-32-20-random-1.scen,24,10400F,CBS,ASTAR,1,1,1,508,0.531,NULL,https://github.com/ssfc/rhcr,2025/7/30 14:45,,
-1,random-32-32-20.map,random-32-32-20-random-1.scen,25,10400F,CBS,ASTAR,1,1,1,522,0.691,NULL,https://github.com/ssfc/rhcr,2025/7/30 14:45,,
-1,random-32-32-20.map,random-32-32-20-random-1.scen,26,10400F,CBS,ASTAR,1,1,1,555,0.536,NULL,https://github.com/ssfc/rhcr,2025/7/30 14:46,,
-1,random-32-32-20.map,random-32-32-20-random-1.scen,27,10400F,CBS,ASTAR,1,1,1,586,0.545,NULL,https://github.com/ssfc/rhcr,2025/7/30 14:46,,
-1,random-32-32-20.map,random-32-32-20-random-1.scen,28,10400F,CBS,ASTAR,1,1,1,592,0.926,NULL,https://github.com/ssfc/rhcr,2025/7/30 14:47,,
-1,random-32-32-20.map,random-32-32-20-random-1.scen,28,10400F,CBS,ASTAR,1,1,1,592,0.851,NULL,https://github.com/ssfc/rhcr,2025/7/30 14:48,,
-1,random-32-32-20.map,random-32-32-20-random-1.scen,29,10400F,CBS,ASTAR,1,1,1,598,0.585,NULL,https://github.com/ssfc/rhcr,2025/7/30 14:50,,
-1,random-32-32-20.map,random-32-32-20-random-1.scen,28,10400F,CBS,ASTAR,1,1,1,592,0.85,NULL,https://github.com/ssfc/rhcr,2025/7/30 14:50,,
-1,random-32-32-20.map,random-32-32-20-random-1.scen,30,10400F,CBS,ASTAR,1,1,1,627,1.267,NULL,https://github.com/ssfc/rhcr,2025/7/30 14:51,,
-1,random-32-32-20.map,random-32-32-20-random-1.scen,31,10400F,CBS,ASTAR,1,1,1,649,1.112,NULL,https://github.com/ssfc/rhcr,2025/7/30 14:51,,
-1,random-32-32-20.map,random-32-32-20-random-1.scen,32,10400F,CBS,ASTAR,1,1,1,669,1.611,NULL,https://github.com/ssfc/rhcr,2025/7/30 14:52,,
-1,random-32-32-20.map,random-32-32-20-random-1.scen,33,10400F,CBS,ASTAR,1,1,1,677,1.346,NULL,https://github.com/ssfc/rhcr,2025/7/30 14:52,,
-1,random-32-32-20.map,random-32-32-20-random-1.scen,34,10400F,CBS,ASTAR,1,1,1,703,3.596,NULL,https://github.com/ssfc/rhcr,2025/7/30 14:53,,
-1,random-32-32-20.map,random-32-32-20-random-1.scen,35,10400F,CBS,ASTAR,1,1,1,729,1.256,NULL,https://github.com/ssfc/rhcr,2025/7/30 14:53,,
-1,random-32-32-20.map,random-32-32-20-random-1.scen,36,10400F,CBS,ASTAR,1,1,1,769,1.453,NULL,https://github.com/ssfc/rhcr,2025/7/30 14:56,,
-1,random-32-32-20.map,random-32-32-20-random-1.scen,37,10400F,CBS,ASTAR,1,1,1,775,1.33,NULL,https://github.com/ssfc/rhcr,2025/7/30 14:57,,
-1,random-32-32-20.map,random-32-32-20-random-1.scen,38,10400F,CBS,ASTAR,1,1,1,784,1.803,NULL,https://github.com/ssfc/rhcr,2025/7/30 14:57,,
-1,random-32-32-20.map,random-32-32-20-random-1.scen,39,10400F,CBS,ASTAR,1,1,1,799,2.59,NULL,https://github.com/ssfc/rhcr,2025/7/30 14:57,,
-1,random-32-32-20.map,random-32-32-20-random-1.scen,40,10400F,CBS,ASTAR,1,1,1,826,32.447,NULL,https://github.com/ssfc/rhcr,2025/7/30 14:58,,
-1,random-32-32-20.map,random-32-32-20-random-1.scen,41,10400F,CBS,ASTAR,1,1,1,844,28.872,NULL,https://github.com/ssfc/rhcr,2025/7/30 15:02,,
-1,random-32-32-20.map,random-32-32-20-random-1.scen,20,12400F,CBS,ASTAR,1,1,1,407,0.007183,NULL,https://github.com/ssfc/rhcr,2025/7/30 16:11,,
-1,random-32-32-20.map,random-32-32-20-random-1.scen,21,12400F,CBS,ASTAR,1,1,1,438,0.008201,NULL,https://github.com/ssfc/rhcr,2025/7/30 16:11,,
-1,random-32-32-20.map,random-32-32-20-random-1.scen,22,12400F,CBS,ASTAR,1,1,1,447,0.009957,NULL,https://github.com/ssfc/rhcr,2025/7/30 16:12,,
-1,random-32-32-20.map,random-32-32-20-random-1.scen,23,12400F,CBS,ASTAR,1,1,1,461,0.021969,NULL,https://github.com/ssfc/rhcr,2025/7/30 16:12,,
-1,random-32-32-20.map,random-32-32-20-random-1.scen,24,12400F,CBS,ASTAR,1,1,1,508,0.03175,NULL,https://github.com/ssfc/rhcr,2025/7/30 16:12,,
-1,random-32-32-20.map,random-32-32-20-random-1.scen,25,12400F,CBS,ASTAR,1,1,1,522,0.031653,NULL,https://github.com/ssfc/rhcr,2025/7/30 16:13,,
-1,random-32-32-20.map,random-32-32-20-random-1.scen,26,12400F,CBS,ASTAR,1,1,1,555,0.032175,NULL,https://github.com/ssfc/rhcr,2025/7/30 16:13,,
-1,random-32-32-20.map,random-32-32-20-random-1.scen,27,12400F,CBS,ASTAR,1,1,1,586,0.037117,NULL,https://github.com/ssfc/rhcr,2025/7/30 16:13,,
-1,random-32-32-20.map,random-32-32-20-random-1.scen,28,12400F,CBS,ASTAR,1,1,1,592,0.038135,NULL,https://github.com/ssfc/rhcr,2025/7/30 16:19,,
-1,random-32-32-20.map,random-32-32-20-random-1.scen,29,12400F,CBS,ASTAR,1,1,1,598,0.037469,NULL,https://github.com/ssfc/rhcr,2025/7/30 16:19,,
-1,random-32-32-20.map,random-32-32-20-random-1.scen,30,12400F,CBS,ASTAR,1,1,1,627,0.081093,NULL,https://github.com/ssfc/rhcr,2025/7/30 16:19,,
-1,random-32-32-20.map,random-32-32-20-random-1.scen,31,12400F,CBS,ASTAR,1,1,1,649,0.353925,NULL,https://github.com/ssfc/rhcr,2025/7/30 16:23,,
-1,random-32-32-20.map,random-32-32-20-random-1.scen,32,12400F,CBS,ASTAR,1,1,1,669,0.172104,NULL,https://github.com/ssfc/rhcr,2025/7/30 16:23,,
-1,random-32-32-20.map,random-32-32-20-random-1.scen,33,12400F,CBS,ASTAR,1,1,1,677,0.357267,NULL,https://github.com/ssfc/rhcr,2025/7/30 16:23,,
-1,random-32-32-20.map,random-32-32-20-random-1.scen,34,12400F,CBS,ASTAR,1,1,1,703,0.272744,NULL,https://github.com/ssfc/rhcr,2025/7/30 16:23,,
-1,random-32-32-20.map,random-32-32-20-random-1.scen,35,12400F,CBS,ASTAR,1,1,1,729,0.35771,NULL,https://github.com/ssfc/rhcr,2025/7/30 16:23,,
-1,random-32-32-20.map,random-32-32-20-random-1.scen,36,12400F,CBS,ASTAR,1,1,1,769,0.292872,NULL,https://github.com/ssfc/rhcr,2025/7/30 16:23,,
-1,random-32-32-20.map,random-32-32-20-random-1.scen,37,12400F,CBS,ASTAR,1,1,1,775,0.398513,NULL,https://github.com/ssfc/rhcr,2025/7/30 16:23,,
-1,random-32-32-20.map,random-32-32-20-random-1.scen,38,12400F,CBS,ASTAR,1,1,1,784,0.352425,NULL,https://github.com/ssfc/rhcr,2025/7/30 16:24,,
-1,random-32-32-20.map,random-32-32-20-random-1.scen,39,12400F,CBS,ASTAR,1,1,1,799,3.6283,NULL,https://github.com/ssfc/rhcr,2025/7/30 16:24,,
-1,random-32-32-20.map,random-32-32-20-random-1.scen,40,12400F,CBS,ASTAR,1,1,1,826,19.9048,NULL,https://github.com/ssfc/rhcr,2025/7/30 16:24,,
-1,random-32-32-20.map,random-32-32-20-random-1.scen,41,12400F,CBS,ASTAR,1,1,1,844,12.0291,NULL,https://github.com/ssfc/rhcr,2025/7/30 16:24,,
-1,random-32-32-20.map,random-32-32-20-random-1.scen,42,12400F,CBS,ASTAR,1,1,1,854,20.6006,NULL,https://github.com/ssfc/rhcr,2025/7/30 16:25,,
-1,random-32-32-20.map,random-32-32-20-random-1.scen,43,12400F,CBS,ASTAR,1,1,1,893,32.881,NULL,https://github.com/ssfc/rhcr,2025/7/30 16:26,,
-1,random-32-32-20.map,random-32-32-20-random-1.scen,44,12400F,CBS,ASTAR,1,1,1,932,15.3034,NULL,https://github.com/ssfc/rhcr,2025/7/30 16:26,,
-1,random-32-32-20.map,random-32-32-20-random-1.scen,45,12400F,CBS,ASTAR,1,1,1,968,19.0736,NULL,https://github.com/ssfc/rhcr,2025/7/30 16:27,,
-1,random-32-32-20.map,random-32-32-20-random-1.scen,46,12400F,CBSFlow,ASTAR,1,1,1,1025,0.058743,NULL,https://github.com/ssfc/rhcr,2025/7/31 11:09,,
-1,random-32-32-20.map,random-32-32-20-random-1.scen,45,12400F,CBSFlow,ASTAR,1,1,1,995,0.057931,NULL,https://github.com/ssfc/rhcr,2025/7/31 11:10,,
-1,random-32-32-20.map,random-32-32-20-random-1.scen,44,12400F,CBSFlow,ASTAR,1,1,1,959,0.058784,NULL,https://github.com/ssfc/rhcr,2025/7/31 11:10,,
-1,random-32-32-20.map,random-32-32-20-random-1.scen,44,12400F,CBSFlow,ASTAR,1,1,1,959,0.058941,NULL,https://github.com/ssfc/rhcr,2025/7/31 12:54,,
-1,random-32-32-20.map,random-32-32-20-random-1.scen,43,12400F,CBSFlow,ASTAR,1,1,1,919,0.062846,NULL,https://github.com/ssfc/rhcr,2025/7/31 12:54,,
-1,random-32-32-20.map,random-32-32-20-random-1.scen,42,12400F,CBSFlow,ASTAR,1,1,1,881,0.06114,NULL,https://github.com/ssfc/rhcr,2025/7/31 12:54,,
-1,random-32-32-20.map,random-32-32-20-random-1.scen,41,12400F,CBSFlow,ASTAR,1,1,1,871,0.062767,NULL,https://github.com/ssfc/rhcr,2025/7/31 12:54,,
-1,random-32-32-20.map,random-32-32-20-random-1.scen,40,12400F,CBSFlow,ASTAR,1,1,1,853,0.057886,NULL,https://github.com/ssfc/rhcr,2025/7/31 12:54,,
-1,random-32-32-20.map,random-32-32-20-random-1.scen,39,12400F,CBSFlow,ASTAR,1,1,1,823,0.054262,NULL,https://github.com/ssfc/rhcr,2025/7/31 12:54,,
-1,random-32-32-20.map,random-32-32-20-random-1.scen,38,12400F,CBSFlow,ASTAR,1,1,1,800,0.029391,NULL,https://github.com/ssfc/rhcr,2025/7/31 12:54,,
-1,random-32-32-20.map,random-32-32-20-random-1.scen,37,12400F,CBSFlow,ASTAR,1,1,1,791,0.029098,NULL,https://github.com/ssfc/rhcr,2025/7/31 12:54,,
-1,random-32-32-20.map,random-32-32-20-random-1.scen,36,12400F,CBSFlow,ASTAR,1,1,1,785,0.03299,NULL,https://github.com/ssfc/rhcr,2025/7/31 12:54,,
-1,random-32-32-20.map,random-32-32-20-random-1.scen,35,12400F,CBSFlow,ASTAR,1,1,1,734,0.015135,NULL,https://github.com/ssfc/rhcr,2025/7/31 12:54,,
-1,random-32-32-20.map,random-32-32-20-random-1.scen,34,12400F,CBSFlow,ASTAR,1,1,1,708,0.017934,NULL,https://github.com/ssfc/rhcr,2025/7/31 12:54,,
-1,random-32-32-20.map,random-32-32-20-random-1.scen,33,12400F,CBSFlow,ASTAR,1,1,1,682,0.015379,NULL,https://github.com/ssfc/rhcr,2025/7/31 12:54,,
-1,random-32-32-20.map,random-32-32-20-random-1.scen,32,12400F,CBSFlow,ASTAR,1,1,1,674,0.01429,NULL,https://github.com/ssfc/rhcr,2025/7/31 12:54,,
-1,random-32-32-20.map,random-32-32-20-random-1.scen,31,12400F,CBSFlow,ASTAR,1,1,1,654,0.014444,NULL,https://github.com/ssfc/rhcr,2025/7/31 12:54,,
-1,random-32-32-20.map,random-32-32-20-random-1.scen,30,12400F,CBSFlow,ASTAR,1,1,1,629,0.012447,NULL,https://github.com/ssfc/rhcr,2025/7/31 12:54,,
-1,random-32-32-20.map,random-32-32-20-random-1.scen,29,12400F,CBSFlow,ASTAR,1,1,1,599,0.011544,NULL,https://github.com/ssfc/rhcr,2025/7/31 12:54,,
-1,random-32-32-20.map,random-32-32-20-random-1.scen,28,12400F,CBSFlow,ASTAR,1,1,1,593,0.010744,NULL,https://github.com/ssfc/rhcr,2025/7/31 12:54,,
-1,random-32-32-20.map,random-32-32-20-random-1.scen,27,12400F,CBSFlow,ASTAR,1,1,1,587,0.011688,NULL,https://github.com/ssfc/rhcr,2025/7/31 12:54,,
-1,random-32-32-20.map,random-32-32-20-random-1.scen,26,12400F,CBSFlow,ASTAR,1,1,1,556,0.012461,NULL,https://github.com/ssfc/rhcr,2025/7/31 12:54,,
-1,random-32-32-20.map,random-32-32-20-random-1.scen,25,12400F,CBSFlow,ASTAR,1,1,1,523,0.011061,NULL,https://github.com/ssfc/rhcr,2025/7/31 12:54,,
-1,random-32-32-20.map,random-32-32-20-random-1.scen,24,12400F,CBSFlow,ASTAR,1,1,1,509,0.009634,NULL,https://github.com/ssfc/rhcr,2025/7/31 12:54,,
-1,random-32-32-20.map,random-32-32-20-random-1.scen,23,12400F,CBSFlow,ASTAR,1,1,1,462,0.008898,NULL,https://github.com/ssfc/rhcr,2025/7/31 12:54,,
-1,random-32-32-20.map,random-32-32-20-random-1.scen,22,12400F,CBSFlow,ASTAR,1,1,1,448,0.007765,NULL,https://github.com/ssfc/rhcr,2025/7/31 12:55,,
-1,random-32-32-20.map,random-32-32-20-random-1.scen,21,12400F,CBSFlow,ASTAR,1,1,1,438,0.008151,NULL,https://github.com/ssfc/rhcr,2025/7/31 12:55,,
-1,random-32-32-20.map,random-32-32-20-random-1.scen,20,12400F,CBSFlow,ASTAR,1,1,1,407,0.006386,NULL,https://github.com/ssfc/rhcr,2025/7/31 12:55,,
-1,random-32-32-20.map,random-32-32-20-random-1.scen,46,12400F,CBSFlow,ASTAR,1,1,1,1025,0.058624,NULL,https://github.com/ssfc/rhcr,2025/7/31 12:58,,
-1,random-32-32-20.map,random-32-32-20-random-1.scen,47,12400F,CBSFlow,ASTAR,1,1,1,1054,0.061341,NULL,https://github.com/ssfc/rhcr,2025/7/31 12:58,,
-1,random-32-32-20.map,random-32-32-20-random-1.scen,48,12400F,CBSFlow,ASTAR,1,1,1,1074,0.048287,NULL,https://github.com/ssfc/rhcr,2025/7/31 12:58,,
-1,random-32-32-20.map,random-32-32-20-random-1.scen,49,12400F,CBSFlow,ASTAR,1,1,1,1088,0.047481,NULL,https://github.com/ssfc/rhcr,2025/7/31 12:58,,
-1,random-32-32-20.map,random-32-32-20-random-1.scen,50,12400F,CBSFlow,ASTAR,1,1,1,1119,0.068334,NULL,https://github.com/ssfc/rhcr,2025/7/31 12:58,,
-1,random-32-32-20.map,random-32-32-20-random-1.scen,51,12400F,CBSFlow,ASTAR,1,1,1,1154,0.07352,NULL,https://github.com/ssfc/rhcr,2025/7/31 12:58,,
-1,random-32-32-20.map,random-32-32-20-random-1.scen,52,12400F,CBSFlow,ASTAR,1,1,1,1169,0.072295,NULL,https://github.com/ssfc/rhcr,2025/7/31 12:58,,
-1,random-32-32-20.map,random-32-32-20-random-1.scen,53,12400F,CBSFlow,ASTAR,1,1,1,1187,0.079858,NULL,https://github.com/ssfc/rhcr,2025/7/31 12:58,,
-1,random-32-32-20.map,random-32-32-20-random-1.scen,54,12400F,CBSFlow,ASTAR,1,1,1,1213,0.072682,NULL,https://github.com/ssfc/rhcr,2025/7/31 12:58,,
-1,random-32-32-20.map,random-32-32-20-random-1.scen,55,12400F,CBSFlow,ASTAR,1,1,1,1228,0.072029,NULL,https://github.com/ssfc/rhcr,2025/7/31 12:58,,
-1,random-32-32-20.map,random-32-32-20-random-1.scen,56,12400F,CBSFlow,ASTAR,1,1,1,1266,0.079982,NULL,https://github.com/ssfc/rhcr,2025/7/31 12:58,,
-1,random-32-32-20.map,random-32-32-20-random-1.scen,57,12400F,CBSFlow,ASTAR,1,1,1,1310,0.079359,NULL,https://github.com/ssfc/rhcr,2025/7/31 12:58,,
-1,random-32-32-20.map,random-32-32-20-random-1.scen,58,12400F,CBSFlow,ASTAR,1,1,1,1354,0.112094,NULL,https://github.com/ssfc/rhcr,2025/7/31 12:58,,
-1,random-32-32-20.map,random-32-32-20-random-1.scen,59,12400F,CBSFlow,ASTAR,1,1,1,1380,0.133054,NULL,https://github.com/ssfc/rhcr,2025/7/31 12:58,,
-1,random-32-32-20.map,random-32-32-20-random-1.scen,60,12400F,CBSFlow,ASTAR,1,1,1,1421,0.131237,NULL,https://github.com/ssfc/rhcr,2025/7/31 12:58,,
-1,random-32-32-20.map,random-32-32-20-random-1.scen,61,12400F,CBSFlow,ASTAR,1,1,1,1434,0.139696,NULL,https://github.com/ssfc/rhcr,2025/7/31 12:58,,
-1,random-32-32-20.map,random-32-32-20-random-1.scen,62,12400F,CBSFlow,ASTAR,1,1,1,1466,0.168725,NULL,https://github.com/ssfc/rhcr,2025/7/31 12:59,,
-1,random-32-32-20.map,random-32-32-20-random-1.scen,63,12400F,CBSFlow,ASTAR,1,1,1,1485,0.19609,NULL,https://github.com/ssfc/rhcr,2025/7/31 12:59,,
-1,random-32-32-20.map,random-32-32-20-random-1.scen,64,12400F,CBSFlow,ASTAR,1,1,1,1504,0.191639,NULL,https://github.com/ssfc/rhcr,2025/7/31 12:59,,
-1,random-32-32-20.map,random-32-32-20-random-1.scen,65,12400F,CBSFlow,ASTAR,1,1,1,1536,0.201502,NULL,https://github.com/ssfc/rhcr,2025/7/31 12:59,,
-1,random-32-32-20.map,random-32-32-20-random-1.scen,66,12400F,CBSFlow,ASTAR,1,1,1,1571,0.278797,NULL,https://github.com/ssfc/rhcr,2025/7/31 12:59,,
-1,random-32-32-20.map,random-32-32-20-random-1.scen,67,12400F,CBSFlow,ASTAR,1,1,1,1589,0.189177,NULL,https://github.com/ssfc/rhcr,2025/7/31 13:00,,
-1,random-32-32-20.map,random-32-32-20-random-1.scen,68,12400F,CBSFlow,ASTAR,1,1,1,1629,0.2261,NULL,https://github.com/ssfc/rhcr,2025/7/31 13:00,,
-1,random-32-32-20.map,random-32-32-20-random-1.scen,69,12400F,CBSFlow,ASTAR,1,1,1,1646,0.30068,NULL,https://github.com/ssfc/rhcr,2025/7/31 13:00,,
-1,random-32-32-20.map,random-32-32-20-random-1.scen,70,12400F,CBSFlow,ASTAR,1,1,1,1681,0.254276,NULL,https://github.com/ssfc/rhcr,2025/7/31 13:00,,
-1,random-32-32-20.map,random-32-32-20-random-1.scen,71,12400F,CBSFlow,ASTAR,1,1,1,1716,0.269463,NULL,https://github.com/ssfc/rhcr,2025/7/31 13:00,,
-1,random-32-32-20.map,random-32-32-20-random-1.scen,72,12400F,CBSFlow,ASTAR,1,1,1,1747,0.305836,NULL,https://github.com/ssfc/rhcr,2025/7/31 13:00,,
-1,random-32-32-20.map,random-32-32-20-random-1.scen,73,12400F,CBSFlow,ASTAR,1,1,1,1767,0.283784,NULL,https://github.com/ssfc/rhcr,2025/7/31 13:00,,
-1,random-32-32-20.map,random-32-32-20-random-1.scen,74,12400F,CBSFlow,ASTAR,1,1,1,1768,0.193733,NULL,https://github.com/ssfc/rhcr,2025/7/31 13:00,,
-1,random-32-32-20.map,random-32-32-20-random-1.scen,75,12400F,CBSFlow,ASTAR,1,1,1,1790,0.323928,NULL,https://github.com/ssfc/rhcr,2025/7/31 13:00,,
-1,random-32-32-20.map,random-32-32-20-random-1.scen,76,12400F,CBSFlow,ASTAR,1,1,1,1806,0.233497,NULL,https://github.com/ssfc/rhcr,2025/7/31 13:00,,
-1,random-32-32-20.map,random-32-32-20-random-1.scen,77,12400F,CBSFlow,ASTAR,1,1,1,1816,0.250231,NULL,https://github.com/ssfc/rhcr,2025/7/31 13:00,,
-1,random-32-32-20.map,random-32-32-20-random-1.scen,78,12400F,CBSFlow,ASTAR,1,1,1,1846,0.281519,NULL,https://github.com/ssfc/rhcr,2025/7/31 13:00,,
-1,random-32-32-20.map,random-32-32-20-random-1.scen,79,12400F,CBSFlow,ASTAR,1,1,1,1858,0.266798,NULL,https://github.com/ssfc/rhcr,2025/7/31 13:00,,
-1,random-32-32-20.map,random-32-32-20-random-1.scen,80,12400F,CBSFlow,ASTAR,1,1,1,1907,0.252886,NULL,https://github.com/ssfc/rhcr,2025/7/31 13:00,,
-1,random-32-32-20.map,random-32-32-20-random-1.scen,81,12400F,CBSFlow,ASTAR,1,1,1,1933,0.346608,NULL,https://github.com/ssfc/rhcr,2025/7/31 13:00,,
-1,random-32-32-20.map,random-32-32-20-random-1.scen,82,12400F,CBSFlow,ASTAR,1,1,1,1956,0.37279,NULL,https://github.com/ssfc/rhcr,2025/7/31 13:00,,
-1,random-32-32-20.map,random-32-32-20-random-1.scen,83,12400F,CBSFlow,ASTAR,1,1,1,1962,0.334782,NULL,https://github.com/ssfc/rhcr,2025/7/31 13:00,,
-1,random-32-32-20.map,random-32-32-20-random-1.scen,84,12400F,CBSFlow,ASTAR,1,1,1,2003,0.274695,NULL,https://github.com/ssfc/rhcr,2025/7/31 13:00,,
-1,random-32-32-20.map,random-32-32-20-random-1.scen,85,12400F,CBSFlow,ASTAR,1,1,1,2038,0.273893,NULL,https://github.com/ssfc/rhcr,2025/7/31 13:00,,
-1,random-32-32-20.map,random-32-32-20-random-1.scen,86,12400F,CBSFlow,ASTAR,1,1,1,2075,0.321468,NULL,https://github.com/ssfc/rhcr,2025/7/31 13:00,,
-1,random-32-32-20.map,random-32-32-20-random-1.scen,87,12400F,CBSFlow,ASTAR,1,1,1,2102,0.34063,NULL,https://github.com/ssfc/rhcr,2025/7/31 13:00,,
-1,random-32-32-20.map,random-32-32-20-random-1.scen,88,12400F,CBSFlow,ASTAR,1,1,1,2118,0.294673,NULL,https://github.com/ssfc/rhcr,2025/7/31 13:01,,
-1,random-32-32-20.map,random-32-32-20-random-1.scen,89,12400F,CBSFlow,ASTAR,1,1,1,2150,0.366208,NULL,https://github.com/ssfc/rhcr,2025/7/31 13:01,,
-1,random-32-32-20.map,random-32-32-20-random-1.scen,90,12400F,CBSFlow,ASTAR,1,1,1,2199,0.810143,NULL,https://github.com/ssfc/rhcr,2025/7/31 13:01,,
-1,random-32-32-20.map,random-32-32-20-random-1.scen,91,12400F,CBSFlow,ASTAR,1,1,1,2208,0.594483,NULL,https://github.com/ssfc/rhcr,2025/7/31 13:01,,
-1,random-32-32-20.map,random-32-32-20-random-1.scen,92,12400F,CBSFlow,ASTAR,1,1,1,2217,0.523314,NULL,https://github.com/ssfc/rhcr,2025/7/31 13:01,,
-1,random-32-32-20.map,random-32-32-20-random-1.scen,93,12400F,CBSFlow,ASTAR,1,1,1,2260,0.333807,NULL,https://github.com/ssfc/rhcr,2025/7/31 13:01,,
-1,random-32-32-20.map,random-32-32-20-random-1.scen,94,12400F,CBSFlow,ASTAR,1,1,1,2280,0.372179,NULL,https://github.com/ssfc/rhcr,2025/7/31 13:01,,
-1,random-32-32-20.map,random-32-32-20-random-1.scen,95,12400F,CBSFlow,ASTAR,1,1,1,2302,0.452526,NULL,https://github.com/ssfc/rhcr,2025/7/31 13:01,,
-1,random-32-32-20.map,random-32-32-20-random-1.scen,96,12400F,CBSFlow,ASTAR,1,1,1,2312,0.466823,NULL,https://github.com/ssfc/rhcr,2025/7/31 13:01,,
-1,random-32-32-20.map,random-32-32-20-random-1.scen,97,12400F,CBSFlow,ASTAR,1,1,1,2341,0.676788,NULL,https://github.com/ssfc/rhcr,2025/7/31 13:01,,
-1,random-32-32-20.map,random-32-32-20-random-1.scen,98,12400F,CBSFlow,ASTAR,1,1,1,2356,0.557825,NULL,https://github.com/ssfc/rhcr,2025/7/31 13:01,,
-1,random-32-32-20.map,random-32-32-20-random-1.scen,99,12400F,CBSFlow,ASTAR,1,1,1,2382,0.621909,NULL,https://github.com/ssfc/rhcr,2025/7/31 13:01,,
-1,random-32-32-20.map,random-32-32-20-random-1.scen,100,12400F,CBSFlow,ASTAR,1,1,1,2385,0.447962,NULL,https://github.com/ssfc/rhcr,2025/7/31 13:01,,
-1,random-32-32-20.map,random-32-32-20-random-1.scen,101,12400F,CBSFlow,ASTAR,1,1,1,2440,1.06678,NULL,https://github.com/ssfc/rhcr,2025/7/31 13:01,,
-1,random-32-32-20.map,random-32-32-20-random-1.scen,102,12400F,CBSFlow,ASTAR,1,1,1,2482,0.56516,NULL,https://github.com/ssfc/rhcr,2025/7/31 13:01,,
-1,random-32-32-20.map,random-32-32-20-random-1.scen,103,12400F,CBSFlow,ASTAR,1,1,1,2494,0.690241,NULL,https://github.com/ssfc/rhcr,2025/7/31 13:02,,
-1,random-32-32-20.map,random-32-32-20-random-1.scen,104,12400F,CBSFlow,ASTAR,1,1,1,2520,0.556645,NULL,https://github.com/ssfc/rhcr,2025/7/31 13:02,,
-1,random-32-32-20.map,random-32-32-20-random-1.scen,105,12400F,CBSFlow,ASTAR,1,1,1,2544,0.656358,NULL,https://github.com/ssfc/rhcr,2025/7/31 13:02,,
-1,random-32-32-20.map,random-32-32-20-random-1.scen,106,12400F,CBSFlow,ASTAR,1,1,1,2575,0.636941,NULL,https://github.com/ssfc/rhcr,2025/7/31 13:02,,
-1,random-32-32-20.map,random-32-32-20-random-1.scen,107,12400F,CBSFlow,ASTAR,1,1,1,2612,0.995591,NULL,https://github.com/ssfc/rhcr,2025/7/31 13:02,,
-1,random-32-32-20.map,random-32-32-20-random-1.scen,108,12400F,CBSFlow,ASTAR,1,1,1,2644,0.740677,NULL,https://github.com/ssfc/rhcr,2025/7/31 13:02,,
-1,random-32-32-20.map,random-32-32-20-random-1.scen,109,12400F,CBSFlow,ASTAR,1,1,1,2694,0.806533,NULL,https://github.com/ssfc/rhcr,2025/7/31 13:02,,
-1,random-32-32-20.map,random-32-32-20-random-1.scen,110,12400F,CBSFlow,ASTAR,1,1,1,2741,0.984383,NULL,https://github.com/ssfc/rhcr,2025/7/31 13:02,,
-1,random-32-32-20.map,random-32-32-20-random-1.scen,111,12400F,CBSFlow,ASTAR,1,1,1,2756,0.955815,NULL,https://github.com/ssfc/rhcr,2025/7/31 13:02,,
-1,random-32-32-20.map,random-32-32-20-random-1.scen,112,12400F,CBSFlow,ASTAR,1,1,1,2817,1.18459,NULL,https://github.com/ssfc/rhcr,2025/7/31 13:02,,
-1,random-32-32-20.map,random-32-32-20-random-1.scen,113,12400F,CBSFlow,ASTAR,1,1,1,2830,1.11095,NULL,https://github.com/ssfc/rhcr,2025/7/31 13:02,,
-1,random-32-32-20.map,random-32-32-20-random-1.scen,114,12400F,CBSFlow,ASTAR,1,1,1,2866,1.18259,NULL,https://github.com/ssfc/rhcr,2025/7/31 13:02,,
-1,random-32-32-20.map,random-32-32-20-random-1.scen,115,12400F,CBSFlow,ASTAR,1,1,1,2901,1.05266,NULL,https://github.com/ssfc/rhcr,2025/7/31 13:02,,
-1,random-32-32-20.map,random-32-32-20-random-1.scen,116,12400F,CBSFlow,ASTAR,1,1,1,2936,1.09445,NULL,https://github.com/ssfc/rhcr,2025/7/31 13:02,,
-1,random-32-32-20.map,random-32-32-20-random-1.scen,117,12400F,CBSFlow,ASTAR,1,1,1,2943,0.874702,NULL,https://github.com/ssfc/rhcr,2025/7/31 13:02,,
-1,random-32-32-20.map,random-32-32-20-random-1.scen,118,12400F,CBSFlow,ASTAR,1,1,1,2978,1.15944,NULL,https://github.com/ssfc/rhcr,2025/7/31 13:24,,
-1,random-32-32-20.map,random-32-32-20-random-1.scen,119,12400F,CBSFlow,ASTAR,1,1,1,3007,0.859928,NULL,https://github.com/ssfc/rhcr,2025/7/31 13:24,,
-1,random-32-32-20.map,random-32-32-20-random-1.scen,120,12400F,CBSFlow,ASTAR,1,1,1,3079,1.4306,NULL,https://github.com/ssfc/rhcr,2025/7/31 13:24,,
-1,random-32-32-20.map,random-32-32-20-random-1.scen,121,12400F,CBSFlow,ASTAR,1,1,1,3083,1.40522,NULL,https://github.com/ssfc/rhcr,2025/7/31 13:24,,
-1,random-32-32-20.map,random-32-32-20-random-1.scen,123,12400F,CBSFlow,ASTAR,1,1,1,3117,1.12501,NULL,https://github.com/ssfc/rhcr,2025/7/31 14:11,,
-1,random-32-32-20.map,random-32-32-20-random-1.scen,124,12400F,CBSFlow,ASTAR,1,1,1,3148,1.20368,NULL,https://github.com/ssfc/rhcr,2025/7/31 14:11,,
-1,random-32-32-20.map,random-32-32-20-random-1.scen,125,12400F,CBSFlow,ASTAR,1,1,1,3161,1.10926,NULL,https://github.com/ssfc/rhcr,2025/7/31 14:11,,
-1,random-32-32-20.map,random-32-32-20-random-1.scen,126,12400F,CBSFlow,ASTAR,1,1,1,3203,1.2805,NULL,https://github.com/ssfc/rhcr,2025/7/31 14:11,,
-1,random-32-32-20.map,random-32-32-20-random-1.scen,127,12400F,CBSFlow,ASTAR,1,1,1,3231,1.51357,NULL,https://github.com/ssfc/rhcr,2025/7/31 14:11,,
-1,random-32-32-20.map,random-32-32-20-random-1.scen,128,12400F,CBSFlow,ASTAR,1,1,1,3226,1.2005,NULL,https://github.com/ssfc/rhcr,2025/7/31 14:12,,
-1,random-32-32-20.map,random-32-32-20-random-1.scen,129,12400F,CBSFlow,ASTAR,1,1,1,3261,1.30785,NULL,https://github.com/ssfc/rhcr,2025/7/31 14:12,,
-1,random-32-32-20.map,random-32-32-20-random-1.scen,130,12400F,CBSFlow,ASTAR,1,1,1,3289,1.51977,NULL,https://github.com/ssfc/rhcr,2025/7/31 14:12,,
-1,random-32-32-20.map,random-32-32-20-random-1.scen,131,12400F,CBSFlow,ASTAR,1,1,1,3290,1.21726,NULL,https://github.com/ssfc/rhcr,2025/7/31 14:12,,
-1,random-32-32-20.map,random-32-32-20-random-1.scen,132,12400F,CBSFlow,ASTAR,1,1,1,3326,1.31198,NULL,https://github.com/ssfc/rhcr,2025/7/31 14:12,,
-1,random-32-32-20.map,random-32-32-20-random-1.scen,133,12400F,CBSFlow,ASTAR,1,1,1,3369,1.75494,NULL,https://github.com/ssfc/rhcr,2025/7/31 14:12,,
-1,random-32-32-20.map,random-32-32-20-random-1.scen,134,12400F,CBSFlow,ASTAR,1,1,1,3385,1.5585,NULL,https://github.com/ssfc/rhcr,2025/7/31 14:12,,
-1,random-32-32-20.map,random-32-32-20-random-1.scen,135,12400F,CBSFlow,ASTAR,1,1,1,3399,1.49522,NULL,https://github.com/ssfc/rhcr,2025/7/31 14:12,,
-1,random-32-32-20.map,random-32-32-20-random-1.scen,136,12400F,CBSFlow,ASTAR,1,1,1,3421,1.16098,NULL,https://github.com/ssfc/rhcr,2025/7/31 14:12,,
-1,random-32-32-20.map,random-32-32-20-random-1.scen,137,12400F,CBSFlow,ASTAR,1,1,1,3430,1.14195,NULL,https://github.com/ssfc/rhcr,2025/7/31 14:12,,
-1,random-32-32-20.map,random-32-32-20-random-1.scen,138,12400F,CBSFlow,ASTAR,1,1,1,3487,1.36744,NULL,https://github.com/ssfc/rhcr,2025/7/31 14:12,,
-1,random-32-32-20.map,random-32-32-20-random-1.scen,139,12400F,CBSFlow,ASTAR,1,1,1,3504,1.30394,NULL,https://github.com/ssfc/rhcr,2025/7/31 14:13,,
-1,random-32-32-20.map,random-32-32-20-random-1.scen,140,12400F,CBSFlow,ASTAR,1,1,1,3532,1.48559,NULL,https://github.com/ssfc/rhcr,2025/7/31 14:13,,
-1,random-32-32-20.map,random-32-32-20-random-1.scen,141,12400F,CBSFlow,ASTAR,1,1,1,3593,1.35417,NULL,https://github.com/ssfc/rhcr,2025/7/31 14:13,,
-1,random-32-32-20.map,random-32-32-20-random-1.scen,142,12400F,CBSFlow,ASTAR,1,1,1,3603,1.79234,NULL,https://github.com/ssfc/rhcr,2025/7/31 14:13,,
-1,random-32-32-20.map,random-32-32-20-random-1.scen,143,12400F,CBSFlow,ASTAR,1,1,1,3613,1.66336,NULL,https://github.com/ssfc/rhcr,2025/7/31 14:13,,
-1,random-32-32-20.map,random-32-32-20-random-1.scen,144,12400F,CBSFlow,ASTAR,1,1,1,3652,1.97056,NULL,https://github.com/ssfc/rhcr,2025/7/31 14:13,,
-1,random-32-32-20.map,random-32-32-20-random-1.scen,145,12400F,CBSFlow,ASTAR,1,1,1,3671,1.87056,NULL,https://github.com/ssfc/rhcr,2025/7/31 14:13,,
-1,random-32-32-20.map,random-32-32-20-random-1.scen,146,12400F,CBSFlow,ASTAR,1,1,1,3673,1.86978,NULL,https://github.com/ssfc/rhcr,2025/7/31 14:13,,
-1,random-32-32-20.map,random-32-32-20-random-1.scen,147,12400F,CBSFlow,ASTAR,1,1,1,3716,1.74411,NULL,https://github.com/ssfc/rhcr,2025/7/31 14:14,,
-1,random-32-32-20.map,random-32-32-20-random-1.scen,148,12400F,CBSFlow,ASTAR,1,1,1,3756,1.64185,NULL,https://github.com/ssfc/rhcr,2025/7/31 14:14,,
-1,random-32-32-20.map,random-32-32-20-random-1.scen,149,12400F,CBSFlow,ASTAR,1,1,1,3765,1.84506,NULL,https://github.com/ssfc/rhcr,2025/7/31 14:14,,
-1,random-32-32-20.map,random-32-32-20-random-1.scen,150,12400F,CBSFlow,ASTAR,1,1,1,3804,1.63485,NULL,https://github.com/ssfc/rhcr,2025/7/31 14:14,,
-1,random-32-32-20.map,random-32-32-20-random-1.scen,151,12400F,CBSFlow,ASTAR,1,1,1,3823,2.08278,NULL,https://github.com/ssfc/rhcr,2025/7/31 14:14,,
-1,random-32-32-20.map,random-32-32-20-random-1.scen,152,12400F,CBSFlow,ASTAR,1,1,1,3840,1.86601,NULL,https://github.com/ssfc/rhcr,2025/7/31 14:14,,
-1,random-32-32-20.map,random-32-32-20-random-1.scen,153,12400F,CBSFlow,ASTAR,1,1,1,3882,2.10181,NULL,https://github.com/ssfc/rhcr,2025/7/31 14:14,,
-1,random-32-32-20.map,random-32-32-20-random-1.scen,154,12400F,CBSFlow,ASTAR,1,1,1,3907,2.17919,NULL,https://github.com/ssfc/rhcr,2025/7/31 14:14,,
-1,random-32-32-20.map,random-32-32-20-random-1.scen,155,12400F,CBSFlow,ASTAR,1,1,1,3938,2.23183,NULL,https://github.com/ssfc/rhcr,2025/7/31 14:14,,
-1,random-32-32-20.map,random-32-32-20-random-1.scen,156,12400F,CBSFlow,ASTAR,1,1,1,3979,2.28744,NULL,https://github.com/ssfc/rhcr,2025/7/31 14:14,,
-1,random-32-32-20.map,random-32-32-20-random-1.scen,157,12400F,CBSFlow,ASTAR,1,1,1,4003,2.34268,NULL,https://github.com/ssfc/rhcr,2025/7/31 14:14,,
-1,random-32-32-20.map,random-32-32-20-random-1.scen,158,12400F,CBSFlow,ASTAR,1,1,1,3995,2.16595,NULL,https://github.com/ssfc/rhcr,2025/7/31 14:14,,
-1,random-32-32-20.map,random-32-32-20-random-1.scen,159,12400F,CBSFlow,ASTAR,1,1,1,3996,1.77502,NULL,https://github.com/ssfc/rhcr,2025/7/31 14:14,,
-1,random-32-32-20.map,random-32-32-20-random-1.scen,160,12400F,CBSFlow,ASTAR,1,1,1,4017,2.19592,NULL,https://github.com/ssfc/rhcr,2025/7/31 14:15,,
-1,random-32-32-20.map,random-32-32-20-random-1.scen,161,12400F,CBSFlow,ASTAR,1,1,1,4023,2.07631,NULL,https://github.com/ssfc/rhcr,2025/7/31 14:15,,
-1,random-32-32-20.map,random-32-32-20-random-1.scen,162,12400F,CBSFlow,ASTAR,1,1,1,4063,2.72728,NULL,https://github.com/ssfc/rhcr,2025/7/31 14:15,,
-1,random-32-32-20.map,random-32-32-20-random-1.scen,163,12400F,CBSFlow,ASTAR,1,1,1,4059,2.3528,NULL,https://github.com/ssfc/rhcr,2025/7/31 14:15,,
-1,random-32-32-20.map,random-32-32-20-random-1.scen,164,12400F,CBSFlow,ASTAR,1,1,1,4100,2.75595,NULL,https://github.com/ssfc/rhcr,2025/7/31 14:15,,
-1,random-32-32-20.map,random-32-32-20-random-1.scen,165,12400F,CBSFlow,ASTAR,1,1,1,4081,2.0243,NULL,https://github.com/ssfc/rhcr,2025/7/31 14:15,,
-1,random-32-32-20.map,random-32-32-20-random-1.scen,166,12400F,CBSFlow,ASTAR,1,1,1,4145,2.73057,NULL,https://github.com/ssfc/rhcr,2025/7/31 14:15,,
-1,random-32-32-20.map,random-32-32-20-random-1.scen,167,12400F,CBSFlow,ASTAR,1,1,1,4146,2.22183,NULL,https://github.com/ssfc/rhcr,2025/7/31 14:15,,
-1,random-32-32-20.map,random-32-32-20-random-1.scen,169,12400F,CBSFlow,ASTAR,1,1,1,4181,2.12368,NULL,https://github.com/ssfc/rhcr,2025/7/31 14:17,,
-1,random-32-32-20.map,random-32-32-20-random-1.scen,170,12400F,CBSFlow,ASTAR,1,1,1,4189,1.93635,NULL,https://github.com/ssfc/rhcr,2025/7/31 14:17,,
-1,random-32-32-20.map,random-32-32-20-random-1.scen,171,12400F,CBSFlow,ASTAR,1,1,1,4234,2.06849,NULL,https://github.com/ssfc/rhcr,2025/7/31 14:17,,
-1,random-32-32-20.map,random-32-32-20-random-1.scen,172,12400F,CBSFlow,ASTAR,1,1,1,4290,3.10272,NULL,https://github.com/ssfc/rhcr,2025/7/31 14:17,,
-1,random-32-32-20.map,random-32-32-20-random-1.scen,173,12400F,CBSFlow,ASTAR,1,1,1,4260,1.92015,NULL,https://github.com/ssfc/rhcr,2025/7/31 14:17,,
-1,random-32-32-20.map,assets/random-32-32-20-random-1.scen,1,12400F,Lacam,PIBT,-1,-1,-1,36,0,NULL,https://github.com/ssfc/lacam0,2025/8/5 19:36,,
-1,random-32-32-20.map,assets/random-32-32-20-random-1.scen,2,12400F,Lacam,PIBT,-1,-1,-1,50,0.001,NULL,https://github.com/ssfc/lacam0,2025/8/5 19:36,,
-1,random-32-32-20.map,assets/random-32-32-20-random-1.scen,3,12400F,Lacam,PIBT,-1,-1,-1,79,0.001,NULL,https://github.com/ssfc/lacam0,2025/8/5 19:36,,
-1,random-32-32-20.map,assets/random-32-32-20-random-1.scen,4,12400F,Lacam,PIBT,-1,-1,-1,99,0.001,NULL,https://github.com/ssfc/lacam0,2025/8/5 19:36,,
-1,random-32-32-20.map,assets/random-32-32-20-random-1.scen,5,12400F,Lacam,PIBT,-1,-1,-1,130,0.001,NULL,https://github.com/ssfc/lacam0,2025/8/5 19:36,,
-1,random-32-32-20.map,assets/random-32-32-20-random-1.scen,6,12400F,Lacam,PIBT,-1,-1,-1,158,0,NULL,https://github.com/ssfc/lacam0,2025/8/5 19:36,,
-1,random-32-32-20.map,assets/random-32-32-20-random-1.scen,7,12400F,Lacam,PIBT,-1,-1,-1,173,0,NULL,https://github.com/ssfc/lacam0,2025/8/5 19:36,,
-1,random-32-32-20.map,assets/random-32-32-20-random-1.scen,8,12400F,Lacam,PIBT,-1,-1,-1,181,0.001,NULL,https://github.com/ssfc/lacam0,2025/8/5 19:36,,
-1,random-32-32-20.map,assets/random-32-32-20-random-1.scen,9,12400F,Lacam,PIBT,-1,-1,-1,183,0.001,NULL,https://github.com/ssfc/lacam0,2025/8/5 19:36,,
-1,random-32-32-20.map,assets/random-32-32-20-random-1.scen,10,12400F,Lacam,PIBT,-1,-1,-1,202,0.001,NULL,https://github.com/ssfc/lacam0,2025/8/5 19:36,,
-1,random-32-32-20.map,assets/random-32-32-20-random-1.scen,11,12400F,Lacam,PIBT,-1,-1,-1,220,0.001,NULL,https://github.com/ssfc/lacam0,2025/8/5 19:36,,
-1,random-32-32-20.map,assets/random-32-32-20-random-1.scen,12,12400F,Lacam,PIBT,-1,-1,-1,247,0.001,NULL,https://github.com/ssfc/lacam0,2025/8/5 19:36,,
-1,random-32-32-20.map,assets/random-32-32-20-random-1.scen,13,12400F,Lacam,PIBT,-1,-1,-1,260,0.001,NULL,https://github.com/ssfc/lacam0,2025/8/5 19:36,,
-1,random-32-32-20.map,assets/random-32-32-20-random-1.scen,14,12400F,Lacam,PIBT,-1,-1,-1,310,0.002,NULL,https://github.com/ssfc/lacam0,2025/8/5 19:36,,
-1,random-32-32-20.map,assets/random-32-32-20-random-1.scen,15,12400F,Lacam,PIBT,-1,-1,-1,333,0.002,NULL,https://github.com/ssfc/lacam0,2025/8/5 19:36,,
-1,random-32-32-20.map,assets/random-32-32-20-random-1.scen,16,12400F,Lacam,PIBT,-1,-1,-1,371,0.002,NULL,https://github.com/ssfc/lacam0,2025/8/5 19:36,,
-1,random-32-32-20.map,assets/random-32-32-20-random-1.scen,17,12400F,Lacam,PIBT,-1,-1,-1,391,0.002,NULL,https://github.com/ssfc/lacam0,2025/8/5 19:36,,
-1,random-32-32-20.map,assets/random-32-32-20-random-1.scen,18,12400F,Lacam,PIBT,-1,-1,-1,408,0.001,NULL,https://github.com/ssfc/lacam0,2025/8/5 19:36,,
-1,random-32-32-20.map,assets/random-32-32-20-random-1.scen,19,12400F,Lacam,PIBT,-1,-1,-1,415,0.001,NULL,https://github.com/ssfc/lacam0,2025/8/5 19:36,,
-1,random-32-32-20.map,assets/random-32-32-20-random-1.scen,20,12400F,Lacam,PIBT,-1,-1,-1,425,0.001,NULL,https://github.com/ssfc/lacam0,2025/8/5 19:36,,
-1,random-32-32-20.map,assets/random-32-32-20-random-1.scen,21,12400F,Lacam,PIBT,-1,-1,-1,464,0.001,NULL,https://github.com/ssfc/lacam0,2025/8/5 19:36,,
-1,random-32-32-20.map,assets/random-32-32-20-random-1.scen,22,12400F,Lacam,PIBT,-1,-1,-1,470,0,NULL,https://github.com/ssfc/lacam0,2025/8/5 19:36,,
-1,random-32-32-20.map,assets/random-32-32-20-random-1.scen,23,12400F,Lacam,PIBT,-1,-1,-1,498,0,NULL,https://github.com/ssfc/lacam0,2025/8/5 19:36,,
-1,random-32-32-20.map,assets/random-32-32-20-random-1.scen,24,12400F,Lacam,PIBT,-1,-1,-1,537,0,NULL,https://github.com/ssfc/lacam0,2025/8/5 19:36,,
-1,random-32-32-20.map,assets/random-32-32-20-random-1.scen,25,12400F,Lacam,PIBT,-1,-1,-1,557,0,NULL,https://github.com/ssfc/lacam0,2025/8/5 19:36,,
-1,random-32-32-20.map,assets/random-32-32-20-random-1.scen,26,12400F,Lacam,PIBT,-1,-1,-1,587,0,NULL,https://github.com/ssfc/lacam0,2025/8/5 19:36,,
-1,random-32-32-20.map,assets/random-32-32-20-random-1.scen,27,12400F,Lacam,PIBT,-1,-1,-1,620,0,NULL,https://github.com/ssfc/lacam0,2025/8/5 19:36,,
-1,random-32-32-20.map,assets/random-32-32-20-random-1.scen,28,12400F,Lacam,PIBT,-1,-1,-1,629,0,NULL,https://github.com/ssfc/lacam0,2025/8/5 19:36,,
-1,random-32-32-20.map,assets/random-32-32-20-random-1.scen,29,12400F,Lacam,PIBT,-1,-1,-1,646,0,NULL,https://github.com/ssfc/lacam0,2025/8/5 19:36,,
-1,random-32-32-20.map,assets/random-32-32-20-random-1.scen,30,12400F,Lacam,PIBT,-1,-1,-1,677,0,NULL,https://github.com/ssfc/lacam0,2025/8/5 19:36,,
-1,random-32-32-20.map,assets/random-32-32-20-random-1.scen,31,12400F,Lacam,PIBT,-1,-1,-1,697,0,NULL,https://github.com/ssfc/lacam0,2025/8/5 19:36,,
-1,random-32-32-20.map,assets/random-32-32-20-random-1.scen,32,12400F,Lacam,PIBT,-1,-1,-1,716,0.001,NULL,https://github.com/ssfc/lacam0,2025/8/5 19:36,,
-1,random-32-32-20.map,assets/random-32-32-20-random-1.scen,33,12400F,Lacam,PIBT,-1,-1,-1,726,0.001,NULL,https://github.com/ssfc/lacam0,2025/8/5 19:36,,
-1,random-32-32-20.map,assets/random-32-32-20-random-1.scen,34,12400F,Lacam,PIBT,-1,-1,-1,758,0.001,NULL,https://github.com/ssfc/lacam0,2025/8/5 19:36,,
-1,random-32-32-20.map,assets/random-32-32-20-random-1.scen,35,12400F,Lacam,PIBT,-1,-1,-1,785,0.001,NULL,https://github.com/ssfc/lacam0,2025/8/5 19:36,,
-1,random-32-32-20.map,assets/random-32-32-20-random-1.scen,36,12400F,Lacam,PIBT,-1,-1,-1,843,0.001,NULL,https://github.com/ssfc/lacam0,2025/8/5 19:36,,
-1,random-32-32-20.map,assets/random-32-32-20-random-1.scen,37,12400F,Lacam,PIBT,-1,-1,-1,845,0.001,NULL,https://github.com/ssfc/lacam0,2025/8/5 19:36,,
-1,random-32-32-20.map,assets/random-32-32-20-random-1.scen,38,12400F,Lacam,PIBT,-1,-1,-1,870,0.002,NULL,https://github.com/ssfc/lacam0,2025/8/5 19:36,,
-1,random-32-32-20.map,assets/random-32-32-20-random-1.scen,39,12400F,Lacam,PIBT,-1,-1,-1,877,0.001,NULL,https://github.com/ssfc/lacam0,2025/8/5 19:36,,
-1,random-32-32-20.map,assets/random-32-32-20-random-1.scen,40,12400F,Lacam,PIBT,-1,-1,-1,905,0.002,NULL,https://github.com/ssfc/lacam0,2025/8/5 19:36,,
-1,random-32-32-20.map,assets/random-32-32-20-random-1.scen,41,12400F,Lacam,PIBT,-1,-1,-1,922,0.002,NULL,https://github.com/ssfc/lacam0,2025/8/5 19:36,,
-1,random-32-32-20.map,assets/random-32-32-20-random-1.scen,42,12400F,Lacam,PIBT,-1,-1,-1,932,0.001,NULL,https://github.com/ssfc/lacam0,2025/8/5 19:36,,
-1,random-32-32-20.map,assets/random-32-32-20-random-1.scen,43,12400F,Lacam,PIBT,-1,-1,-1,984,0.001,NULL,https://github.com/ssfc/lacam0,2025/8/5 19:36,,
-1,random-32-32-20.map,assets/random-32-32-20-random-1.scen,44,12400F,Lacam,PIBT,-1,-1,-1,1024,0.001,NULL,https://github.com/ssfc/lacam0,2025/8/5 19:36,,
-1,random-32-32-20.map,assets/random-32-32-20-random-1.scen,45,12400F,Lacam,PIBT,-1,-1,-1,1087,0.001,NULL,https://github.com/ssfc/lacam0,2025/8/5 19:36,,
-1,random-32-32-20.map,assets/random-32-32-20-random-1.scen,46,12400F,Lacam,PIBT,-1,-1,-1,1123,0.001,NULL,https://github.com/ssfc/lacam0,2025/8/5 19:36,,
-1,random-32-32-20.map,assets/random-32-32-20-random-1.scen,47,12400F,Lacam,PIBT,-1,-1,-1,1144,0.001,NULL,https://github.com/ssfc/lacam0,2025/8/5 19:36,,
-1,random-32-32-20.map,assets/random-32-32-20-random-1.scen,48,12400F,Lacam,PIBT,-1,-1,-1,1198,0.001,NULL,https://github.com/ssfc/lacam0,2025/8/5 19:36,,
-1,random-32-32-20.map,assets/random-32-32-20-random-1.scen,49,12400F,Lacam,PIBT,-1,-1,-1,1197,0.001,NULL,https://github.com/ssfc/lacam0,2025/8/5 19:36,,
-1,random-32-32-20.map,assets/random-32-32-20-random-1.scen,50,12400F,Lacam,PIBT,-1,-1,-1,1253,0.001,NULL,https://github.com/ssfc/lacam0,2025/8/5 19:36,,
-1,random-32-32-20.map,assets/random-32-32-20-random-1.scen,51,12400F,Lacam,PIBT,-1,-1,-1,1292,0.001,NULL,https://github.com/ssfc/lacam0,2025/8/5 19:36,,
-1,random-32-32-20.map,assets/random-32-32-20-random-1.scen,52,12400F,Lacam,PIBT,-1,-1,-1,1269,0.001,NULL,https://github.com/ssfc/lacam0,2025/8/5 19:36,,
-1,random-32-32-20.map,assets/random-32-32-20-random-1.scen,53,12400F,Lacam,PIBT,-1,-1,-1,1311,0.001,NULL,https://github.com/ssfc/lacam0,2025/8/5 19:36,,
-1,random-32-32-20.map,assets/random-32-32-20-random-1.scen,54,12400F,Lacam,PIBT,-1,-1,-1,1359,0.001,NULL,https://github.com/ssfc/lacam0,2025/8/5 19:36,,
-1,random-32-32-20.map,assets/random-32-32-20-random-1.scen,55,12400F,Lacam,PIBT,-1,-1,-1,1358,0.001,NULL,https://github.com/ssfc/lacam0,2025/8/5 19:36,,
-1,random-32-32-20.map,assets/random-32-32-20-random-1.scen,56,12400F,Lacam,PIBT,-1,-1,-1,1402,0.001,NULL,https://github.com/ssfc/lacam0,2025/8/5 19:36,,
-1,random-32-32-20.map,assets/random-32-32-20-random-1.scen,57,12400F,Lacam,PIBT,-1,-1,-1,1482,0.001,NULL,https://github.com/ssfc/lacam0,2025/8/5 19:36,,
-1,random-32-32-20.map,assets/random-32-32-20-random-1.scen,58,12400F,Lacam,PIBT,-1,-1,-1,1510,0.001,NULL,https://github.com/ssfc/lacam0,2025/8/5 19:36,,
-1,random-32-32-20.map,assets/random-32-32-20-random-1.scen,59,12400F,Lacam,PIBT,-1,-1,-1,1544,0.001,NULL,https://github.com/ssfc/lacam0,2025/8/5 19:36,,
-1,random-32-32-20.map,assets/random-32-32-20-random-1.scen,60,12400F,Lacam,PIBT,-1,-1,-1,1615,0.002,NULL,https://github.com/ssfc/lacam0,2025/8/5 19:36,,
-1,random-32-32-20.map,assets/random-32-32-20-random-1.scen,61,12400F,Lacam,PIBT,-1,-1,-1,1606,0.002,NULL,https://github.com/ssfc/lacam0,2025/8/5 19:36,,
-1,random-32-32-20.map,assets/random-32-32-20-random-1.scen,62,12400F,Lacam,PIBT,-1,-1,-1,1631,0.001,NULL,https://github.com/ssfc/lacam0,2025/8/5 19:36,,
-1,random-32-32-20.map,assets/random-32-32-20-random-1.scen,63,12400F,Lacam,PIBT,-1,-1,-1,1693,0.001,NULL,https://github.com/ssfc/lacam0,2025/8/5 19:36,,
-1,random-32-32-20.map,assets/random-32-32-20-random-1.scen,64,12400F,Lacam,PIBT,-1,-1,-1,1648,0.001,NULL,https://github.com/ssfc/lacam0,2025/8/5 19:36,,
-1,random-32-32-20.map,assets/random-32-32-20-random-1.scen,65,12400F,Lacam,PIBT,-1,-1,-1,1678,0.001,NULL,https://github.com/ssfc/lacam0,2025/8/5 19:36,,
-1,random-32-32-20.map,assets/random-32-32-20-random-1.scen,66,12400F,Lacam,PIBT,-1,-1,-1,1748,0.001,NULL,https://github.com/ssfc/lacam0,2025/8/5 19:36,,
-1,random-32-32-20.map,assets/random-32-32-20-random-1.scen,67,12400F,Lacam,PIBT,-1,-1,-1,1755,0.001,NULL,https://github.com/ssfc/lacam0,2025/8/5 19:36,,
-1,random-32-32-20.map,assets/random-32-32-20-random-1.scen,68,12400F,Lacam,PIBT,-1,-1,-1,1822,0.001,NULL,https://github.com/ssfc/lacam0,2025/8/5 19:36,,
-1,random-32-32-20.map,assets/random-32-32-20-random-1.scen,69,12400F,Lacam,PIBT,-1,-1,-1,1835,0.001,NULL,https://github.com/ssfc/lacam0,2025/8/5 19:36,,
-1,random-32-32-20.map,assets/random-32-32-20-random-1.scen,70,12400F,Lacam,PIBT,-1,-1,-1,1819,0.001,NULL,https://github.com/ssfc/lacam0,2025/8/5 19:36,,
-1,random-32-32-20.map,assets/random-32-32-20-random-1.scen,71,12400F,Lacam,PIBT,-1,-1,-1,1948,0.001,NULL,https://github.com/ssfc/lacam0,2025/8/5 19:36,,
-1,random-32-32-20.map,assets/random-32-32-20-random-1.scen,72,12400F,Lacam,PIBT,-1,-1,-1,1988,0.001,NULL,https://github.com/ssfc/lacam0,2025/8/5 19:36,,
-1,random-32-32-20.map,assets/random-32-32-20-random-1.scen,73,12400F,Lacam,PIBT,-1,-1,-1,1968,0.002,NULL,https://github.com/ssfc/lacam0,2025/8/5 19:36,,
-1,random-32-32-20.map,assets/random-32-32-20-random-1.scen,74,12400F,Lacam,PIBT,-1,-1,-1,1974,0.002,NULL,https://github.com/ssfc/lacam0,2025/8/5 19:36,,
-1,random-32-32-20.map,assets/random-32-32-20-random-1.scen,75,12400F,Lacam,PIBT,-1,-1,-1,1986,0.001,NULL,https://github.com/ssfc/lacam0,2025/8/5 19:36,,
-1,random-32-32-20.map,assets/random-32-32-20-random-1.scen,76,12400F,Lacam,PIBT,-1,-1,-1,2055,0.001,NULL,https://github.com/ssfc/lacam0,2025/8/5 19:36,,
-1,random-32-32-20.map,assets/random-32-32-20-random-1.scen,77,12400F,Lacam,PIBT,-1,-1,-1,2050,0.001,NULL,https://github.com/ssfc/lacam0,2025/8/5 19:36,,
-1,random-32-32-20.map,assets/random-32-32-20-random-1.scen,78,12400F,Lacam,PIBT,-1,-1,-1,2055,0.001,NULL,https://github.com/ssfc/lacam0,2025/8/5 19:36,,
-1,random-32-32-20.map,assets/random-32-32-20-random-1.scen,79,12400F,Lacam,PIBT,-1,-1,-1,2084,0.001,NULL,https://github.com/ssfc/lacam0,2025/8/5 19:36,,
-1,random-32-32-20.map,assets/random-32-32-20-random-1.scen,80,12400F,Lacam,PIBT,-1,-1,-1,2229,0.001,NULL,https://github.com/ssfc/lacam0,2025/8/5 19:36,,
-1,random-32-32-20.map,assets/random-32-32-20-random-1.scen,81,12400F,Lacam,PIBT,-1,-1,-1,2259,0.002,NULL,https://github.com/ssfc/lacam0,2025/8/5 19:36,,
-1,random-32-32-20.map,assets/random-32-32-20-random-1.scen,82,12400F,Lacam,PIBT,-1,-1,-1,2186,0.002,NULL,https://github.com/ssfc/lacam0,2025/8/5 19:36,,
-1,random-32-32-20.map,assets/random-32-32-20-random-1.scen,83,12400F,Lacam,PIBT,-1,-1,-1,2191,0.002,NULL,https://github.com/ssfc/lacam0,2025/8/5 19:36,,
-1,random-32-32-20.map,assets/random-32-32-20-random-1.scen,84,12400F,Lacam,PIBT,-1,-1,-1,2259,0.002,NULL,https://github.com/ssfc/lacam0,2025/8/5 19:36,,
-1,random-32-32-20.map,assets/random-32-32-20-random-1.scen,85,12400F,Lacam,PIBT,-1,-1,-1,2447,0.002,NULL,https://github.com/ssfc/lacam0,2025/8/5 19:36,,
-1,random-32-32-20.map,assets/random-32-32-20-random-1.scen,86,12400F,Lacam,PIBT,-1,-1,-1,2395,0.002,NULL,https://github.com/ssfc/lacam0,2025/8/5 19:36,,
-1,random-32-32-20.map,assets/random-32-32-20-random-1.scen,87,12400F,Lacam,PIBT,-1,-1,-1,2407,0.002,NULL,https://github.com/ssfc/lacam0,2025/8/5 19:36,,
-1,random-32-32-20.map,assets/random-32-32-20-random-1.scen,88,12400F,Lacam,PIBT,-1,-1,-1,2388,0.002,NULL,https://github.com/ssfc/lacam0,2025/8/5 19:36,,
-1,random-32-32-20.map,assets/random-32-32-20-random-1.scen,89,12400F,Lacam,PIBT,-1,-1,-1,2420,0.002,NULL,https://github.com/ssfc/lacam0,2025/8/5 19:36,,
-1,random-32-32-20.map,assets/random-32-32-20-random-1.scen,90,12400F,Lacam,PIBT,-1,-1,-1,2534,0.002,NULL,https://github.com/ssfc/lacam0,2025/8/5 19:36,,
-1,random-32-32-20.map,assets/random-32-32-20-random-1.scen,91,12400F,Lacam,PIBT,-1,-1,-1,2568,0.002,NULL,https://github.com/ssfc/lacam0,2025/8/5 19:36,,
-1,random-32-32-20.map,assets/random-32-32-20-random-1.scen,92,12400F,Lacam,PIBT,-1,-1,-1,2552,0.002,NULL,https://github.com/ssfc/lacam0,2025/8/5 19:36,,
-1,random-32-32-20.map,assets/random-32-32-20-random-1.scen,93,12400F,Lacam,PIBT,-1,-1,-1,2598,0.002,NULL,https://github.com/ssfc/lacam0,2025/8/5 19:36,,
-1,random-32-32-20.map,assets/random-32-32-20-random-1.scen,94,12400F,Lacam,PIBT,-1,-1,-1,2614,0.002,NULL,https://github.com/ssfc/lacam0,2025/8/5 19:36,,
-1,random-32-32-20.map,assets/random-32-32-20-random-1.scen,95,12400F,Lacam,PIBT,-1,-1,-1,2624,0.002,NULL,https://github.com/ssfc/lacam0,2025/8/5 19:36,,
-1,random-32-32-20.map,assets/random-32-32-20-random-1.scen,96,12400F,Lacam,PIBT,-1,-1,-1,2689,0.002,NULL,https://github.com/ssfc/lacam0,2025/8/5 19:36,,
-1,random-32-32-20.map,assets/random-32-32-20-random-1.scen,97,12400F,Lacam,PIBT,-1,-1,-1,2712,0.002,NULL,https://github.com/ssfc/lacam0,2025/8/5 19:36,,
-1,random-32-32-20.map,assets/random-32-32-20-random-1.scen,98,12400F,Lacam,PIBT,-1,-1,-1,2695,0.002,NULL,https://github.com/ssfc/lacam0,2025/8/5 19:36,,
-1,random-32-32-20.map,assets/random-32-32-20-random-1.scen,99,12400F,Lacam,PIBT,-1,-1,-1,2774,0.002,NULL,https://github.com/ssfc/lacam0,2025/8/5 19:36,,
-1,random-32-32-20.map,assets/random-32-32-20-random-1.scen,100,12400F,Lacam,PIBT,-1,-1,-1,2714,0.002,NULL,https://github.com/ssfc/lacam0,2025/8/5 19:36,,
-1,random-32-32-20.map,assets/random-32-32-20-random-1.scen,101,12400F,Lacam,PIBT,-1,-1,-1,2785,0.002,NULL,https://github.com/ssfc/lacam0,2025/8/5 19:36,,
-1,random-32-32-20.map,assets/random-32-32-20-random-1.scen,102,12400F,Lacam,PIBT,-1,-1,-1,2893,0.002,NULL,https://github.com/ssfc/lacam0,2025/8/5 19:36,,
-1,random-32-32-20.map,assets/random-32-32-20-random-1.scen,103,12400F,Lacam,PIBT,-1,-1,-1,2967,0.003,NULL,https://github.com/ssfc/lacam0,2025/8/5 19:36,,
-1,random-32-32-20.map,assets/random-32-32-20-random-1.scen,104,12400F,Lacam,PIBT,-1,-1,-1,2984,0.003,NULL,https://github.com/ssfc/lacam0,2025/8/5 19:36,,
-1,random-32-32-20.map,assets/random-32-32-20-random-1.scen,105,12400F,Lacam,PIBT,-1,-1,-1,2948,0.002,NULL,https://github.com/ssfc/lacam0,2025/8/5 19:36,,
-1,random-32-32-20.map,assets/random-32-32-20-random-1.scen,106,12400F,Lacam,PIBT,-1,-1,-1,2992,0.002,NULL,https://github.com/ssfc/lacam0,2025/8/5 19:36,,
-1,random-32-32-20.map,assets/random-32-32-20-random-1.scen,107,12400F,Lacam,PIBT,-1,-1,-1,3126,0.002,NULL,https://github.com/ssfc/lacam0,2025/8/5 19:36,,
-1,random-32-32-20.map,assets/random-32-32-20-random-1.scen,108,12400F,Lacam,PIBT,-1,-1,-1,3127,0.002,NULL,https://github.com/ssfc/lacam0,2025/8/5 19:36,,
-1,random-32-32-20.map,assets/random-32-32-20-random-1.scen,109,12400F,Lacam,PIBT,-1,-1,-1,3183,0.002,NULL,https://github.com/ssfc/lacam0,2025/8/5 19:36,,
-1,random-32-32-20.map,assets/random-32-32-20-random-1.scen,110,12400F,Lacam,PIBT,-1,-1,-1,3192,0.002,NULL,https://github.com/ssfc/lacam0,2025/8/5 19:36,,
-1,random-32-32-20.map,assets/random-32-32-20-random-1.scen,111,12400F,Lacam,PIBT,-1,-1,-1,3262,0.002,NULL,https://github.com/ssfc/lacam0,2025/8/5 19:36,,
-1,random-32-32-20.map,assets/random-32-32-20-random-1.scen,112,12400F,Lacam,PIBT,-1,-1,-1,3280,0.002,NULL,https://github.com/ssfc/lacam0,2025/8/5 19:36,,
-1,random-32-32-20.map,assets/random-32-32-20-random-1.scen,113,12400F,Lacam,PIBT,-1,-1,-1,3307,0.003,NULL,https://github.com/ssfc/lacam0,2025/8/5 19:36,,
-1,random-32-32-20.map,assets/random-32-32-20-random-1.scen,114,12400F,Lacam,PIBT,-1,-1,-1,3377,0.002,NULL,https://github.com/ssfc/lacam0,2025/8/5 19:36,,
-1,random-32-32-20.map,assets/random-32-32-20-random-1.scen,115,12400F,Lacam,PIBT,-1,-1,-1,3512,0.003,NULL,https://github.com/ssfc/lacam0,2025/8/5 19:36,,
-1,random-32-32-20.map,assets/random-32-32-20-random-1.scen,116,12400F,Lacam,PIBT,-1,-1,-1,3366,0.002,NULL,https://github.com/ssfc/lacam0,2025/8/5 19:36,,
-1,random-32-32-20.map,assets/random-32-32-20-random-1.scen,117,12400F,Lacam,PIBT,-1,-1,-1,3617,0.003,NULL,https://github.com/ssfc/lacam0,2025/8/5 19:36,,
-1,random-32-32-20.map,assets/random-32-32-20-random-1.scen,118,12400F,Lacam,PIBT,-1,-1,-1,3476,0.002,NULL,https://github.com/ssfc/lacam0,2025/8/5 19:36,,
-1,random-32-32-20.map,assets/random-32-32-20-random-1.scen,119,12400F,Lacam,PIBT,-1,-1,-1,3595,0.003,NULL,https://github.com/ssfc/lacam0,2025/8/5 19:36,,
-1,random-32-32-20.map,assets/random-32-32-20-random-1.scen,120,12400F,Lacam,PIBT,-1,-1,-1,3654,0.003,NULL,https://github.com/ssfc/lacam0,2025/8/5 19:36,,
-1,random-32-32-20.map,assets/random-32-32-20-random-1.scen,121,12400F,Lacam,PIBT,-1,-1,-1,3738,0.003,NULL,https://github.com/ssfc/lacam0,2025/8/5 19:36,,
-1,random-32-32-20.map,assets/random-32-32-20-random-1.scen,122,12400F,Lacam,PIBT,-1,-1,-1,3794,0.003,NULL,https://github.com/ssfc/lacam0,2025/8/5 19:36,,
-1,random-32-32-20.map,assets/random-32-32-20-random-1.scen,123,12400F,Lacam,PIBT,-1,-1,-1,3814,0.003,NULL,https://github.com/ssfc/lacam0,2025/8/5 19:36,,
-1,random-32-32-20.map,assets/random-32-32-20-random-1.scen,124,12400F,Lacam,PIBT,-1,-1,-1,3794,0.003,NULL,https://github.com/ssfc/lacam0,2025/8/5 19:36,,
-1,random-32-32-20.map,assets/random-32-32-20-random-1.scen,125,12400F,Lacam,PIBT,-1,-1,-1,3842,0.003,NULL,https://github.com/ssfc/lacam0,2025/8/5 19:36,,
-1,random-32-32-20.map,assets/random-32-32-20-random-1.scen,126,12400F,Lacam,PIBT,-1,-1,-1,3843,0.003,NULL,https://github.com/ssfc/lacam0,2025/8/5 19:36,,
-1,random-32-32-20.map,assets/random-32-32-20-random-1.scen,127,12400F,Lacam,PIBT,-1,-1,-1,3804,0.003,NULL,https://github.com/ssfc/lacam0,2025/8/5 19:36,,
-1,random-32-32-20.map,assets/random-32-32-20-random-1.scen,128,12400F,Lacam,PIBT,-1,-1,-1,3883,0.003,NULL,https://github.com/ssfc/lacam0,2025/8/5 19:36,,
-1,random-32-32-20.map,assets/random-32-32-20-random-1.scen,129,12400F,Lacam,PIBT,-1,-1,-1,3894,0.003,NULL,https://github.com/ssfc/lacam0,2025/8/5 19:36,,
-1,random-32-32-20.map,assets/random-32-32-20-random-1.scen,130,12400F,Lacam,PIBT,-1,-1,-1,4017,0.003,NULL,https://github.com/ssfc/lacam0,2025/8/5 19:36,,
-1,random-32-32-20.map,assets/random-32-32-20-random-1.scen,131,12400F,Lacam,PIBT,-1,-1,-1,4003,0.003,NULL,https://github.com/ssfc/lacam0,2025/8/5 19:36,,
-1,random-32-32-20.map,assets/random-32-32-20-random-1.scen,132,12400F,Lacam,PIBT,-1,-1,-1,4056,0.003,NULL,https://github.com/ssfc/lacam0,2025/8/5 19:36,,
-1,random-32-32-20.map,assets/random-32-32-20-random-1.scen,133,12400F,Lacam,PIBT,-1,-1,-1,4032,0.003,NULL,https://github.com/ssfc/lacam0,2025/8/5 19:36,,
-1,random-32-32-20.map,assets/random-32-32-20-random-1.scen,134,12400F,Lacam,PIBT,-1,-1,-1,4025,0.003,NULL,https://github.com/ssfc/lacam0,2025/8/5 19:36,,
-1,random-32-32-20.map,assets/random-32-32-20-random-1.scen,135,12400F,Lacam,PIBT,-1,-1,-1,4081,0.003,NULL,https://github.com/ssfc/lacam0,2025/8/5 19:36,,
-1,random-32-32-20.map,assets/random-32-32-20-random-1.scen,136,12400F,Lacam,PIBT,-1,-1,-1,4113,0.003,NULL,https://github.com/ssfc/lacam0,2025/8/5 19:36,,
-1,random-32-32-20.map,assets/random-32-32-20-random-1.scen,137,12400F,Lacam,PIBT,-1,-1,-1,4238,0.003,NULL,https://github.com/ssfc/lacam0,2025/8/5 19:36,,
-1,random-32-32-20.map,assets/random-32-32-20-random-1.scen,138,12400F,Lacam,PIBT,-1,-1,-1,4245,0.003,NULL,https://github.com/ssfc/lacam0,2025/8/5 19:36,,
-1,random-32-32-20.map,assets/random-32-32-20-random-1.scen,139,12400F,Lacam,PIBT,-1,-1,-1,4411,0.003,NULL,https://github.com/ssfc/lacam0,2025/8/5 19:36,,
-1,random-32-32-20.map,assets/random-32-32-20-random-1.scen,140,12400F,Lacam,PIBT,-1,-1,-1,4345,0.003,NULL,https://github.com/ssfc/lacam0,2025/8/5 19:36,,
-1,random-32-32-20.map,assets/random-32-32-20-random-1.scen,141,12400F,Lacam,PIBT,-1,-1,-1,4394,0.004,NULL,https://github.com/ssfc/lacam0,2025/8/5 19:36,,
-1,random-32-32-20.map,assets/random-32-32-20-random-1.scen,142,12400F,Lacam,PIBT,-1,-1,-1,4380,0.003,NULL,https://github.com/ssfc/lacam0,2025/8/5 19:36,,
-1,random-32-32-20.map,assets/random-32-32-20-random-1.scen,143,12400F,Lacam,PIBT,-1,-1,-1,4342,0.003,NULL,https://github.com/ssfc/lacam0,2025/8/5 19:36,,
-1,random-32-32-20.map,assets/random-32-32-20-random-1.scen,144,12400F,Lacam,PIBT,-1,-1,-1,4735,0.004,NULL,https://github.com/ssfc/lacam0,2025/8/5 19:36,,
-1,random-32-32-20.map,assets/random-32-32-20-random-1.scen,145,12400F,Lacam,PIBT,-1,-1,-1,4579,0.004,NULL,https://github.com/ssfc/lacam0,2025/8/5 19:36,,
-1,random-32-32-20.map,assets/random-32-32-20-random-1.scen,146,12400F,Lacam,PIBT,-1,-1,-1,4520,0.004,NULL,https://github.com/ssfc/lacam0,2025/8/5 19:36,,
-1,random-32-32-20.map,assets/random-32-32-20-random-1.scen,147,12400F,Lacam,PIBT,-1,-1,-1,4555,0.003,NULL,https://github.com/ssfc/lacam0,2025/8/5 19:36,,
-1,random-32-32-20.map,assets/random-32-32-20-random-1.scen,148,12400F,Lacam,PIBT,-1,-1,-1,4653,0.004,NULL,https://github.com/ssfc/lacam0,2025/8/5 19:36,,
-1,random-32-32-20.map,assets/random-32-32-20-random-1.scen,149,12400F,Lacam,PIBT,-1,-1,-1,4758,0.004,NULL,https://github.com/ssfc/lacam0,2025/8/5 19:36,,
-1,random-32-32-20.map,assets/random-32-32-20-random-1.scen,150,12400F,Lacam,PIBT,-1,-1,-1,4633,0.003,NULL,https://github.com/ssfc/lacam0,2025/8/5 19:36,,
-1,random-32-32-20.map,assets/random-32-32-20-random-1.scen,151,12400F,Lacam,PIBT,-1,-1,-1,4619,0.004,NULL,https://github.com/ssfc/lacam0,2025/8/5 19:36,,
-1,random-32-32-20.map,assets/random-32-32-20-random-1.scen,152,12400F,Lacam,PIBT,-1,-1,-1,4804,0.003,NULL,https://github.com/ssfc/lacam0,2025/8/5 19:36,,
-1,random-32-32-20.map,assets/random-32-32-20-random-1.scen,153,12400F,Lacam,PIBT,-1,-1,-1,4763,0.004,NULL,https://github.com/ssfc/lacam0,2025/8/5 19:36,,
-1,random-32-32-20.map,assets/random-32-32-20-random-1.scen,154,12400F,Lacam,PIBT,-1,-1,-1,4869,0.004,NULL,https://github.com/ssfc/lacam0,2025/8/5 19:36,,
-1,random-32-32-20.map,assets/random-32-32-20-random-1.scen,155,12400F,Lacam,PIBT,-1,-1,-1,4993,0.004,NULL,https://github.com/ssfc/lacam0,2025/8/5 19:36,,
-1,random-32-32-20.map,assets/random-32-32-20-random-1.scen,156,12400F,Lacam,PIBT,-1,-1,-1,5054,0.004,NULL,https://github.com/ssfc/lacam0,2025/8/5 19:36,,
-1,random-32-32-20.map,assets/random-32-32-20-random-1.scen,157,12400F,Lacam,PIBT,-1,-1,-1,5075,0.004,NULL,https://github.com/ssfc/lacam0,2025/8/5 19:36,,
-1,random-32-32-20.map,assets/random-32-32-20-random-1.scen,158,12400F,Lacam,PIBT,-1,-1,-1,5094,0.004,NULL,https://github.com/ssfc/lacam0,2025/8/5 19:36,,
-1,random-32-32-20.map,assets/random-32-32-20-random-1.scen,159,12400F,Lacam,PIBT,-1,-1,-1,5072,0.004,NULL,https://github.com/ssfc/lacam0,2025/8/5 19:36,,
-1,random-32-32-20.map,assets/random-32-32-20-random-1.scen,160,12400F,Lacam,PIBT,-1,-1,-1,5211,0.004,NULL,https://github.com/ssfc/lacam0,2025/8/5 19:36,,
-1,random-32-32-20.map,assets/random-32-32-20-random-1.scen,161,12400F,Lacam,PIBT,-1,-1,-1,5122,0.004,NULL,https://github.com/ssfc/lacam0,2025/8/5 19:36,,
-1,random-32-32-20.map,assets/random-32-32-20-random-1.scen,162,12400F,Lacam,PIBT,-1,-1,-1,5018,0.004,NULL,https://github.com/ssfc/lacam0,2025/8/5 19:36,,
-1,random-32-32-20.map,assets/random-32-32-20-random-1.scen,163,12400F,Lacam,PIBT,-1,-1,-1,5210,0.004,NULL,https://github.com/ssfc/lacam0,2025/8/5 19:36,,
-1,random-32-32-20.map,assets/random-32-32-20-random-1.scen,164,12400F,Lacam,PIBT,-1,-1,-1,5125,0.004,NULL,https://github.com/ssfc/lacam0,2025/8/5 19:36,,
-1,random-32-32-20.map,assets/random-32-32-20-random-1.scen,165,12400F,Lacam,PIBT,-1,-1,-1,5213,0.004,NULL,https://github.com/ssfc/lacam0,2025/8/5 19:36,,
-1,random-32-32-20.map,assets/random-32-32-20-random-1.scen,166,12400F,Lacam,PIBT,-1,-1,-1,5448,0.004,NULL,https://github.com/ssfc/lacam0,2025/8/5 19:36,,
-1,random-32-32-20.map,assets/random-32-32-20-random-1.scen,167,12400F,Lacam,PIBT,-1,-1,-1,5388,0.004,NULL,https://github.com/ssfc/lacam0,2025/8/5 19:36,,
-1,random-32-32-20.map,assets/random-32-32-20-random-1.scen,168,12400F,Lacam,PIBT,-1,-1,-1,5500,0.004,NULL,https://github.com/ssfc/lacam0,2025/8/5 19:36,,
-1,random-32-32-20.map,assets/random-32-32-20-random-1.scen,169,12400F,Lacam,PIBT,-1,-1,-1,5310,0.004,NULL,https://github.com/ssfc/lacam0,2025/8/5 19:36,,
-1,random-32-32-20.map,assets/random-32-32-20-random-1.scen,170,12400F,Lacam,PIBT,-1,-1,-1,5417,0.004,NULL,https://github.com/ssfc/lacam0,2025/8/5 19:36,,
-1,random-32-32-20.map,assets/random-32-32-20-random-1.scen,171,12400F,Lacam,PIBT,-1,-1,-1,5627,0.004,NULL,https://github.com/ssfc/lacam0,2025/8/5 19:36,,
-1,random-32-32-20.map,assets/random-32-32-20-random-1.scen,172,12400F,Lacam,PIBT,-1,-1,-1,5435,0.004,NULL,https://github.com/ssfc/lacam0,2025/8/5 19:36,,
-1,random-32-32-20.map,assets/random-32-32-20-random-1.scen,173,12400F,Lacam,PIBT,-1,-1,-1,5570,0.004,NULL,https://github.com/ssfc/lacam0,2025/8/5 19:36,,
-1,random-32-32-20.map,assets/random-32-32-20-random-1.scen,174,12400F,Lacam,PIBT,-1,-1,-1,5616,0.004,NULL,https://github.com/ssfc/lacam0,2025/8/5 19:36,,
-1,random-32-32-20.map,assets/random-32-32-20-random-1.scen,175,12400F,Lacam,PIBT,-1,-1,-1,5736,0.005,NULL,https://github.com/ssfc/lacam0,2025/8/5 19:36,,
-1,random-32-32-20.map,assets/random-32-32-20-random-1.scen,176,12400F,Lacam,PIBT,-1,-1,-1,5589,0.004,NULL,https://github.com/ssfc/lacam0,2025/8/5 19:36,,
-1,random-32-32-20.map,assets/random-32-32-20-random-1.scen,177,12400F,Lacam,PIBT,-1,-1,-1,5632,0.004,NULL,https://github.com/ssfc/lacam0,2025/8/5 19:36,,
-1,random-32-32-20.map,assets/random-32-32-20-random-1.scen,178,12400F,Lacam,PIBT,-1,-1,-1,5785,0.004,NULL,https://github.com/ssfc/lacam0,2025/8/5 19:36,,
-1,random-32-32-20.map,assets/random-32-32-20-random-1.scen,179,12400F,Lacam,PIBT,-1,-1,-1,5814,0.005,NULL,https://github.com/ssfc/lacam0,2025/8/5 19:36,,
-1,random-32-32-20.map,assets/random-32-32-20-random-1.scen,180,12400F,Lacam,PIBT,-1,-1,-1,5731,0.005,NULL,https://github.com/ssfc/lacam0,2025/8/5 19:36,,
-1,random-32-32-20.map,assets/random-32-32-20-random-1.scen,181,12400F,Lacam,PIBT,-1,-1,-1,5828,0.005,NULL,https://github.com/ssfc/lacam0,2025/8/5 19:36,,
-1,random-32-32-20.map,assets/random-32-32-20-random-1.scen,182,12400F,Lacam,PIBT,-1,-1,-1,5980,0.005,NULL,https://github.com/ssfc/lacam0,2025/8/5 19:36,,
-1,random-32-32-20.map,assets/random-32-32-20-random-1.scen,183,12400F,Lacam,PIBT,-1,-1,-1,5984,0.005,NULL,https://github.com/ssfc/lacam0,2025/8/5 19:36,,
-1,random-32-32-20.map,assets/random-32-32-20-random-1.scen,184,12400F,Lacam,PIBT,-1,-1,-1,5986,0.005,NULL,https://github.com/ssfc/lacam0,2025/8/5 19:36,,
-1,random-32-32-20.map,assets/random-32-32-20-random-1.scen,185,12400F,Lacam,PIBT,-1,-1,-1,5929,0.005,NULL,https://github.com/ssfc/lacam0,2025/8/5 19:36,,
-1,random-32-32-20.map,assets/random-32-32-20-random-1.scen,186,12400F,Lacam,PIBT,-1,-1,-1,5878,0.005,NULL,https://github.com/ssfc/lacam0,2025/8/5 19:36,,
-1,random-32-32-20.map,assets/random-32-32-20-random-1.scen,187,12400F,Lacam,PIBT,-1,-1,-1,5917,0.005,NULL,https://github.com/ssfc/lacam0,2025/8/5 19:36,,
-1,random-32-32-20.map,assets/random-32-32-20-random-1.scen,188,12400F,Lacam,PIBT,-1,-1,-1,6047,0.005,NULL,https://github.com/ssfc/lacam0,2025/8/5 19:36,,
-1,random-32-32-20.map,assets/random-32-32-20-random-1.scen,189,12400F,Lacam,PIBT,-1,-1,-1,6257,0.005,NULL,https://github.com/ssfc/lacam0,2025/8/5 19:36,,
-1,random-32-32-20.map,assets/random-32-32-20-random-1.scen,190,12400F,Lacam,PIBT,-1,-1,-1,6457,0.005,NULL,https://github.com/ssfc/lacam0,2025/8/5 19:36,,
-1,random-32-32-20.map,assets/random-32-32-20-random-1.scen,191,12400F,Lacam,PIBT,-1,-1,-1,6304,0.005,NULL,https://github.com/ssfc/lacam0,2025/8/5 19:36,,
-1,random-32-32-20.map,assets/random-32-32-20-random-1.scen,192,12400F,Lacam,PIBT,-1,-1,-1,6246,0.005,NULL,https://github.com/ssfc/lacam0,2025/8/5 19:36,,
-1,random-32-32-20.map,assets/random-32-32-20-random-1.scen,193,12400F,Lacam,PIBT,-1,-1,-1,6304,0.005,NULL,https://github.com/ssfc/lacam0,2025/8/5 19:36,,
-1,random-32-32-20.map,assets/random-32-32-20-random-1.scen,194,12400F,Lacam,PIBT,-1,-1,-1,6388,0.006,NULL,https://github.com/ssfc/lacam0,2025/8/5 19:36,,
-1,random-32-32-20.map,assets/random-32-32-20-random-1.scen,195,12400F,Lacam,PIBT,-1,-1,-1,6521,0.005,NULL,https://github.com/ssfc/lacam0,2025/8/5 19:36,,
-1,random-32-32-20.map,assets/random-32-32-20-random-1.scen,196,12400F,Lacam,PIBT,-1,-1,-1,6379,0.005,NULL,https://github.com/ssfc/lacam0,2025/8/5 19:36,,
-1,random-32-32-20.map,assets/random-32-32-20-random-1.scen,197,12400F,Lacam,PIBT,-1,-1,-1,6564,0.005,NULL,https://github.com/ssfc/lacam0,2025/8/5 19:36,,
-1,random-32-32-20.map,assets/random-32-32-20-random-1.scen,198,12400F,Lacam,PIBT,-1,-1,-1,6562,0.005,NULL,https://github.com/ssfc/lacam0,2025/8/5 19:36,,
-1,random-32-32-20.map,assets/random-32-32-20-random-1.scen,199,12400F,Lacam,PIBT,-1,-1,-1,6653,0.005,NULL,https://github.com/ssfc/lacam0,2025/8/5 19:36,,
-1,random-32-32-20.map,assets/random-32-32-20-random-1.scen,200,12400F,Lacam,PIBT,-1,-1,-1,6583,0.005,NULL,https://github.com/ssfc/lacam0,2025/8/5 19:36,,
-1,random-32-32-20.map,random-32-32-20-random-1.scen,1,12400F,CBS,ASTAR,1,1,1,36,0.002574,2,https://github.com/ssfc/rhcr,2025/8/6 15:52,,
-1,random-32-32-20.map,random-32-32-20-random-1.scen,2,12400F,CBS,ASTAR,1,1,1,48,0.002837,2,https://github.com/ssfc/rhcr,2025/8/6 15:52,,
-1,random-32-32-20.map,random-32-32-20-random-1.scen,3,12400F,CBS,ASTAR,1,1,1,77,0.003938,2,https://github.com/ssfc/rhcr,2025/8/6 15:52,,
-1,random-32-32-20.map,random-32-32-20-random-1.scen,4,12400F,CBS,ASTAR,1,1,1,97,0.004712,2,https://github.com/ssfc/rhcr,2025/8/6 15:52,,
-1,random-32-32-20.map,random-32-32-20-random-1.scen,5,12400F,CBS,ASTAR,1,1,1,128,0.006275,2,https://github.com/ssfc/rhcr,2025/8/6 15:52,,
-1,random-32-32-20.map,random-32-32-20-random-1.scen,6,12400F,CBS,ASTAR,1,1,1,152,0.006952,2,https://github.com/ssfc/rhcr,2025/8/6 15:52,,
-1,random-32-32-20.map,random-32-32-20-random-1.scen,7,12400F,CBS,ASTAR,1,1,1,167,0.007481,2,https://github.com/ssfc/rhcr,2025/8/6 15:52,,
-1,random-32-32-20.map,random-32-32-20-random-1.scen,8,12400F,CBS,ASTAR,1,1,1,177,0.007799,2,https://github.com/ssfc/rhcr,2025/8/6 15:52,,
-1,random-32-32-20.map,random-32-32-20-random-1.scen,9,12400F,CBS,ASTAR,1,1,1,181,0.007834,2,https://github.com/ssfc/rhcr,2025/8/6 15:52,,
-1,random-32-32-20.map,random-32-32-20-random-1.scen,10,12400F,CBS,ASTAR,1,1,1,196,0.008154,2,https://github.com/ssfc/rhcr,2025/8/6 15:52,,
-1,random-32-32-20.map,random-32-32-20-random-1.scen,11,12400F,CBS,ASTAR,1,1,1,218,0.009229,2,https://github.com/ssfc/rhcr,2025/8/6 15:52,,
-1,random-32-32-20.map,random-32-32-20-random-1.scen,12,12400F,CBS,ASTAR,1,1,1,241,0.010059,2,https://github.com/ssfc/rhcr,2025/8/6 15:52,,
-1,random-32-32-20.map,random-32-32-20-random-1.scen,13,12400F,CBS,ASTAR,1,1,1,303,0.048836,2,https://github.com/ssfc/rhcr,2025/8/6 15:52,,
-1,random-32-32-20.map,random-32-32-20-random-1.scen,14,12400F,CBS,ASTAR,1,1,1,351,0.062855,2,https://github.com/ssfc/rhcr,2025/8/6 15:52,,
-1,random-32-32-20.map,random-32-32-20-random-1.scen,15,12400F,CBS,ASTAR,1,1,1,373,0.060141,2,https://github.com/ssfc/rhcr,2025/8/6 15:52,,
-1,random-32-32-20.map,random-32-32-20-random-1.scen,16,12400F,CBS,ASTAR,1,1,1,415,0.086237,2,https://github.com/ssfc/rhcr,2025/8/6 15:52,,
-1,random-32-32-20.map,random-32-32-20-random-1.scen,17,12400F,CBS,ASTAR,1,1,1,430,0.067112,2,https://github.com/ssfc/rhcr,2025/8/6 15:52,,
-1,random-32-32-20.map,random-32-32-20-random-1.scen,18,12400F,CBS,ASTAR,1,1,1,440,0.090069,2,https://github.com/ssfc/rhcr,2025/8/6 15:52,,
-1,random-32-32-20.map,random-32-32-20-random-1.scen,19,12400F,CBS,ASTAR,1,1,1,449,0.073208,2,https://github.com/ssfc/rhcr,2025/8/6 15:52,,
-1,random-32-32-20.map,random-32-32-20-random-1.scen,20,12400F,CBS,ASTAR,1,1,1,456,0.072428,2,https://github.com/ssfc/rhcr,2025/8/6 15:52,,
-1,random-32-32-20.map,random-32-32-20-random-1.scen,21,12400F,CBS,ASTAR,1,1,1,487,0.079784,2,https://github.com/ssfc/rhcr,2025/8/6 15:52,,
-1,random-32-32-20.map,random-32-32-20-random-1.scen,22,12400F,CBS,ASTAR,1,1,1,498,0.082679,2,https://github.com/ssfc/rhcr,2025/8/6 15:52,,
-1,random-32-32-20.map,random-32-32-20-random-1.scen,23,12400F,CBS,ASTAR,1,1,1,479,0.069469,2,https://github.com/ssfc/rhcr,2025/8/6 15:52,,
-1,random-32-32-20.map,random-32-32-20-random-1.scen,24,12400F,CBS,ASTAR,1,1,1,522,0.083617,2,https://github.com/ssfc/rhcr,2025/8/6 15:52,,
-1,random-32-32-20.map,random-32-32-20-random-1.scen,25,12400F,CBS,ASTAR,1,1,1,573,0.099717,2,https://github.com/ssfc/rhcr,2025/8/6 15:52,,
-1,random-32-32-20.map,random-32-32-20-random-1.scen,26,12400F,CBS,ASTAR,1,1,1,606,0.100146,2,https://github.com/ssfc/rhcr,2025/8/6 15:52,,
-1,random-32-32-20.map,random-32-32-20-random-1.scen,27,12400F,CBS,ASTAR,1,1,1,623,0.142754,2,https://github.com/ssfc/rhcr,2025/8/6 15:52,,
-1,random-32-32-20.map,random-32-32-20-random-1.scen,28,12400F,CBS,ASTAR,1,1,1,607,0.068677,2,https://github.com/ssfc/rhcr,2025/8/6 15:52,,
-1,random-32-32-20.map,random-32-32-20-random-1.scen,29,12400F,CBS,ASTAR,1,1,1,620,0.070876,2,https://github.com/ssfc/rhcr,2025/8/6 15:52,,
-1,random-32-32-20.map,random-32-32-20-random-1.scen,30,12400F,CBS,ASTAR,1,1,1,678,0.10319,2,https://github.com/ssfc/rhcr,2025/8/6 15:52,,
-1,random-32-32-20.map,random-32-32-20-random-1.scen,31,12400F,CBS,ASTAR,1,1,1,703,0.148802,2,https://github.com/ssfc/rhcr,2025/8/6 15:52,,
-1,random-32-32-20.map,random-32-32-20-random-1.scen,32,12400F,CBS,ASTAR,1,1,1,692,0.07745,2,https://github.com/ssfc/rhcr,2025/8/6 15:52,,
-1,random-32-32-20.map,random-32-32-20-random-1.scen,33,12400F,CBS,ASTAR,1,1,1,724,0.105088,2,https://github.com/ssfc/rhcr,2025/8/6 15:52,,
-1,random-32-32-20.map,random-32-32-20-random-1.scen,34,12400F,CBS,ASTAR,1,1,1,753,0.099475,2,https://github.com/ssfc/rhcr,2025/8/6 15:52,,
-1,random-32-32-20.map,random-32-32-20-random-1.scen,35,12400F,CBS,ASTAR,1,1,1,782,0.153221,2,https://github.com/ssfc/rhcr,2025/8/6 15:52,,
-1,random-32-32-20.map,random-32-32-20-random-1.scen,36,12400F,CBS,ASTAR,1,1,1,820,0.107017,2,https://github.com/ssfc/rhcr,2025/8/6 15:52,,
-1,random-32-32-20.map,random-32-32-20-random-1.scen,37,12400F,CBS,ASTAR,1,1,1,792,0.097309,2,https://github.com/ssfc/rhcr,2025/8/6 15:52,,
-1,random-32-32-20.map,random-32-32-20-random-1.scen,38,12400F,CBS,ASTAR,1,1,1,798,0.071507,2,https://github.com/ssfc/rhcr,2025/8/6 15:52,,
-1,random-32-32-20.map,random-32-32-20-random-1.scen,39,12400F,CBS,ASTAR,1,1,1,810,0.066987,2,https://github.com/ssfc/rhcr,2025/8/6 15:52,,
-1,random-32-32-20.map,random-32-32-20-random-1.scen,40,12400F,CBS,ASTAR,1,1,1,877,0.121151,2,https://github.com/ssfc/rhcr,2025/8/6 15:52,,
-1,random-32-32-20.map,random-32-32-20-random-1.scen,41,12400F,CBS,ASTAR,1,1,1,879,0.137235,2,https://github.com/ssfc/rhcr,2025/8/6 15:52,,
-1,random-32-32-20.map,random-32-32-20-random-1.scen,42,12400F,CBS,ASTAR,1,1,1,886,0.096778,2,https://github.com/ssfc/rhcr,2025/8/6 15:52,,
-1,random-32-32-20.map,random-32-32-20-random-1.scen,43,12400F,CBS,ASTAR,1,1,1,949,0.150232,2,https://github.com/ssfc/rhcr,2025/8/6 15:52,,
-1,random-32-32-20.map,random-32-32-20-random-1.scen,44,12400F,CBS,ASTAR,1,1,1,943,0.091476,2,https://github.com/ssfc/rhcr,2025/8/6 15:52,,
-1,random-32-32-20.map,random-32-32-20-random-1.scen,45,12400F,CBS,ASTAR,1,1,1,997,0.107434,2,https://github.com/ssfc/rhcr,2025/8/6 15:52,,
-1,random-32-32-20.map,random-32-32-20-random-1.scen,46,12400F,CBS,ASTAR,1,1,1,1039,0.173572,2,https://github.com/ssfc/rhcr,2025/8/6 15:52,,
-1,random-32-32-20.map,random-32-32-20-random-1.scen,47,12400F,CBS,ASTAR,1,1,1,1088,0.581825,2,https://github.com/ssfc/rhcr,2025/8/6 15:52,,
-1,random-32-32-20.map,random-32-32-20-random-1.scen,48,12400F,CBS,ASTAR,1,1,1,1070,0.130873,2,https://github.com/ssfc/rhcr,2025/8/6 15:52,,
-1,random-32-32-20.map,random-32-32-20-random-1.scen,49,12400F,CBS,ASTAR,1,1,1,1084,0.120314,2,https://github.com/ssfc/rhcr,2025/8/6 15:52,,
-1,random-32-32-20.map,random-32-32-20-random-1.scen,50,12400F,CBS,ASTAR,1,1,1,1120,0.181493,2,https://github.com/ssfc/rhcr,2025/8/6 15:52,,
-1,random-32-32-20.map,random-32-32-20-random-1.scen,51,12400F,CBS,ASTAR,1,1,1,1150,0.816611,2,https://github.com/ssfc/rhcr,2025/8/6 15:52,,
-1,random-32-32-20.map,random-32-32-20-random-1.scen,52,12400F,CBS,ASTAR,1,1,1,1191,8.40728,2,https://github.com/ssfc/rhcr,2025/8/6 15:52,,
-1,random-32-32-20.map,random-32-32-20-random-1.scen,53,12400F,CBS,ASTAR,1,1,1,1196,0.954336,2,https://github.com/ssfc/rhcr,2025/8/6 15:52,,
-1,random-32-32-20.map,random-32-32-20-random-1.scen,54,12400F,CBS,ASTAR,1,1,1,1232,2.53883,2,https://github.com/ssfc/rhcr,2025/8/6 15:52,,
-1,random-32-32-20.map,random-32-32-20-random-1.scen,55,12400F,CBS,ASTAR,1,1,1,1245,2.28308,2,https://github.com/ssfc/rhcr,2025/8/6 15:52,,
-1,random-32-32-20.map,random-32-32-20-random-1.scen,56,12400F,CBS,ASTAR,1,1,1,1277,3.87399,2,https://github.com/ssfc/rhcr,2025/8/6 15:52,,
-1,random-32-32-20.map,random-32-32-20-random-1.scen,57,12400F,CBS,ASTAR,1,1,1,1321,13.2345,2,https://github.com/ssfc/rhcr,2025/8/6 15:53,,
-1,random-32-32-20.map,random-32-32-20-random-1.scen,58,12400F,CBS,ASTAR,1,1,1,1374,2.11864,2,https://github.com/ssfc/rhcr,2025/8/6 15:53,,
-1,random-32-32-20.map,random-32-32-20-random-1.scen,59,12400F,CBS,ASTAR,1,1,1,1388,35.2454,2,https://github.com/ssfc/rhcr,2025/8/6 15:53,,
-1,random-32-32-20.map,random-32-32-20-random-1.scen,60,12400F,CBS,ASTAR,1,1,1,1435,4.4577,2,https://github.com/ssfc/rhcr,2025/8/6 15:53,,
-1,random-32-32-20.map,random-32-32-20-random-1.scen,61,12400F,CBS,ASTAR,1,1,1,1475,14.5602,2,https://github.com/ssfc/rhcr,2025/8/6 15:56,,
-1,random-32-32-20.map,random-32-32-20-random-1.scen,62,12400F,CBS,ASTAR,1,1,1,1497,20.8676,2,https://github.com/ssfc/rhcr,2025/8/6 15:57,,
-1,random-32-32-20.map,random-32-32-20-random-1.scen,63,12400F,CBS,ASTAR,1,1,1,1502,10.3418,2,https://github.com/ssfc/rhcr,2025/8/6 16:00,,
-1,random-32-32-20.map,random-32-32-20-random-1.scen,64,12400F,CBS,ASTAR,1,1,1,1510,6.25397,2,https://github.com/ssfc/rhcr,2025/8/6 16:01,,
-1,random-32-32-20.map,random-32-32-20-random-1.scen,65,12400F,CBS,ASTAR,1,1,1,1546,18.1826,2,https://github.com/ssfc/rhcr,2025/8/6 16:08,,
-1,random-32-32-20.map,random-32-32-20-random-1.scen,66,12400F,CBS,ASTAR,1,1,1,1587,122.418,2,https://github.com/ssfc/rhcr,2025/8/6 16:11,,
-1,random-32-32-20.map,random-32-32-20-random-1.scen,67,12400F,CBS,ASTAR,1,1,1,1586,25.8442,2,https://github.com/ssfc/rhcr,2025/8/6 16:11,,
-1,random-32-32-20.map,random-32-32-20-random-1.scen,68,12400F,CBS,ASTAR,1,1,1,1629,4.25673,2,https://github.com/ssfc/rhcr,2025/8/6 16:12,,
-1,random-32-32-20.map,random-32-32-20-random-1.scen,69,12400F,CBS,ASTAR,1,1,1,1626,6.82467,2,https://github.com/ssfc/rhcr,2025/8/6 16:12,,
-1,random-32-32-20.map,random-32-32-20-random-1.scen,70,12400F,CBS,ASTAR,1,1,1,1695,111.524,2,https://github.com/ssfc/rhcr,2025/8/6 16:14,,
-1,random-32-32-20.map,random-32-32-20-random-1.scen,71,12400F,CBS,ASTAR,1,1,1,1714,11.9857,2,https://github.com/ssfc/rhcr,2025/8/6 16:14,,
-1,random-32-32-20.map,random-32-32-20-random-1.scen,72,12400F,CBS,ASTAR,1,1,1,1773,23.7028,2,https://github.com/ssfc/rhcr,2025/8/6 16:15,,
-1,random-32-32-20.map,random-32-32-20-random-1.scen,73,12400F,CBS,ASTAR,1,1,1,1760,807.302,2,https://github.com/ssfc/rhcr,2025/8/6 16:28,,
-1,random-32-32-20.map,random-32-32-20-random-1.scen,74,12400F,CBS,ASTAR,1,1,1,1788,74.1057,2,https://github.com/ssfc/rhcr,2025/8/6 16:55,,
-1,random-32-32-20.map,random-32-32-20-random-1.scen,75,12400F,CBS,ASTAR,1,1,1,1807,103.568,2,https://github.com/ssfc/rhcr,2025/8/6 16:57,,
-1,random-32-32-20.map,random-32-32-20-random-1.scen,76,12400F,CBS,ASTAR,1,1,1,1798,494.75,2,https://github.com/ssfc/rhcr,2025/8/6 17:05,,
-1,random-32-32-20.map,random-32-32-20-random-1.scen,77,12400F,CBS,ASTAR,1,1,1,1833,663.334,2,https://github.com/ssfc/rhcr,2025/8/6 17:24,,
-1,random-32-32-20.map,random-32-32-20-random-1.scen,1,12400F,CBS,ASTAR,1,1,1,36,0.002003,3,https://github.com/ssfc/rhcr,2025/8/10 13:47,,
-1,random-32-32-20.map,random-32-32-20-random-1.scen,2,12400F,CBS,ASTAR,1,1,1,48,0.002174,3,https://github.com/ssfc/rhcr,2025/8/10 13:47,,
-1,random-32-32-20.map,random-32-32-20-random-1.scen,3,12400F,CBS,ASTAR,1,1,1,77,0.002999,3,https://github.com/ssfc/rhcr,2025/8/10 13:47,,
-1,random-32-32-20.map,random-32-32-20-random-1.scen,4,12400F,CBS,ASTAR,1,1,1,97,0.0036,3,https://github.com/ssfc/rhcr,2025/8/10 13:47,,
-1,random-32-32-20.map,random-32-32-20-random-1.scen,5,12400F,CBS,ASTAR,1,1,1,128,0.004785,3,https://github.com/ssfc/rhcr,2025/8/10 13:47,,
-1,random-32-32-20.map,random-32-32-20-random-1.scen,6,12400F,CBS,ASTAR,1,1,1,152,0.005255,3,https://github.com/ssfc/rhcr,2025/8/10 13:47,,
-1,random-32-32-20.map,random-32-32-20-random-1.scen,7,12400F,CBS,ASTAR,1,1,1,167,0.005298,3,https://github.com/ssfc/rhcr,2025/8/10 13:47,,
-1,random-32-32-20.map,random-32-32-20-random-1.scen,8,12400F,CBS,ASTAR,1,1,1,177,0.005702,3,https://github.com/ssfc/rhcr,2025/8/10 13:47,,
-1,random-32-32-20.map,random-32-32-20-random-1.scen,9,12400F,CBS,ASTAR,1,1,1,181,0.005528,3,https://github.com/ssfc/rhcr,2025/8/10 13:47,,
-1,random-32-32-20.map,random-32-32-20-random-1.scen,10,12400F,CBS,ASTAR,1,1,1,196,0.005746,3,https://github.com/ssfc/rhcr,2025/8/10 13:47,,
-1,random-32-32-20.map,random-32-32-20-random-1.scen,11,12400F,CBS,ASTAR,1,1,1,218,0.006569,3,https://github.com/ssfc/rhcr,2025/8/10 13:47,,
-1,random-32-32-20.map,random-32-32-20-random-1.scen,12,12400F,CBS,ASTAR,1,1,1,241,0.007326,3,https://github.com/ssfc/rhcr,2025/8/10 13:47,,
-1,random-32-32-20.map,random-32-32-20-random-1.scen,13,12400F,CBS,ASTAR,1,1,1,260,0.016386,3,https://github.com/ssfc/rhcr,2025/8/10 13:47,,
-1,random-32-32-20.map,random-32-32-20-random-1.scen,14,12400F,CBS,ASTAR,1,1,1,308,0.022636,3,https://github.com/ssfc/rhcr,2025/8/10 13:47,,
-1,random-32-32-20.map,random-32-32-20-random-1.scen,15,12400F,CBS,ASTAR,1,1,1,331,0.024008,3,https://github.com/ssfc/rhcr,2025/8/10 13:47,,
-1,random-32-32-20.map,random-32-32-20-random-1.scen,16,12400F,CBS,ASTAR,1,1,1,369,0.032304,3,https://github.com/ssfc/rhcr,2025/8/10 13:47,,
-1,random-32-32-20.map,random-32-32-20-random-1.scen,17,12400F,CBS,ASTAR,1,1,1,389,0.028535,3,https://github.com/ssfc/rhcr,2025/8/10 13:47,,
-1,random-32-32-20.map,random-32-32-20-random-1.scen,18,12400F,CBS,ASTAR,1,1,1,394,0.027393,3,https://github.com/ssfc/rhcr,2025/8/10 13:47,,
-1,random-32-32-20.map,random-32-32-20-random-1.scen,19,12400F,CBS,ASTAR,1,1,1,406,0.031472,3,https://github.com/ssfc/rhcr,2025/8/10 13:47,,
-1,random-32-32-20.map,random-32-32-20-random-1.scen,20,12400F,CBS,ASTAR,1,1,1,414,0.029556,3,https://github.com/ssfc/rhcr,2025/8/10 13:47,,
-1,random-32-32-20.map,random-32-32-20-random-1.scen,21,12400F,CBS,ASTAR,1,1,1,445,0.029486,3,https://github.com/ssfc/rhcr,2025/8/10 13:47,,
-1,random-32-32-20.map,random-32-32-20-random-1.scen,22,12400F,CBS,ASTAR,1,1,1,454,0.031164,3,https://github.com/ssfc/rhcr,2025/8/10 13:47,,
-1,random-32-32-20.map,random-32-32-20-random-1.scen,23,12400F,CBS,ASTAR,1,1,1,468,0.032726,3,https://github.com/ssfc/rhcr,2025/8/10 13:47,,
-1,random-32-32-20.map,random-32-32-20-random-1.scen,24,12400F,CBS,ASTAR,1,1,1,517,0.065546,3,https://github.com/ssfc/rhcr,2025/8/10 13:47,,
-1,random-32-32-20.map,random-32-32-20-random-1.scen,25,12400F,CBS,ASTAR,1,1,1,529,0.040512,3,https://github.com/ssfc/rhcr,2025/8/10 13:47,,
-1,random-32-32-20.map,random-32-32-20-random-1.scen,26,12400F,CBS,ASTAR,1,1,1,562,0.038584,3,https://github.com/ssfc/rhcr,2025/8/10 13:47,,
-1,random-32-32-20.map,random-32-32-20-random-1.scen,27,12400F,CBS,ASTAR,1,1,1,594,0.055128,3,https://github.com/ssfc/rhcr,2025/8/10 13:47,,
-1,random-32-32-20.map,random-32-32-20-random-1.scen,28,12400F,CBS,ASTAR,1,1,1,602,0.064018,3,https://github.com/ssfc/rhcr,2025/8/10 13:47,,
-1,random-32-32-20.map,random-32-32-20-random-1.scen,29,12400F,CBS,ASTAR,1,1,1,606,0.050254,3,https://github.com/ssfc/rhcr,2025/8/10 13:47,,
-1,random-32-32-20.map,random-32-32-20-random-1.scen,30,12400F,CBS,ASTAR,1,1,1,637,0.060499,3,https://github.com/ssfc/rhcr,2025/8/10 13:47,,
-1,random-32-32-20.map,random-32-32-20-random-1.scen,31,12400F,CBS,ASTAR,1,1,1,659,0.050772,3,https://github.com/ssfc/rhcr,2025/8/10 13:47,,
-1,random-32-32-20.map,random-32-32-20-random-1.scen,32,12400F,CBS,ASTAR,1,1,1,680,0.048322,3,https://github.com/ssfc/rhcr,2025/8/10 13:47,,
-1,random-32-32-20.map,random-32-32-20-random-1.scen,33,12400F,CBS,ASTAR,1,1,1,687,0.052723,3,https://github.com/ssfc/rhcr,2025/8/10 13:47,,
-1,random-32-32-20.map,random-32-32-20-random-1.scen,34,12400F,CBS,ASTAR,1,1,1,711,0.06134,3,https://github.com/ssfc/rhcr,2025/8/10 13:47,,
-1,random-32-32-20.map,random-32-32-20-random-1.scen,35,12400F,CBS,ASTAR,1,1,1,737,0.057621,3,https://github.com/ssfc/rhcr,2025/8/10 13:47,,
-1,random-32-32-20.map,random-32-32-20-random-1.scen,36,12400F,CBS,ASTAR,1,1,1,782,0.07135,3,https://github.com/ssfc/rhcr,2025/8/10 13:47,,
-1,random-32-32-20.map,random-32-32-20-random-1.scen,37,12400F,CBS,ASTAR,1,1,1,785,0.083855,3,https://github.com/ssfc/rhcr,2025/8/10 13:47,,
-1,random-32-32-20.map,random-32-32-20-random-1.scen,38,12400F,CBS,ASTAR,1,1,1,792,0.056536,3,https://github.com/ssfc/rhcr,2025/8/10 13:47,,
-1,random-32-32-20.map,random-32-32-20-random-1.scen,39,12400F,CBS,ASTAR,1,1,1,808,0.060363,3,https://github.com/ssfc/rhcr,2025/8/10 13:47,,
-1,random-32-32-20.map,random-32-32-20-random-1.scen,40,12400F,CBS,ASTAR,1,1,1,835,0.107102,3,https://github.com/ssfc/rhcr,2025/8/10 13:47,,
-1,random-32-32-20.map,random-32-32-20-random-1.scen,41,12400F,CBS,ASTAR,1,1,1,854,0.090821,3,https://github.com/ssfc/rhcr,2025/8/10 13:47,,
-1,random-32-32-20.map,random-32-32-20-random-1.scen,42,12400F,CBS,ASTAR,1,1,1,863,0.067167,3,https://github.com/ssfc/rhcr,2025/8/10 13:47,,
-1,random-32-32-20.map,random-32-32-20-random-1.scen,43,12400F,CBS,ASTAR,1,1,1,905,0.108039,3,https://github.com/ssfc/rhcr,2025/8/10 13:47,,
-1,random-32-32-20.map,random-32-32-20-random-1.scen,44,12400F,CBS,ASTAR,1,1,1,940,0.072363,3,https://github.com/ssfc/rhcr,2025/8/10 13:47,,
-1,random-32-32-20.map,random-32-32-20-random-1.scen,45,12400F,CBS,ASTAR,1,1,1,988,0.093614,3,https://github.com/ssfc/rhcr,2025/8/10 13:47,,
-1,random-32-32-20.map,random-32-32-20-random-1.scen,46,12400F,CBS,ASTAR,1,1,1,1013,0.12298,3,https://github.com/ssfc/rhcr,2025/8/10 13:47,,
-1,random-32-32-20.map,random-32-32-20-random-1.scen,47,12400F,CBS,ASTAR,1,1,1,1049,0.105792,3,https://github.com/ssfc/rhcr,2025/8/10 13:47,,
-1,random-32-32-20.map,random-32-32-20-random-1.scen,48,12400F,CBS,ASTAR,1,1,1,1074,0.128124,3,https://github.com/ssfc/rhcr,2025/8/10 13:47,,
-1,random-32-32-20.map,random-32-32-20-random-1.scen,49,12400F,CBS,ASTAR,1,1,1,1086,0.134945,3,https://github.com/ssfc/rhcr,2025/8/10 13:47,,
-1,random-32-32-20.map,random-32-32-20-random-1.scen,50,12400F,CBS,ASTAR,1,1,1,1109,0.543509,3,https://github.com/ssfc/rhcr,2025/8/10 13:47,,
-1,random-32-32-20.map,random-32-32-20-random-1.scen,51,12400F,CBS,ASTAR,1,1,1,1151,7.83482,3,https://github.com/ssfc/rhcr,2025/8/10 13:48,,
-1,random-32-32-20.map,random-32-32-20-random-1.scen,52,12400F,CBS,ASTAR,1,1,1,1173,5.30546,3,https://github.com/ssfc/rhcr,2025/8/10 13:48,,
-1,random-32-32-20.map,random-32-32-20-random-1.scen,53,12400F,CBS,ASTAR,1,1,1,1184,4.95138,3,https://github.com/ssfc/rhcr,2025/8/10 13:48,,
-1,random-32-32-20.map,random-32-32-20-random-1.scen,54,12400F,CBS,ASTAR,1,1,1,1203,6.778,3,https://github.com/ssfc/rhcr,2025/8/10 13:48,,
-1,random-32-32-20.map,random-32-32-20-random-1.scen,55,12400F,CBS,ASTAR,1,1,1,1230,3.00662,3,https://github.com/ssfc/rhcr,2025/8/10 13:48,,
-1,random-32-32-20.map,random-32-32-20-random-1.scen,56,12400F,CBS,ASTAR,1,1,1,1270,3.36831,3,https://github.com/ssfc/rhcr,2025/8/10 13:48,,
-1,random-32-32-20.map,random-32-32-20-random-1.scen,57,12400F,CBS,ASTAR,1,1,1,1309,6.38118,3,https://github.com/ssfc/rhcr,2025/8/10 13:48,,
-1,random-32-32-20.map,random-32-32-20-random-1.scen,58,12400F,CBS,ASTAR,1,1,1,1358,10.4125,3,https://github.com/ssfc/rhcr,2025/8/10 13:48,,
-1,random-32-32-20.map,random-32-32-20-random-1.scen,59,12400F,CBS,ASTAR,1,1,1,1392,247.95,3,https://github.com/ssfc/rhcr,2025/8/10 13:52,,
-1,random-32-32-20.map,random-32-32-20-random-1.scen,60,12400F,CBS,ASTAR,1,1,1,1418,14.3498,3,https://github.com/ssfc/rhcr,2025/8/10 13:53,,
-1,random-32-32-20.map,random-32-32-20-random-1.scen,61,12400F,CBS,ASTAR,1,1,1,1432,13.7928,3,https://github.com/ssfc/rhcr,2025/8/10 13:53,,
-1,random-32-32-20.map,random-32-32-20-random-1.scen,62,12400F,CBS,ASTAR,1,1,1,1482,40.0931,3,https://github.com/ssfc/rhcr,2025/8/10 13:54,,
-1,random-32-32-20.map,random-32-32-20-random-1.scen,63,12400F,CBS,ASTAR,1,1,1,1485,25.9171,3,https://github.com/ssfc/rhcr,2025/8/10 13:54,,
-1,random-32-32-20.map,random-32-32-20-random-1.scen,64,12400F,CBS,ASTAR,1,1,1,1502,28.6486,3,https://github.com/ssfc/rhcr,2025/8/10 13:55,,
-1,random-32-32-20.map,random-32-32-20-random-1.scen,65,12400F,CBS,ASTAR,1,1,1,1517,87.4718,3,https://github.com/ssfc/rhcr,2025/8/10 13:56,,
-1,random-32-32-20.map,random-32-32-20-random-1.scen,66,12400F,CBS,ASTAR,1,1,1,1559,10.7297,3,https://github.com/ssfc/rhcr,2025/8/10 13:56,,
-1,random-32-32-20.map,random-32-32-20-random-1.scen,67,12400F,CBS,ASTAR,1,1,1,1594,82.5852,3,https://github.com/ssfc/rhcr,2025/8/10 13:58,,
-1,random-32-32-20.map,random-32-32-20-random-1.scen,68,12400F,CBS,ASTAR,1,1,1,1609,12.3922,3,https://github.com/ssfc/rhcr,2025/8/10 13:58,,
-1,random-32-32-20.map,random-32-32-20-random-1.scen,69,12400F,CBS,ASTAR,1,1,1,1614,9.99633,3,https://github.com/ssfc/rhcr,2025/8/10 13:58,,
-1,random-32-32-20.map,random-32-32-20-random-1.scen,70,12400F,CBS,ASTAR,1,1,1,1661,24.3042,3,https://github.com/ssfc/rhcr,2025/8/10 13:58,,
-1,random-32-32-20.map,random-32-32-20-random-1.scen,71,12400F,CBS,ASTAR,1,1,1,1683,56.7311,3,https://github.com/ssfc/rhcr,2025/8/10 13:59,,
-1,random-32-32-20.map,random-32-32-20-random-1.scen,72,12400F,CBS,ASTAR,1,1,1,1725,30.1062,3,https://github.com/ssfc/rhcr,2025/8/10 14:00,,
-1,random-32-32-20.map,random-32-32-20-random-1.scen,73,12400F,CBS,ASTAR,1,1,1,1748,45.8113,3,https://github.com/ssfc/rhcr,2025/8/10 14:01,,
-1,random-32-32-20.map,random-32-32-20-random-1.scen,74,12400F,CBS,ASTAR,1,1,1,1768,189.162,3,https://github.com/ssfc/rhcr,2025/8/10 14:04,,
-1,random-32-32-20.map,random-32-32-20-random-1.scen,75,12400F,CBS,ASTAR,1,1,1,1777,187.116,3,https://github.com/ssfc/rhcr,2025/8/10 14:07,,
-1,random-32-32-20.map,random-32-32-20-random-1.scen,76,12400F,CBS,ASTAR,1,1,1,1783,39.1946,3,https://github.com/ssfc/rhcr,2025/8/10 14:08,,
-1,random-32-32-20.map,random-32-32-20-random-1.scen,77,12400F,CBS,ASTAR,1,1,1,1801,216.028,3,https://github.com/ssfc/rhcr,2025/8/10 14:11,,
-1,random-32-32-20.map,random-32-32-20-random-1.scen,78,12400F,CBS,ASTAR,1,1,1,1833,298.739,3,https://github.com/ssfc/rhcr,2025/8/10 14:16,,
-1,random-32-32-20.map,random-32-32-20-random-1.scen,1,12400F,CBSFlowBeam-whoenig,ASTAR-whoenig,1,NULL,NULL,38,0.007157,2,https://github.com/ssfc/libMultiRobotPlanning-isolated,2025/8/14 12:49,,
-1,random-32-32-20.map,random-32-32-20-random-1.scen,2,12400F,CBSFlowBeam-whoenig,ASTAR-whoenig,1,NULL,NULL,52,0.002916,2,https://github.com/ssfc/libMultiRobotPlanning-isolated,2025/8/14 12:49,,
-1,random-32-32-20.map,random-32-32-20-random-1.scen,3,12400F,CBSFlowBeam-whoenig,ASTAR-whoenig,1,NULL,NULL,83,0.005051,2,https://github.com/ssfc/libMultiRobotPlanning-isolated,2025/8/14 12:49,,
-1,random-32-32-20.map,random-32-32-20-random-1.scen,4,12400F,CBSFlowBeam-whoenig,ASTAR-whoenig,1,NULL,NULL,105,0.005995,2,https://github.com/ssfc/libMultiRobotPlanning-isolated,2025/8/14 12:49,,
-1,random-32-32-20.map,random-32-32-20-random-1.scen,5,12400F,CBSFlowBeam-whoenig,ASTAR-whoenig,1,NULL,NULL,138,0.009513,2,https://github.com/ssfc/libMultiRobotPlanning-isolated,2025/8/14 12:49,,
-1,random-32-32-20.map,random-32-32-20-random-1.scen,6,12400F,CBSFlowBeam-whoenig,ASTAR-whoenig,1,NULL,NULL,164,0.009618,2,https://github.com/ssfc/libMultiRobotPlanning-isolated,2025/8/14 12:49,,
-1,random-32-32-20.map,random-32-32-20-random-1.scen,7,12400F,CBSFlowBeam-whoenig,ASTAR-whoenig,1,NULL,NULL,181,0.013853,2,https://github.com/ssfc/libMultiRobotPlanning-isolated,2025/8/14 12:49,,
-1,random-32-32-20.map,random-32-32-20-random-1.scen,8,12400F,CBSFlowBeam-whoenig,ASTAR-whoenig,1,NULL,NULL,193,0.014218,2,https://github.com/ssfc/libMultiRobotPlanning-isolated,2025/8/14 12:49,,
-1,random-32-32-20.map,random-32-32-20-random-1.scen,9,12400F,CBSFlowBeam-whoenig,ASTAR-whoenig,1,NULL,NULL,199,0.010587,2,https://github.com/ssfc/libMultiRobotPlanning-isolated,2025/8/14 12:49,,
-1,random-32-32-20.map,random-32-32-20-random-1.scen,10,12400F,CBSFlowBeam-whoenig,ASTAR-whoenig,1,NULL,NULL,216,0.008357,2,https://github.com/ssfc/libMultiRobotPlanning-isolated,2025/8/14 12:49,,
-1,random-32-32-20.map,random-32-32-20-random-1.scen,11,12400F,CBSFlowBeam-whoenig,ASTAR-whoenig,1,NULL,NULL,240,0.014037,2,https://github.com/ssfc/libMultiRobotPlanning-isolated,2025/8/14 12:49,,
-1,random-32-32-20.map,random-32-32-20-random-1.scen,12,12400F,CBSFlowBeam-whoenig,ASTAR-whoenig,1,NULL,NULL,265,0.010588,2,https://github.com/ssfc/libMultiRobotPlanning-isolated,2025/8/14 12:49,,
-1,random-32-32-20.map,random-32-32-20-random-1.scen,13,12400F,CBSFlowBeam-whoenig,ASTAR-whoenig,1,NULL,NULL,283,0.052703,2,https://github.com/ssfc/libMultiRobotPlanning-isolated,2025/8/14 12:49,,
-1,random-32-32-20.map,random-32-32-20-random-1.scen,14,12400F,CBSFlowBeam-whoenig,ASTAR-whoenig,1,NULL,NULL,333,0.051536,2,https://github.com/ssfc/libMultiRobotPlanning-isolated,2025/8/14 12:49,,
-1,random-32-32-20.map,random-32-32-20-random-1.scen,15,12400F,CBSFlowBeam-whoenig,ASTAR-whoenig,1,NULL,NULL,358,0.051205,2,https://github.com/ssfc/libMultiRobotPlanning-isolated,2025/8/14 12:49,,
-1,random-32-32-20.map,random-32-32-20-random-1.scen,16,12400F,CBSFlowBeam-whoenig,ASTAR-whoenig,1,NULL,NULL,400,0.065586,2,https://github.com/ssfc/libMultiRobotPlanning-isolated,2025/8/14 12:49,,
-1,random-32-32-20.map,random-32-32-20-random-1.scen,17,12400F,CBSFlowBeam-whoenig,ASTAR-whoenig,1,NULL,NULL,420,0.065982,2,https://github.com/ssfc/libMultiRobotPlanning-isolated,2025/8/14 12:49,,
-1,random-32-32-20.map,random-32-32-20-random-1.scen,18,12400F,CBSFlowBeam-whoenig,ASTAR-whoenig,1,NULL,NULL,429,0.066866,2,https://github.com/ssfc/libMultiRobotPlanning-isolated,2025/8/14 12:49,,
-1,random-32-32-20.map,random-32-32-20-random-1.scen,19,12400F,CBSFlowBeam-whoenig,ASTAR-whoenig,1,NULL,NULL,443,0.068144,2,https://github.com/ssfc/libMultiRobotPlanning-isolated,2025/8/14 12:49,,
-1,random-32-32-20.map,random-32-32-20-random-1.scen,20,12400F,CBSFlowBeam-whoenig,ASTAR-whoenig,1,NULL,NULL,453,0.067909,2,https://github.com/ssfc/libMultiRobotPlanning-isolated,2025/8/14 12:49,,
-1,random-32-32-20.map,random-32-32-20-random-1.scen,21,12400F,CBSFlowBeam-whoenig,ASTAR-whoenig,1,NULL,NULL,486,0.072223,2,https://github.com/ssfc/libMultiRobotPlanning-isolated,2025/8/14 12:49,,
-1,random-32-32-20.map,random-32-32-20-random-1.scen,22,12400F,CBSFlowBeam-whoenig,ASTAR-whoenig,1,NULL,NULL,497,0.075437,2,https://github.com/ssfc/libMultiRobotPlanning-isolated,2025/8/14 12:49,,
-1,random-32-32-20.map,random-32-32-20-random-1.scen,23,12400F,CBSFlowBeam-whoenig,ASTAR-whoenig,1,NULL,NULL,511,0.068924,2,https://github.com/ssfc/libMultiRobotPlanning-isolated,2025/8/14 12:49,,
-1,random-32-32-20.map,random-32-32-20-random-1.scen,24,12400F,CBSFlowBeam-whoenig,ASTAR-whoenig,1,NULL,NULL,562,0.092853,2,https://github.com/ssfc/libMultiRobotPlanning-isolated,2025/8/14 12:49,,
-1,random-32-32-20.map,random-32-32-20-random-1.scen,25,12400F,CBSFlowBeam-whoenig,ASTAR-whoenig,1,NULL,NULL,578,0.093371,2,https://github.com/ssfc/libMultiRobotPlanning-isolated,2025/8/14 12:49,,
-1,random-32-32-20.map,random-32-32-20-random-1.scen,26,12400F,CBSFlowBeam-whoenig,ASTAR-whoenig,1,NULL,NULL,613,0.095771,2,https://github.com/ssfc/libMultiRobotPlanning-isolated,2025/8/14 12:49,,
-1,random-32-32-20.map,random-32-32-20-random-1.scen,27,12400F,CBSFlowBeam-whoenig,ASTAR-whoenig,1,NULL,NULL,646,0.108024,2,https://github.com/ssfc/libMultiRobotPlanning-isolated,2025/8/14 12:49,,
-1,random-32-32-20.map,random-32-32-20-random-1.scen,28,12400F,CBSFlowBeam-whoenig,ASTAR-whoenig,1,NULL,NULL,654,0.109846,2,https://github.com/ssfc/libMultiRobotPlanning-isolated,2025/8/14 12:49,,
-1,random-32-32-20.map,random-32-32-20-random-1.scen,29,12400F,CBSFlowBeam-whoenig,ASTAR-whoenig,1,NULL,NULL,662,0.109716,2,https://github.com/ssfc/libMultiRobotPlanning-isolated,2025/8/14 12:49,,
-1,random-32-32-20.map,random-32-32-20-random-1.scen,30,12400F,CBSFlowBeam-whoenig,ASTAR-whoenig,1,NULL,NULL,695,0.163479,2,https://github.com/ssfc/libMultiRobotPlanning-isolated,2025/8/14 12:49,,
-1,random-32-32-20.map,random-32-32-20-random-1.scen,31,12400F,CBSFlowBeam-whoenig,ASTAR-whoenig,1,NULL,NULL,723,0.21684,2,https://github.com/ssfc/libMultiRobotPlanning-isolated,2025/8/14 12:49,,
-1,random-32-32-20.map,random-32-32-20-random-1.scen,32,12400F,CBSFlowBeam-whoenig,ASTAR-whoenig,1,NULL,NULL,745,0.219268,2,https://github.com/ssfc/libMultiRobotPlanning-isolated,2025/8/14 12:49,,
-1,random-32-32-20.map,random-32-32-20-random-1.scen,33,12400F,CBSFlowBeam-whoenig,ASTAR-whoenig,1,NULL,NULL,755,0.224478,2,https://github.com/ssfc/libMultiRobotPlanning-isolated,2025/8/14 12:49,,
-1,random-32-32-20.map,random-32-32-20-random-1.scen,34,12400F,CBSFlowBeam-whoenig,ASTAR-whoenig,1,NULL,NULL,788,0.29681,2,https://github.com/ssfc/libMultiRobotPlanning-isolated,2025/8/14 12:49,,
-1,random-32-32-20.map,random-32-32-20-random-1.scen,35,12400F,CBSFlowBeam-whoenig,ASTAR-whoenig,1,NULL,NULL,816,0.298442,2,https://github.com/ssfc/libMultiRobotPlanning-isolated,2025/8/14 12:49,,
-1,random-32-32-20.map,random-32-32-20-random-1.scen,36,12400F,CBSFlowBeam-whoenig,ASTAR-whoenig,1,NULL,NULL,869,0.452708,2,https://github.com/ssfc/libMultiRobotPlanning-isolated,2025/8/14 12:49,,
-1,random-32-32-20.map,random-32-32-20-random-1.scen,37,12400F,CBSFlowBeam-whoenig,ASTAR-whoenig,1,NULL,NULL,877,0.456369,2,https://github.com/ssfc/libMultiRobotPlanning-isolated,2025/8/14 12:49,,
-1,random-32-32-20.map,random-32-32-20-random-1.scen,38,12400F,CBSFlowBeam-whoenig,ASTAR-whoenig,1,NULL,NULL,891,0.471794,2,https://github.com/ssfc/libMultiRobotPlanning-isolated,2025/8/14 12:49,,
-1,random-32-32-20.map,random-32-32-20-random-1.scen,39,12400F,CBSFlowBeam-whoenig,ASTAR-whoenig,1,NULL,NULL,911,0.500307,2,https://github.com/ssfc/libMultiRobotPlanning-isolated,2025/8/14 12:49,,
-1,random-32-32-20.map,random-32-32-20-random-1.scen,40,12400F,CBSFlowBeam-whoenig,ASTAR-whoenig,1,NULL,NULL,945,0.537866,2,https://github.com/ssfc/libMultiRobotPlanning-isolated,2025/8/14 12:49,,
-1,random-32-32-20.map,random-32-32-20-random-1.scen,41,12400F,CBSFlowBeam-whoenig,ASTAR-whoenig,1,NULL,NULL,965,0.544012,2,https://github.com/ssfc/libMultiRobotPlanning-isolated,2025/8/14 12:49,,
-1,random-32-32-20.map,random-32-32-20-random-1.scen,42,12400F,CBSFlowBeam-whoenig,ASTAR-whoenig,1,NULL,NULL,977,0.551341,2,https://github.com/ssfc/libMultiRobotPlanning-isolated,2025/8/14 12:49,,
-1,random-32-32-20.map,random-32-32-20-random-1.scen,43,12400F,CBSFlowBeam-whoenig,ASTAR-whoenig,1,NULL,NULL,1019,0.572443,2,https://github.com/ssfc/libMultiRobotPlanning-isolated,2025/8/14 12:49,,
-1,random-32-32-20.map,random-32-32-20-random-1.scen,44,12400F,CBSFlowBeam-whoenig,ASTAR-whoenig,1,NULL,NULL,1060,0.595215,2,https://github.com/ssfc/libMultiRobotPlanning-isolated,2025/8/14 12:49,,
-1,random-32-32-20.map,random-32-32-20-random-1.scen,45,12400F,CBSFlowBeam-whoenig,ASTAR-whoenig,1,NULL,NULL,1098,0.602977,2,https://github.com/ssfc/libMultiRobotPlanning-isolated,2025/8/14 12:49,,
-1,random-32-32-20.map,random-32-32-20-random-1.scen,46,12400F,CBSFlowBeam-whoenig,ASTAR-whoenig,1,NULL,NULL,1132,0.645956,2,https://github.com/ssfc/libMultiRobotPlanning-isolated,2025/8/14 12:49,,
-1,random-32-32-20.map,random-32-32-20-random-1.scen,47,12400F,CBSFlowBeam-whoenig,ASTAR-whoenig,1,NULL,NULL,1169,0.748062,2,https://github.com/ssfc/libMultiRobotPlanning-isolated,2025/8/14 12:49,,
-1,random-32-32-20.map,random-32-32-20-random-1.scen,48,12400F,CBSFlowBeam-whoenig,ASTAR-whoenig,1,NULL,NULL,1193,0.76158,2,https://github.com/ssfc/libMultiRobotPlanning-isolated,2025/8/14 12:49,,
-1,random-32-32-20.map,random-32-32-20-random-1.scen,49,12400F,CBSFlowBeam-whoenig,ASTAR-whoenig,1,NULL,NULL,1209,0.7757,2,https://github.com/ssfc/libMultiRobotPlanning-isolated,2025/8/14 12:49,,
-1,random-32-32-20.map,random-32-32-20-random-1.scen,50,12400F,CBSFlowBeam-whoenig,ASTAR-whoenig,1,NULL,NULL,1238,0.817308,2,https://github.com/ssfc/libMultiRobotPlanning-isolated,2025/8/14 12:49,,
-1,random-32-32-20.map,random-32-32-20-random-1.scen,51,12400F,CBSFlowBeam-whoenig,ASTAR-whoenig,1,NULL,NULL,1277,0.869415,2,https://github.com/ssfc/libMultiRobotPlanning-isolated,2025/8/14 12:49,,
-1,random-32-32-20.map,random-32-32-20-random-1.scen,52,12400F,CBSFlowBeam-whoenig,ASTAR-whoenig,1,NULL,NULL,1295,0.879421,2,https://github.com/ssfc/libMultiRobotPlanning-isolated,2025/8/14 12:49,,
-1,random-32-32-20.map,random-32-32-20-random-1.scen,53,12400F,CBSFlowBeam-whoenig,ASTAR-whoenig,1,NULL,NULL,1313,0.895705,2,https://github.com/ssfc/libMultiRobotPlanning-isolated,2025/8/14 12:49,,
-1,random-32-32-20.map,random-32-32-20-random-1.scen,54,12400F,CBSFlowBeam-whoenig,ASTAR-whoenig,1,NULL,NULL,1344,0.953231,2,https://github.com/ssfc/libMultiRobotPlanning-isolated,2025/8/14 12:49,,
-1,random-32-32-20.map,random-32-32-20-random-1.scen,55,12400F,CBSFlowBeam-whoenig,ASTAR-whoenig,1,NULL,NULL,1361,0.995765,2,https://github.com/ssfc/libMultiRobotPlanning-isolated,2025/8/14 12:49,,
-1,random-32-32-20.map,random-32-32-20-random-1.scen,56,12400F,CBSFlowBeam-whoenig,ASTAR-whoenig,1,NULL,NULL,1403,1.06183,2,https://github.com/ssfc/libMultiRobotPlanning-isolated,2025/8/14 12:49,,
-1,random-32-32-20.map,random-32-32-20-random-1.scen,57,12400F,CBSFlowBeam-whoenig,ASTAR-whoenig,1,NULL,NULL,1467,1.87906,2,https://github.com/ssfc/libMultiRobotPlanning-isolated,2025/8/14 12:49,,
-1,random-32-32-20.map,random-32-32-20-random-1.scen,58,12400F,CBSFlowBeam-whoenig,ASTAR-whoenig,1,NULL,NULL,1511,2.37526,2,https://github.com/ssfc/libMultiRobotPlanning-isolated,2025/8/14 12:49,,
-1,random-32-32-20.map,random-32-32-20-random-1.scen,59,12400F,CBSFlowBeam-whoenig,ASTAR-whoenig,1,NULL,NULL,1535,2.34521,2,https://github.com/ssfc/libMultiRobotPlanning-isolated,2025/8/14 12:49,,
-1,random-32-32-20.map,random-32-32-20-random-1.scen,60,12400F,CBSFlowBeam-whoenig,ASTAR-whoenig,1,NULL,NULL,1580,2.31785,2,https://github.com/ssfc/libMultiRobotPlanning-isolated,2025/8/14 12:49,,
-1,random-32-32-20.map,random-32-32-20-random-1.scen,61,12400F,CBSFlowBeam-whoenig,ASTAR-whoenig,1,NULL,NULL,1595,2.35627,2,https://github.com/ssfc/libMultiRobotPlanning-isolated,2025/8/14 12:49,,
-1,random-32-32-20.map,random-32-32-20-random-1.scen,62,12400F,CBSFlowBeam-whoenig,ASTAR-whoenig,1,NULL,NULL,1623,2.26794,2,https://github.com/ssfc/libMultiRobotPlanning-isolated,2025/8/14 12:49,,
-1,random-32-32-20.map,random-32-32-20-random-1.scen,63,12400F,CBSFlowBeam-whoenig,ASTAR-whoenig,1,NULL,NULL,1647,2.52797,2,https://github.com/ssfc/libMultiRobotPlanning-isolated,2025/8/14 12:50,,
-1,random-32-32-20.map,random-32-32-20-random-1.scen,64,12400F,CBSFlowBeam-whoenig,ASTAR-whoenig,1,NULL,NULL,1666,2.59841,2,https://github.com/ssfc/libMultiRobotPlanning-isolated,2025/8/14 12:50,,
-1,random-32-32-20.map,random-32-32-20-random-1.scen,65,12400F,CBSFlowBeam-whoenig,ASTAR-whoenig,1,NULL,NULL,1708,3.1923,2,https://github.com/ssfc/libMultiRobotPlanning-isolated,2025/8/14 12:50,,
-1,random-32-32-20.map,random-32-32-20-random-1.scen,66,12400F,CBSFlowBeam-whoenig,ASTAR-whoenig,1,NULL,NULL,1743,3.24704,2,https://github.com/ssfc/libMultiRobotPlanning-isolated,2025/8/14 12:50,,
-1,random-32-32-20.map,random-32-32-20-random-1.scen,67,12400F,CBSFlowBeam-whoenig,ASTAR-whoenig,1,NULL,NULL,1766,3.30545,2,https://github.com/ssfc/libMultiRobotPlanning-isolated,2025/8/14 12:50,,
-1,random-32-32-20.map,random-32-32-20-random-1.scen,68,12400F,CBSFlowBeam-whoenig,ASTAR-whoenig,1,NULL,NULL,1818,3.99634,2,https://github.com/ssfc/libMultiRobotPlanning-isolated,2025/8/14 12:50,,
-1,random-32-32-20.map,random-32-32-20-random-1.scen,69,12400F,CBSFlowBeam-whoenig,ASTAR-whoenig,1,NULL,NULL,1830,4.03899,2,https://github.com/ssfc/libMultiRobotPlanning-isolated,2025/8/14 12:50,,
-1,random-32-32-20.map,random-32-32-20-random-1.scen,70,12400F,CBSFlowBeam-whoenig,ASTAR-whoenig,1,NULL,NULL,1875,4.26595,2,https://github.com/ssfc/libMultiRobotPlanning-isolated,2025/8/14 12:50,,
-1,random-32-32-20.map,random-32-32-20-random-1.scen,71,12400F,CBSFlowBeam-whoenig,ASTAR-whoenig,1,NULL,NULL,1904,4.02214,2,https://github.com/ssfc/libMultiRobotPlanning-isolated,2025/8/14 12:50,,
-1,random-32-32-20.map,random-32-32-20-random-1.scen,72,12400F,CBSFlowBeam-whoenig,ASTAR-whoenig,1,NULL,NULL,1948,4.77266,2,https://github.com/ssfc/libMultiRobotPlanning-isolated,2025/8/14 12:50,,
-1,random-32-32-20.map,random-32-32-20-random-1.scen,73,12400F,CBSFlowBeam-whoenig,ASTAR-whoenig,1,NULL,NULL,1966,4.86655,2,https://github.com/ssfc/libMultiRobotPlanning-isolated,2025/8/14 12:50,,
-1,random-32-32-20.map,random-32-32-20-random-1.scen,74,12400F,CBSFlowBeam-whoenig,ASTAR-whoenig,1,NULL,NULL,1980,4.91975,2,https://github.com/ssfc/libMultiRobotPlanning-isolated,2025/8/14 12:50,,
-1,random-32-32-20.map,random-32-32-20-random-1.scen,75,12400F,CBSFlowBeam-whoenig,ASTAR-whoenig,1,NULL,NULL,1998,4.7608,2,https://github.com/ssfc/libMultiRobotPlanning-isolated,2025/8/14 12:50,,
-1,random-32-32-20.map,random-32-32-20-random-1.scen,76,12400F,CBSFlowBeam-whoenig,ASTAR-whoenig,1,NULL,NULL,2026,5.22617,2,https://github.com/ssfc/libMultiRobotPlanning-isolated,2025/8/14 12:50,,
-1,random-32-32-20.map,random-32-32-20-random-1.scen,77,12400F,CBSFlowBeam-whoenig,ASTAR-whoenig,1,NULL,NULL,2040,5.28276,2,https://github.com/ssfc/libMultiRobotPlanning-isolated,2025/8/14 12:51,,
-1,random-32-32-20.map,random-32-32-20-random-1.scen,78,12400F,CBSFlowBeam-whoenig,ASTAR-whoenig,1,NULL,NULL,2088,7.38668,2,https://github.com/ssfc/libMultiRobotPlanning-isolated,2025/8/14 12:51,,
-1,random-32-32-20.map,random-32-32-20-random-1.scen,79,12400F,CBSFlowBeam-whoenig,ASTAR-whoenig,1,NULL,NULL,2101,7.48379,2,https://github.com/ssfc/libMultiRobotPlanning-isolated,2025/8/14 12:51,,
-1,random-32-32-20.map,random-32-32-20-random-1.scen,80,12400F,CBSFlowBeam-whoenig,ASTAR-whoenig,1,NULL,NULL,2145,7.45586,2,https://github.com/ssfc/libMultiRobotPlanning-isolated,2025/8/14 12:51,,
-1,random-32-32-20.map,random-32-32-20-random-1.scen,81,12400F,CBSFlowBeam-whoenig,ASTAR-whoenig,1,NULL,NULL,2171,7.56313,2,https://github.com/ssfc/libMultiRobotPlanning-isolated,2025/8/14 12:51,,
-1,random-32-32-20.map,random-32-32-20-random-1.scen,82,12400F,CBSFlowBeam-whoenig,ASTAR-whoenig,1,NULL,NULL,2193,7.69227,2,https://github.com/ssfc/libMultiRobotPlanning-isolated,2025/8/14 12:51,,
-1,random-32-32-20.map,random-32-32-20-random-1.scen,83,12400F,CBSFlowBeam-whoenig,ASTAR-whoenig,1,NULL,NULL,2208,7.68835,2,https://github.com/ssfc/libMultiRobotPlanning-isolated,2025/8/14 12:51,,
-1,random-32-32-20.map,random-32-32-20-random-1.scen,84,12400F,CBSFlowBeam-whoenig,ASTAR-whoenig,1,NULL,NULL,2261,8.1267,2,https://github.com/ssfc/libMultiRobotPlanning-isolated,2025/8/14 12:51,,
-1,random-32-32-20.map,random-32-32-20-random-1.scen,85,12400F,CBSFlowBeam-whoenig,ASTAR-whoenig,1,NULL,NULL,2302,8.71309,2,https://github.com/ssfc/libMultiRobotPlanning-isolated,2025/8/14 12:52,,
-1,random-32-32-20.map,random-32-32-20-random-1.scen,86,12400F,CBSFlowBeam-whoenig,ASTAR-whoenig,1,NULL,NULL,2330,8.55448,2,https://github.com/ssfc/libMultiRobotPlanning-isolated,2025/8/14 12:52,,
-1,random-32-32-20.map,random-32-32-20-random-1.scen,87,12400F,CBSFlowBeam-whoenig,ASTAR-whoenig,1,NULL,NULL,2358,8.72134,2,https://github.com/ssfc/libMultiRobotPlanning-isolated,2025/8/14 12:52,,
-1,random-32-32-20.map,random-32-32-20-random-1.scen,88,12400F,CBSFlowBeam-whoenig,ASTAR-whoenig,1,NULL,NULL,2378,8.89019,2,https://github.com/ssfc/libMultiRobotPlanning-isolated,2025/8/14 12:52,,
-1,random-32-32-20.map,random-32-32-20-random-1.scen,89,12400F,CBSFlowBeam-whoenig,ASTAR-whoenig,1,NULL,NULL,2402,9.1157,2,https://github.com/ssfc/libMultiRobotPlanning-isolated,2025/8/14 12:52,,
-1,random-32-32-20.map,random-32-32-20-random-1.scen,90,12400F,CBSFlowBeam-whoenig,ASTAR-whoenig,1,NULL,NULL,2453,11.1534,2,https://github.com/ssfc/libMultiRobotPlanning-isolated,2025/8/14 12:52,,
-1,random-32-32-20.map,random-32-32-20-random-1.scen,91,12400F,CBSFlowBeam-whoenig,ASTAR-whoenig,1,NULL,NULL,2469,11.3061,2,https://github.com/ssfc/libMultiRobotPlanning-isolated,2025/8/14 12:53,,
-1,random-32-32-20.map,random-32-32-20-random-1.scen,92,12400F,CBSFlowBeam-whoenig,ASTAR-whoenig,1,NULL,NULL,2543,14.8514,2,https://github.com/ssfc/libMultiRobotPlanning-isolated,2025/8/14 12:53,,
-1,random-32-32-20.map,random-32-32-20-random-1.scen,93,12400F,CBSFlowBeam-whoenig,ASTAR-whoenig,1,NULL,NULL,2594,15.0066,2,https://github.com/ssfc/libMultiRobotPlanning-isolated,2025/8/14 12:53,,
-1,random-32-32-20.map,random-32-32-20-random-1.scen,94,12400F,CBSFlowBeam-whoenig,ASTAR-whoenig,1,NULL,NULL,2616,15.8538,2,https://github.com/ssfc/libMultiRobotPlanning-isolated,2025/8/14 12:53,,
-1,random-32-32-20.map,random-32-32-20-random-1.scen,95,12400F,CBSFlowBeam-whoenig,ASTAR-whoenig,1,NULL,NULL,2661,20.8415,2,https://github.com/ssfc/libMultiRobotPlanning-isolated,2025/8/14 12:54,,
-1,random-32-32-20.map,random-32-32-20-random-1.scen,96,12400F,CBSFlowBeam-whoenig,ASTAR-whoenig,1,NULL,NULL,2669,21.073,2,https://github.com/ssfc/libMultiRobotPlanning-isolated,2025/8/14 12:54,,
-1,random-32-32-20.map,random-32-32-20-random-1.scen,97,12400F,CBSFlowBeam-whoenig,ASTAR-whoenig,1,NULL,NULL,2714,22.6376,2,https://github.com/ssfc/libMultiRobotPlanning-isolated,2025/8/14 12:54,,
-1,random-32-32-20.map,random-32-32-20-random-1.scen,98,12400F,CBSFlowBeam-whoenig,ASTAR-whoenig,1,NULL,NULL,2730,23.7147,2,https://github.com/ssfc/libMultiRobotPlanning-isolated,2025/8/14 12:55,,
-1,random-32-32-20.map,random-32-32-20-random-1.scen,99,12400F,CBSFlowBeam-whoenig,ASTAR-whoenig,1,NULL,NULL,2763,23.6054,2,https://github.com/ssfc/libMultiRobotPlanning-isolated,2025/8/14 12:55,,
-1,random-32-32-20.map,random-32-32-20-random-1.scen,100,12400F,CBSFlowBeam-whoenig,ASTAR-whoenig,1,NULL,NULL,2772,23.8573,2,https://github.com/ssfc/libMultiRobotPlanning-isolated,2025/8/14 12:56,,
-1,random-32-32-20.map,random-32-32-20-random-1.scen,101,12400F,CBSFlowBeam-whoenig,ASTAR-whoenig,1,NULL,NULL,2832,30.5978,2,https://github.com/ssfc/libMultiRobotPlanning-isolated,2025/8/14 12:56,,
-1,random-32-32-20.map,random-32-32-20-random-1.scen,102,12400F,CBSFlowBeam-whoenig,ASTAR-whoenig,1,NULL,NULL,2864,28.996,2,https://github.com/ssfc/libMultiRobotPlanning-isolated,2025/8/14 12:57,,
-1,random-32-32-20.map,random-32-32-20-random-1.scen,103,12400F,CBSFlowBeam-whoenig,ASTAR-whoenig,1,NULL,NULL,2874,29.2716,2,https://github.com/ssfc/libMultiRobotPlanning-isolated,2025/8/14 12:57,,
-1,random-32-32-20.map,random-32-32-20-random-1.scen,104,12400F,CBSFlowBeam-whoenig,ASTAR-whoenig,1,NULL,NULL,2911,30.7563,2,https://github.com/ssfc/libMultiRobotPlanning-isolated,2025/8/14 12:58,,
-1,random-32-32-20.map,random-32-32-20-random-1.scen,105,12400F,CBSFlowBeam-whoenig,ASTAR-whoenig,1,NULL,NULL,2901,28.104,2,https://github.com/ssfc/libMultiRobotPlanning-isolated,2025/8/14 12:58,,
-1,random-32-32-20.map,random-32-32-20-random-1.scen,106,12400F,CBSFlowBeam-whoenig,ASTAR-whoenig,1,NULL,NULL,2938,28.4702,2,https://github.com/ssfc/libMultiRobotPlanning-isolated,2025/8/14 12:59,,
-1,random-32-32-20.map,random-32-32-20-random-1.scen,107,12400F,CBSFlowBeam-whoenig,ASTAR-whoenig,1,NULL,NULL,2972,30.4849,2,https://github.com/ssfc/libMultiRobotPlanning-isolated,2025/8/14 12:59,,
-1,random-32-32-20.map,random-32-32-20-random-1.scen,108,12400F,CBSFlowBeam-whoenig,ASTAR-whoenig,1,NULL,NULL,3020,32.0014,2,https://github.com/ssfc/libMultiRobotPlanning-isolated,2025/8/14 13:00,,
-1,random-32-32-20.map,random-32-32-20-random-1.scen,109,12400F,CBSFlowBeam-whoenig,ASTAR-whoenig,1,NULL,NULL,3091,35.9389,2,https://github.com/ssfc/libMultiRobotPlanning-isolated,2025/8/14 13:00,,
-1,random-32-32-20.map,random-32-32-20-random-1.scen,110,12400F,CBSFlowBeam-whoenig,ASTAR-whoenig,1,NULL,NULL,3069,24.6269,2,https://github.com/ssfc/libMultiRobotPlanning-isolated,2025/8/14 13:01,,
-1,random-32-32-20.map,random-32-32-20-random-1.scen,111,12400F,CBSFlowBeam-whoenig,ASTAR-whoenig,1,NULL,NULL,3099,25.3656,2,https://github.com/ssfc/libMultiRobotPlanning-isolated,2025/8/14 13:01,,
-1,random-32-32-20.map,random-32-32-20-random-1.scen,112,12400F,CBSFlowBeam-whoenig,ASTAR-whoenig,1,NULL,NULL,3148,27.02,2,https://github.com/ssfc/libMultiRobotPlanning-isolated,2025/8/14 13:01,,
-1,random-32-32-20.map,random-32-32-20-random-1.scen,113,12400F,CBSFlowBeam-whoenig,ASTAR-whoenig,1,NULL,NULL,3167,24.777,2,https://github.com/ssfc/libMultiRobotPlanning-isolated,2025/8/14 13:02,,
-1,random-32-32-20.map,random-32-32-20-random-1.scen,114,12400F,CBSFlowBeam-whoenig,ASTAR-whoenig,1,NULL,NULL,3192,24.6692,2,https://github.com/ssfc/libMultiRobotPlanning-isolated,2025/8/14 13:02,,
-1,random-32-32-20.map,random-32-32-20-random-1.scen,115,12400F,CBSFlowBeam-whoenig,ASTAR-whoenig,1,NULL,NULL,3259,30.4972,2,https://github.com/ssfc/libMultiRobotPlanning-isolated,2025/8/14 13:03,,
-1,random-32-32-20.map,random-32-32-20-random-1.scen,116,12400F,CBSFlowBeam-whoenig,ASTAR-whoenig,1,NULL,NULL,3286,31.0128,2,https://github.com/ssfc/libMultiRobotPlanning-isolated,2025/8/14 13:03,,
-1,random-32-32-20.map,random-32-32-20-random-1.scen,117,12400F,CBSFlowBeam-whoenig,ASTAR-whoenig,1,NULL,NULL,3318,32.036,2,https://github.com/ssfc/libMultiRobotPlanning-isolated,2025/8/14 13:04,,
-1,random-32-32-20.map,random-32-32-20-random-1.scen,118,12400F,CBSFlowBeam-whoenig,ASTAR-whoenig,1,NULL,NULL,3366,32.7546,2,https://github.com/ssfc/libMultiRobotPlanning-isolated,2025/8/14 13:04,,
-1,random-32-32-20.map,random-32-32-20-random-1.scen,119,12400F,CBSFlowBeam-whoenig,ASTAR-whoenig,1,NULL,NULL,3355,23.3809,2,https://github.com/ssfc/libMultiRobotPlanning-isolated,2025/8/14 13:05,,
-1,random-32-32-20.map,random-32-32-20-random-1.scen,120,12400F,CBSFlowBeam-whoenig,ASTAR-whoenig,1,NULL,NULL,3552,54.5641,2,https://github.com/ssfc/libMultiRobotPlanning-isolated,2025/8/14 13:06,,
-1,random-32-32-20.map,random-32-32-20-random-1.scen,121,12400F,CBSFlowBeam-whoenig,ASTAR-whoenig,1,NULL,NULL,3561,55.9035,2,https://github.com/ssfc/libMultiRobotPlanning-isolated,2025/8/14 13:07,,
-1,random-32-32-20.map,random-32-32-20-random-1.scen,122,12400F,CBSFlowBeam-whoenig,ASTAR-whoenig,1,NULL,NULL,3540,46.9975,2,https://github.com/ssfc/libMultiRobotPlanning-isolated,2025/8/14 13:07,,
-1,random-32-32-20.map,random-32-32-20-random-1.scen,123,12400F,CBSFlowBeam-whoenig,ASTAR-whoenig,1,NULL,NULL,3578,47.2885,2,https://github.com/ssfc/libMultiRobotPlanning-isolated,2025/8/14 13:08,,
-1,random-32-32-20.map,random-32-32-20-random-1.scen,124,12400F,CBSFlowBeam-whoenig,ASTAR-whoenig,1,NULL,NULL,3631,56.7047,2,https://github.com/ssfc/libMultiRobotPlanning-isolated,2025/8/14 13:09,,
-1,random-32-32-20.map,random-32-32-20-random-1.scen,125,12400F,CBSFlowBeam-whoenig,ASTAR-whoenig,1,NULL,NULL,3654,59.0886,2,https://github.com/ssfc/libMultiRobotPlanning-isolated,2025/8/14 13:10,,
-1,random-32-32-20.map,random-32-32-20-random-1.scen,126,12400F,CBSFlowBeam-whoenig,ASTAR-whoenig,1,NULL,NULL,3666,58.0071,2,https://github.com/ssfc/libMultiRobotPlanning-isolated,2025/8/14 13:11,,
-1,random-32-32-20.map,random-32-32-20-random-1.scen,127,12400F,CBSFlowBeam-whoenig,ASTAR-whoenig,1,NULL,NULL,3686,58.8393,2,https://github.com/ssfc/libMultiRobotPlanning-isolated,2025/8/14 13:12,,
-1,random-32-32-20.map,random-32-32-20-random-1.scen,128,12400F,CBSFlowBeam-whoenig,ASTAR-whoenig,1,NULL,NULL,3699,59.0723,2,https://github.com/ssfc/libMultiRobotPlanning-isolated,2025/8/14 13:13,,
-1,random-32-32-20.map,random-32-32-20-random-1.scen,129,12400F,CBSFlowBeam-whoenig,ASTAR-whoenig,1,NULL,NULL,3800,77.2988,2,https://github.com/ssfc/libMultiRobotPlanning-isolated,2025/8/14 13:14,,
-1,random-32-32-20.map,random-32-32-20-random-1.scen,130,12400F,CBSFlowBeam-whoenig,ASTAR-whoenig,1,NULL,NULL,3817,78.5024,2,https://github.com/ssfc/libMultiRobotPlanning-isolated,2025/8/14 13:16,,
-1,random-32-32-20.map,random-32-32-20-random-1.scen,131,12400F,CBSFlowBeam-whoenig,ASTAR-whoenig,1,NULL,NULL,3814,70.0296,2,https://github.com/ssfc/libMultiRobotPlanning-isolated,2025/8/14 13:17,,
-1,random-32-32-20.map,random-32-32-20-random-1.scen,132,12400F,CBSFlowBeam-whoenig,ASTAR-whoenig,1,NULL,NULL,3829,63.8826,2,https://github.com/ssfc/libMultiRobotPlanning-isolated,2025/8/14 13:18,,
-1,random-32-32-20.map,random-32-32-20-random-1.scen,133,12400F,CBSFlowBeam-whoenig,ASTAR-whoenig,1,NULL,NULL,3886,74.233,2,https://github.com/ssfc/libMultiRobotPlanning-isolated,2025/8/14 13:19,,
-1,random-32-32-20.map,random-32-32-20-random-1.scen,134,12400F,CBSFlowBeam-whoenig,ASTAR-whoenig,1,NULL,NULL,3953,88.9728,2,https://github.com/ssfc/libMultiRobotPlanning-isolated,2025/8/14 13:21,,
-1,random-32-32-20.map,random-32-32-20-random-1.scen,135,12400F,CBSFlowBeam-whoenig,ASTAR-whoenig,1,NULL,NULL,3970,90.0898,2,https://github.com/ssfc/libMultiRobotPlanning-isolated,2025/8/14 13:22,,
-1,random-32-32-20.map,random-32-32-20-random-1.scen,136,12400F,CBSFlowBeam-whoenig,ASTAR-whoenig,1,NULL,NULL,4031,101.349,2,https://github.com/ssfc/libMultiRobotPlanning-isolated,2025/8/14 13:24,,
-1,random-32-32-20.map,random-32-32-20-random-1.scen,137,12400F,CBSFlowBeam-whoenig,ASTAR-whoenig,1,NULL,NULL,4028,89.0165,2,https://github.com/ssfc/libMultiRobotPlanning-isolated,2025/8/14 13:25,,
-1,random-32-32-20.map,random-32-32-20-random-1.scen,138,12400F,CBSFlowBeam-whoenig,ASTAR-whoenig,1,NULL,NULL,4049,79.9949,2,https://github.com/ssfc/libMultiRobotPlanning-isolated,2025/8/14 13:27,,
-1,random-32-32-20.map,random-32-32-20-random-1.scen,139,12400F,CBSFlowBeam-whoenig,ASTAR-whoenig,1,NULL,NULL,4062,83.626,2,https://github.com/ssfc/libMultiRobotPlanning-isolated,2025/8/14 13:28,,
-1,random-32-32-20.map,random-32-32-20-random-1.scen,140,12400F,CBSFlowBeam-whoenig,ASTAR-whoenig,1,NULL,NULL,4098,81.7794,2,https://github.com/ssfc/libMultiRobotPlanning-isolated,2025/8/14 13:30,,
-1,random-32-32-20.map,random-32-32-20-random-1.scen,141,12400F,CBSFlowBeam-whoenig,ASTAR-whoenig,1,NULL,NULL,4148,82.5427,2,https://github.com/ssfc/libMultiRobotPlanning-isolated,2025/8/14 13:31,,
-1,random-32-32-20.map,random-32-32-20-random-1.scen,142,12400F,CBSFlowBeam-whoenig,ASTAR-whoenig,1,NULL,NULL,4152,83.4023,2,https://github.com/ssfc/libMultiRobotPlanning-isolated,2025/8/14 13:32,,
-1,random-32-32-20.map,random-32-32-20-random-1.scen,143,12400F,CBSFlowBeam-whoenig,ASTAR-whoenig,1,NULL,NULL,4266,123.011,2,https://github.com/ssfc/libMultiRobotPlanning-isolated,2025/8/14 13:34,,
-1,random-32-32-20.map,random-32-32-20-random-1.scen,144,12400F,CBSFlowBeam-whoenig,ASTAR-whoenig,1,NULL,NULL,4292,137.032,2,https://github.com/ssfc/libMultiRobotPlanning-isolated,2025/8/14 13:37,,
-1,random-32-32-20.map,random-32-32-20-random-1.scen,145,12400F,CBSFlowBeam-whoenig,ASTAR-whoenig,1,NULL,NULL,4319,147.719,2,https://github.com/ssfc/libMultiRobotPlanning-isolated,2025/8/14 13:39,,
-1,random-32-32-20.map,random-32-32-20-random-1.scen,146,12400F,CBSFlowBeam-whoenig,ASTAR-whoenig,1,NULL,NULL,4360,156.15,2,https://github.com/ssfc/libMultiRobotPlanning-isolated,2025/8/14 13:42,,
-1,random-32-32-20.map,random-32-32-20-random-1.scen,147,12400F,CBSFlowBeam-whoenig,ASTAR-whoenig,1,NULL,NULL,4398,144.67,2,https://github.com/ssfc/libMultiRobotPlanning-isolated,2025/8/14 13:44,,
-1,random-32-32-20.map,random-32-32-20-random-1.scen,148,12400F,CBSFlowBeam-whoenig,ASTAR-whoenig,1,NULL,NULL,4389,128.568,2,https://github.com/ssfc/libMultiRobotPlanning-isolated,2025/8/14 13:46,,
-1,random-32-32-20.map,random-32-32-20-random-1.scen,149,12400F,CBSFlowBeam-whoenig,ASTAR-whoenig,1,NULL,NULL,4386,118.163,2,https://github.com/ssfc/libMultiRobotPlanning-isolated,2025/8/14 13:48,,
-1,random-32-32-20.map,random-32-32-20-random-1.scen,150,12400F,CBSFlowBeam-whoenig,ASTAR-whoenig,1,NULL,NULL,4414,117.39,2,https://github.com/ssfc/libMultiRobotPlanning-isolated,2025/8/14 13:50,,
-1,random-32-32-20.map,random-32-32-20-random-1.scen,151,12400F,CBSFlowBeam-whoenig,ASTAR-whoenig,1,NULL,NULL,4430,118.796,2,https://github.com/ssfc/libMultiRobotPlanning-isolated,2025/8/14 13:52,,
-1,random-32-32-20.map,random-32-32-20-random-1.scen,152,12400F,CBSFlowBeam-whoenig,ASTAR-whoenig,1,NULL,NULL,4443,109.418,2,https://github.com/ssfc/libMultiRobotPlanning-isolated,2025/8/14 13:54,,
-1,random-32-32-20.map,random-32-32-20-random-1.scen,153,12400F,CBSFlowBeam-whoenig,ASTAR-whoenig,1,NULL,NULL,4477,115.707,2,https://github.com/ssfc/libMultiRobotPlanning-isolated,2025/8/14 13:56,,
-1,random-32-32-20.map,random-32-32-20-random-1.scen,154,12400F,CBSFlowBeam-whoenig,ASTAR-whoenig,1,NULL,NULL,4545,130.833,2,https://github.com/ssfc/libMultiRobotPlanning-isolated,2025/8/14 13:58,,
-1,random-32-32-20.map,random-32-32-20-random-1.scen,155,12400F,CBSFlowBeam-whoenig,ASTAR-whoenig,1,NULL,NULL,4540,116.291,2,https://github.com/ssfc/libMultiRobotPlanning-isolated,2025/8/14 14:00,,
-1,random-32-32-20.map,random-32-32-20-random-1.scen,156,12400F,CBSFlowBeam-whoenig,ASTAR-whoenig,1,NULL,NULL,4606,134.117,2,https://github.com/ssfc/libMultiRobotPlanning-isolated,2025/8/14 14:03,,
-1,random-32-32-20.map,random-32-32-20-random-1.scen,157,12400F,CBSFlowBeam-whoenig,ASTAR-whoenig,1,NULL,NULL,4680,157.137,2,https://github.com/ssfc/libMultiRobotPlanning-isolated,2025/8/14 14:05,,
-1,random-32-32-20.map,random-32-32-20-random-1.scen,158,12400F,CBSFlowBeam-whoenig,ASTAR-whoenig,1,NULL,NULL,4686,158.975,2,https://github.com/ssfc/libMultiRobotPlanning-isolated,2025/8/14 14:08,,
-1,random-32-32-20.map,random-32-32-20-random-1.scen,159,12400F,CBSFlowBeam-whoenig,ASTAR-whoenig,1,NULL,NULL,4709,158.243,2,https://github.com/ssfc/libMultiRobotPlanning-isolated,2025/8/14 14:11,,
-1,random-32-32-20.map,random-32-32-20-random-1.scen,160,12400F,CBSFlowBeam-whoenig,ASTAR-whoenig,1,NULL,NULL,4714,160.304,2,https://github.com/ssfc/libMultiRobotPlanning-isolated,2025/8/14 14:13,,
-1,random-32-32-20.map,random-32-32-20-random-1.scen,1,12400F,CBSFlowBeam-whoenig,ASTAR-whoenig,1,NULL,NULL,38,0.001534,3,https://github.com/ssfc/libMultiRobotPlanning-isolated,2025/8/14 14:21,,
-1,random-32-32-20.map,random-32-32-20-random-1.scen,2,12400F,CBSFlowBeam-whoenig,ASTAR-whoenig,1,NULL,NULL,52,0.00305,3,https://github.com/ssfc/libMultiRobotPlanning-isolated,2025/8/14 14:21,,
-1,random-32-32-20.map,random-32-32-20-random-1.scen,3,12400F,CBSFlowBeam-whoenig,ASTAR-whoenig,1,NULL,NULL,83,0.004865,3,https://github.com/ssfc/libMultiRobotPlanning-isolated,2025/8/14 14:21,,
-1,random-32-32-20.map,random-32-32-20-random-1.scen,4,12400F,CBSFlowBeam-whoenig,ASTAR-whoenig,1,NULL,NULL,105,0.009787,3,https://github.com/ssfc/libMultiRobotPlanning-isolated,2025/8/14 14:21,,
-1,random-32-32-20.map,random-32-32-20-random-1.scen,5,12400F,CBSFlowBeam-whoenig,ASTAR-whoenig,1,NULL,NULL,138,0.008851,3,https://github.com/ssfc/libMultiRobotPlanning-isolated,2025/8/14 14:21,,
-1,random-32-32-20.map,random-32-32-20-random-1.scen,6,12400F,CBSFlowBeam-whoenig,ASTAR-whoenig,1,NULL,NULL,164,0.007346,3,https://github.com/ssfc/libMultiRobotPlanning-isolated,2025/8/14 14:21,,
-1,random-32-32-20.map,random-32-32-20-random-1.scen,7,12400F,CBSFlowBeam-whoenig,ASTAR-whoenig,1,NULL,NULL,181,0.014229,3,https://github.com/ssfc/libMultiRobotPlanning-isolated,2025/8/14 14:21,,
-1,random-32-32-20.map,random-32-32-20-random-1.scen,8,12400F,CBSFlowBeam-whoenig,ASTAR-whoenig,1,NULL,NULL,193,0.012544,3,https://github.com/ssfc/libMultiRobotPlanning-isolated,2025/8/14 14:21,,
-1,random-32-32-20.map,random-32-32-20-random-1.scen,9,12400F,CBSFlowBeam-whoenig,ASTAR-whoenig,1,NULL,NULL,199,0.01198,3,https://github.com/ssfc/libMultiRobotPlanning-isolated,2025/8/14 14:21,,
-1,random-32-32-20.map,random-32-32-20-random-1.scen,10,12400F,CBSFlowBeam-whoenig,ASTAR-whoenig,1,NULL,NULL,216,0.008401,3,https://github.com/ssfc/libMultiRobotPlanning-isolated,2025/8/14 14:21,,
-1,random-32-32-20.map,random-32-32-20-random-1.scen,11,12400F,CBSFlowBeam-whoenig,ASTAR-whoenig,1,NULL,NULL,240,0.012498,3,https://github.com/ssfc/libMultiRobotPlanning-isolated,2025/8/14 14:21,,
-1,random-32-32-20.map,random-32-32-20-random-1.scen,12,12400F,CBSFlowBeam-whoenig,ASTAR-whoenig,1,NULL,NULL,265,0.01176,3,https://github.com/ssfc/libMultiRobotPlanning-isolated,2025/8/14 14:21,,
-1,random-32-32-20.map,random-32-32-20-random-1.scen,13,12400F,CBSFlowBeam-whoenig,ASTAR-whoenig,1,NULL,NULL,283,0.071875,3,https://github.com/ssfc/libMultiRobotPlanning-isolated,2025/8/14 14:21,,
-1,random-32-32-20.map,random-32-32-20-random-1.scen,14,12400F,CBSFlowBeam-whoenig,ASTAR-whoenig,1,NULL,NULL,333,0.068983,3,https://github.com/ssfc/libMultiRobotPlanning-isolated,2025/8/14 14:21,,
-1,random-32-32-20.map,random-32-32-20-random-1.scen,15,12400F,CBSFlowBeam-whoenig,ASTAR-whoenig,1,NULL,NULL,358,0.069637,3,https://github.com/ssfc/libMultiRobotPlanning-isolated,2025/8/14 14:21,,
-1,random-32-32-20.map,random-32-32-20-random-1.scen,16,12400F,CBSFlowBeam-whoenig,ASTAR-whoenig,1,NULL,NULL,400,0.089702,3,https://github.com/ssfc/libMultiRobotPlanning-isolated,2025/8/14 14:21,,
-1,random-32-32-20.map,random-32-32-20-random-1.scen,17,12400F,CBSFlowBeam-whoenig,ASTAR-whoenig,1,NULL,NULL,420,0.090378,3,https://github.com/ssfc/libMultiRobotPlanning-isolated,2025/8/14 14:21,,
-1,random-32-32-20.map,random-32-32-20-random-1.scen,18,12400F,CBSFlowBeam-whoenig,ASTAR-whoenig,1,NULL,NULL,429,0.09145,3,https://github.com/ssfc/libMultiRobotPlanning-isolated,2025/8/14 14:21,,
-1,random-32-32-20.map,random-32-32-20-random-1.scen,19,12400F,CBSFlowBeam-whoenig,ASTAR-whoenig,1,NULL,NULL,443,0.092309,3,https://github.com/ssfc/libMultiRobotPlanning-isolated,2025/8/14 14:21,,
-1,random-32-32-20.map,random-32-32-20-random-1.scen,20,12400F,CBSFlowBeam-whoenig,ASTAR-whoenig,1,NULL,NULL,453,0.094217,3,https://github.com/ssfc/libMultiRobotPlanning-isolated,2025/8/14 14:21,,
-1,random-32-32-20.map,random-32-32-20-random-1.scen,21,12400F,CBSFlowBeam-whoenig,ASTAR-whoenig,1,NULL,NULL,486,0.094047,3,https://github.com/ssfc/libMultiRobotPlanning-isolated,2025/8/14 14:21,,
-1,random-32-32-20.map,random-32-32-20-random-1.scen,22,12400F,CBSFlowBeam-whoenig,ASTAR-whoenig,1,NULL,NULL,497,0.107618,3,https://github.com/ssfc/libMultiRobotPlanning-isolated,2025/8/14 14:21,,
-1,random-32-32-20.map,random-32-32-20-random-1.scen,23,12400F,CBSFlowBeam-whoenig,ASTAR-whoenig,1,NULL,NULL,511,0.093123,3,https://github.com/ssfc/libMultiRobotPlanning-isolated,2025/8/14 14:21,,
-1,random-32-32-20.map,random-32-32-20-random-1.scen,24,12400F,CBSFlowBeam-whoenig,ASTAR-whoenig,1,NULL,NULL,562,0.133069,3,https://github.com/ssfc/libMultiRobotPlanning-isolated,2025/8/14 14:21,,
-1,random-32-32-20.map,random-32-32-20-random-1.scen,25,12400F,CBSFlowBeam-whoenig,ASTAR-whoenig,1,NULL,NULL,578,0.134607,3,https://github.com/ssfc/libMultiRobotPlanning-isolated,2025/8/14 14:21,,
-1,random-32-32-20.map,random-32-32-20-random-1.scen,26,12400F,CBSFlowBeam-whoenig,ASTAR-whoenig,1,NULL,NULL,613,0.137044,3,https://github.com/ssfc/libMultiRobotPlanning-isolated,2025/8/14 14:21,,
-1,random-32-32-20.map,random-32-32-20-random-1.scen,27,12400F,CBSFlowBeam-whoenig,ASTAR-whoenig,1,NULL,NULL,646,0.149771,3,https://github.com/ssfc/libMultiRobotPlanning-isolated,2025/8/14 14:21,,
-1,random-32-32-20.map,random-32-32-20-random-1.scen,28,12400F,CBSFlowBeam-whoenig,ASTAR-whoenig,1,NULL,NULL,654,0.151294,3,https://github.com/ssfc/libMultiRobotPlanning-isolated,2025/8/14 14:21,,
-1,random-32-32-20.map,random-32-32-20-random-1.scen,29,12400F,CBSFlowBeam-whoenig,ASTAR-whoenig,1,NULL,NULL,662,0.152932,3,https://github.com/ssfc/libMultiRobotPlanning-isolated,2025/8/14 14:21,,
-1,random-32-32-20.map,random-32-32-20-random-1.scen,30,12400F,CBSFlowBeam-whoenig,ASTAR-whoenig,1,NULL,NULL,695,0.223589,3,https://github.com/ssfc/libMultiRobotPlanning-isolated,2025/8/14 14:21,,
-1,random-32-32-20.map,random-32-32-20-random-1.scen,31,12400F,CBSFlowBeam-whoenig,ASTAR-whoenig,1,NULL,NULL,723,0.305406,3,https://github.com/ssfc/libMultiRobotPlanning-isolated,2025/8/14 14:21,,
-1,random-32-32-20.map,random-32-32-20-random-1.scen,32,12400F,CBSFlowBeam-whoenig,ASTAR-whoenig,1,NULL,NULL,745,0.307882,3,https://github.com/ssfc/libMultiRobotPlanning-isolated,2025/8/14 14:21,,
-1,random-32-32-20.map,random-32-32-20-random-1.scen,33,12400F,CBSFlowBeam-whoenig,ASTAR-whoenig,1,NULL,NULL,755,0.312243,3,https://github.com/ssfc/libMultiRobotPlanning-isolated,2025/8/14 14:21,,
-1,random-32-32-20.map,random-32-32-20-random-1.scen,34,12400F,CBSFlowBeam-whoenig,ASTAR-whoenig,1,NULL,NULL,788,0.423416,3,https://github.com/ssfc/libMultiRobotPlanning-isolated,2025/8/14 14:21,,
-1,random-32-32-20.map,random-32-32-20-random-1.scen,35,12400F,CBSFlowBeam-whoenig,ASTAR-whoenig,1,NULL,NULL,816,0.425527,3,https://github.com/ssfc/libMultiRobotPlanning-isolated,2025/8/14 14:21,,
-1,random-32-32-20.map,random-32-32-20-random-1.scen,36,12400F,CBSFlowBeam-whoenig,ASTAR-whoenig,1,NULL,NULL,869,0.652347,3,https://github.com/ssfc/libMultiRobotPlanning-isolated,2025/8/14 14:22,,
-1,random-32-32-20.map,random-32-32-20-random-1.scen,37,12400F,CBSFlowBeam-whoenig,ASTAR-whoenig,1,NULL,NULL,877,0.659613,3,https://github.com/ssfc/libMultiRobotPlanning-isolated,2025/8/14 14:22,,
-1,random-32-32-20.map,random-32-32-20-random-1.scen,38,12400F,CBSFlowBeam-whoenig,ASTAR-whoenig,1,NULL,NULL,891,0.684983,3,https://github.com/ssfc/libMultiRobotPlanning-isolated,2025/8/14 14:22,,
-1,random-32-32-20.map,random-32-32-20-random-1.scen,39,12400F,CBSFlowBeam-whoenig,ASTAR-whoenig,1,NULL,NULL,911,0.723819,3,https://github.com/ssfc/libMultiRobotPlanning-isolated,2025/8/14 14:22,,
-1,random-32-32-20.map,random-32-32-20-random-1.scen,40,12400F,CBSFlowBeam-whoenig,ASTAR-whoenig,1,NULL,NULL,945,0.778125,3,https://github.com/ssfc/libMultiRobotPlanning-isolated,2025/8/14 14:22,,
-1,random-32-32-20.map,random-32-32-20-random-1.scen,41,12400F,CBSFlowBeam-whoenig,ASTAR-whoenig,1,NULL,NULL,965,0.787237,3,https://github.com/ssfc/libMultiRobotPlanning-isolated,2025/8/14 14:22,,
-1,random-32-32-20.map,random-32-32-20-random-1.scen,42,12400F,CBSFlowBeam-whoenig,ASTAR-whoenig,1,NULL,NULL,977,0.799886,3,https://github.com/ssfc/libMultiRobotPlanning-isolated,2025/8/14 14:22,,
-1,random-32-32-20.map,random-32-32-20-random-1.scen,43,12400F,CBSFlowBeam-whoenig,ASTAR-whoenig,1,NULL,NULL,1019,0.823772,3,https://github.com/ssfc/libMultiRobotPlanning-isolated,2025/8/14 14:22,,
-1,random-32-32-20.map,random-32-32-20-random-1.scen,44,12400F,CBSFlowBeam-whoenig,ASTAR-whoenig,1,NULL,NULL,1060,0.866799,3,https://github.com/ssfc/libMultiRobotPlanning-isolated,2025/8/14 14:22,,
-1,random-32-32-20.map,random-32-32-20-random-1.scen,45,12400F,CBSFlowBeam-whoenig,ASTAR-whoenig,1,NULL,NULL,1098,0.874081,3,https://github.com/ssfc/libMultiRobotPlanning-isolated,2025/8/14 14:22,,
-1,random-32-32-20.map,random-32-32-20-random-1.scen,46,12400F,CBSFlowBeam-whoenig,ASTAR-whoenig,1,NULL,NULL,1132,0.939453,3,https://github.com/ssfc/libMultiRobotPlanning-isolated,2025/8/14 14:22,,
-1,random-32-32-20.map,random-32-32-20-random-1.scen,47,12400F,CBSFlowBeam-whoenig,ASTAR-whoenig,1,NULL,NULL,1169,1.08779,3,https://github.com/ssfc/libMultiRobotPlanning-isolated,2025/8/14 14:22,,
-1,random-32-32-20.map,random-32-32-20-random-1.scen,48,12400F,CBSFlowBeam-whoenig,ASTAR-whoenig,1,NULL,NULL,1193,1.10957,3,https://github.com/ssfc/libMultiRobotPlanning-isolated,2025/8/14 14:22,,
-1,random-32-32-20.map,random-32-32-20-random-1.scen,49,12400F,CBSFlowBeam-whoenig,ASTAR-whoenig,1,NULL,NULL,1209,1.12911,3,https://github.com/ssfc/libMultiRobotPlanning-isolated,2025/8/14 14:22,,
-1,random-32-32-20.map,random-32-32-20-random-1.scen,50,12400F,CBSFlowBeam-whoenig,ASTAR-whoenig,1,NULL,NULL,1238,1.18799,3,https://github.com/ssfc/libMultiRobotPlanning-isolated,2025/8/14 14:22,,
-1,random-32-32-20.map,random-32-32-20-random-1.scen,51,12400F,CBSFlowBeam-whoenig,ASTAR-whoenig,1,NULL,NULL,1277,1.2711,3,https://github.com/ssfc/libMultiRobotPlanning-isolated,2025/8/14 14:22,,
-1,random-32-32-20.map,random-32-32-20-random-1.scen,52,12400F,CBSFlowBeam-whoenig,ASTAR-whoenig,1,NULL,NULL,1295,1.28557,3,https://github.com/ssfc/libMultiRobotPlanning-isolated,2025/8/14 14:22,,
-1,random-32-32-20.map,random-32-32-20-random-1.scen,53,12400F,CBSFlowBeam-whoenig,ASTAR-whoenig,1,NULL,NULL,1313,1.31029,3,https://github.com/ssfc/libMultiRobotPlanning-isolated,2025/8/14 14:22,,
-1,random-32-32-20.map,random-32-32-20-random-1.scen,54,12400F,CBSFlowBeam-whoenig,ASTAR-whoenig,1,NULL,NULL,1344,1.3952,3,https://github.com/ssfc/libMultiRobotPlanning-isolated,2025/8/14 14:22,,
-1,random-32-32-20.map,random-32-32-20-random-1.scen,55,12400F,CBSFlowBeam-whoenig,ASTAR-whoenig,1,NULL,NULL,1361,1.43871,3,https://github.com/ssfc/libMultiRobotPlanning-isolated,2025/8/14 14:22,,
-1,random-32-32-20.map,random-32-32-20-random-1.scen,56,12400F,CBSFlowBeam-whoenig,ASTAR-whoenig,1,NULL,NULL,1403,1.55983,3,https://github.com/ssfc/libMultiRobotPlanning-isolated,2025/8/14 14:22,,
-1,random-32-32-20.map,random-32-32-20-random-1.scen,57,12400F,CBSFlowBeam-whoenig,ASTAR-whoenig,1,NULL,NULL,1467,2.78436,3,https://github.com/ssfc/libMultiRobotPlanning-isolated,2025/8/14 14:22,,
-1,random-32-32-20.map,random-32-32-20-random-1.scen,58,12400F,CBSFlowBeam-whoenig,ASTAR-whoenig,1,NULL,NULL,1511,3.48849,3,https://github.com/ssfc/libMultiRobotPlanning-isolated,2025/8/14 14:22,,
-1,random-32-32-20.map,random-32-32-20-random-1.scen,59,12400F,CBSFlowBeam-whoenig,ASTAR-whoenig,1,NULL,NULL,1534,3.44928,3,https://github.com/ssfc/libMultiRobotPlanning-isolated,2025/8/14 14:22,,
-1,random-32-32-20.map,random-32-32-20-random-1.scen,60,12400F,CBSFlowBeam-whoenig,ASTAR-whoenig,1,NULL,NULL,1579,3.46027,3,https://github.com/ssfc/libMultiRobotPlanning-isolated,2025/8/14 14:22,,
-1,random-32-32-20.map,random-32-32-20-random-1.scen,61,12400F,CBSFlowBeam-whoenig,ASTAR-whoenig,1,NULL,NULL,1594,3.52281,3,https://github.com/ssfc/libMultiRobotPlanning-isolated,2025/8/14 14:22,,
-1,random-32-32-20.map,random-32-32-20-random-1.scen,62,12400F,CBSFlowBeam-whoenig,ASTAR-whoenig,1,NULL,NULL,1622,3.38649,3,https://github.com/ssfc/libMultiRobotPlanning-isolated,2025/8/14 14:22,,
-1,random-32-32-20.map,random-32-32-20-random-1.scen,63,12400F,CBSFlowBeam-whoenig,ASTAR-whoenig,1,NULL,NULL,1646,3.75662,3,https://github.com/ssfc/libMultiRobotPlanning-isolated,2025/8/14 14:22,,
-1,random-32-32-20.map,random-32-32-20-random-1.scen,64,12400F,CBSFlowBeam-whoenig,ASTAR-whoenig,1,NULL,NULL,1665,3.84437,3,https://github.com/ssfc/libMultiRobotPlanning-isolated,2025/8/14 14:22,,
-1,random-32-32-20.map,random-32-32-20-random-1.scen,65,12400F,CBSFlowBeam-whoenig,ASTAR-whoenig,1,NULL,NULL,1707,4.75582,3,https://github.com/ssfc/libMultiRobotPlanning-isolated,2025/8/14 14:22,,
-1,random-32-32-20.map,random-32-32-20-random-1.scen,66,12400F,CBSFlowBeam-whoenig,ASTAR-whoenig,1,NULL,NULL,1742,4.81829,3,https://github.com/ssfc/libMultiRobotPlanning-isolated,2025/8/14 14:22,,
-1,random-32-32-20.map,random-32-32-20-random-1.scen,67,12400F,CBSFlowBeam-whoenig,ASTAR-whoenig,1,NULL,NULL,1765,4.91549,3,https://github.com/ssfc/libMultiRobotPlanning-isolated,2025/8/14 14:23,,
-1,random-32-32-20.map,random-32-32-20-random-1.scen,68,12400F,CBSFlowBeam-whoenig,ASTAR-whoenig,1,NULL,NULL,1816,5.8888,3,https://github.com/ssfc/libMultiRobotPlanning-isolated,2025/8/14 14:23,,
-1,random-32-32-20.map,random-32-32-20-random-1.scen,69,12400F,CBSFlowBeam-whoenig,ASTAR-whoenig,1,NULL,NULL,1828,5.968,3,https://github.com/ssfc/libMultiRobotPlanning-isolated,2025/8/14 14:23,,
-1,random-32-32-20.map,random-32-32-20-random-1.scen,70,12400F,CBSFlowBeam-whoenig,ASTAR-whoenig,1,NULL,NULL,1873,6.23861,3,https://github.com/ssfc/libMultiRobotPlanning-isolated,2025/8/14 14:23,,
-1,random-32-32-20.map,random-32-32-20-random-1.scen,71,12400F,CBSFlowBeam-whoenig,ASTAR-whoenig,1,NULL,NULL,1904,5.91747,3,https://github.com/ssfc/libMultiRobotPlanning-isolated,2025/8/14 14:23,,
-1,random-32-32-20.map,random-32-32-20-random-1.scen,72,12400F,CBSFlowBeam-whoenig,ASTAR-whoenig,1,NULL,NULL,1948,7.10897,3,https://github.com/ssfc/libMultiRobotPlanning-isolated,2025/8/14 14:23,,
-1,random-32-32-20.map,random-32-32-20-random-1.scen,73,12400F,CBSFlowBeam-whoenig,ASTAR-whoenig,1,NULL,NULL,1966,7.17796,3,https://github.com/ssfc/libMultiRobotPlanning-isolated,2025/8/14 14:23,,
-1,random-32-32-20.map,random-32-32-20-random-1.scen,74,12400F,CBSFlowBeam-whoenig,ASTAR-whoenig,1,NULL,NULL,1980,7.27477,3,https://github.com/ssfc/libMultiRobotPlanning-isolated,2025/8/14 14:23,,
-1,random-32-32-20.map,random-32-32-20-random-1.scen,75,12400F,CBSFlowBeam-whoenig,ASTAR-whoenig,1,NULL,NULL,1998,7.01826,3,https://github.com/ssfc/libMultiRobotPlanning-isolated,2025/8/14 14:23,,
-1,random-32-32-20.map,random-32-32-20-random-1.scen,76,12400F,CBSFlowBeam-whoenig,ASTAR-whoenig,1,NULL,NULL,2026,7.82667,3,https://github.com/ssfc/libMultiRobotPlanning-isolated,2025/8/14 14:24,,
-1,random-32-32-20.map,random-32-32-20-random-1.scen,77,12400F,CBSFlowBeam-whoenig,ASTAR-whoenig,1,NULL,NULL,2040,7.90952,3,https://github.com/ssfc/libMultiRobotPlanning-isolated,2025/8/14 14:24,,
-1,random-32-32-20.map,random-32-32-20-random-1.scen,78,12400F,CBSFlowBeam-whoenig,ASTAR-whoenig,1,NULL,NULL,2087,10.7589,3,https://github.com/ssfc/libMultiRobotPlanning-isolated,2025/8/14 14:24,,
-1,random-32-32-20.map,random-32-32-20-random-1.scen,79,12400F,CBSFlowBeam-whoenig,ASTAR-whoenig,1,NULL,NULL,2100,10.8969,3,https://github.com/ssfc/libMultiRobotPlanning-isolated,2025/8/14 14:24,,
-1,random-32-32-20.map,random-32-32-20-random-1.scen,80,12400F,CBSFlowBeam-whoenig,ASTAR-whoenig,1,NULL,NULL,2145,10.7806,3,https://github.com/ssfc/libMultiRobotPlanning-isolated,2025/8/14 14:24,,
-1,random-32-32-20.map,random-32-32-20-random-1.scen,81,12400F,CBSFlowBeam-whoenig,ASTAR-whoenig,1,NULL,NULL,2171,10.9743,3,https://github.com/ssfc/libMultiRobotPlanning-isolated,2025/8/14 14:24,,
-1,random-32-32-20.map,random-32-32-20-random-1.scen,82,12400F,CBSFlowBeam-whoenig,ASTAR-whoenig,1,NULL,NULL,2193,11.1046,3,https://github.com/ssfc/libMultiRobotPlanning-isolated,2025/8/14 14:25,,
-1,random-32-32-20.map,random-32-32-20-random-1.scen,83,12400F,CBSFlowBeam-whoenig,ASTAR-whoenig,1,NULL,NULL,2208,11.1741,3,https://github.com/ssfc/libMultiRobotPlanning-isolated,2025/8/14 14:25,,
-1,random-32-32-20.map,random-32-32-20-random-1.scen,84,12400F,CBSFlowBeam-whoenig,ASTAR-whoenig,1,NULL,NULL,2261,12.3497,3,https://github.com/ssfc/libMultiRobotPlanning-isolated,2025/8/14 14:25,,
-1,random-32-32-20.map,random-32-32-20-random-1.scen,85,12400F,CBSFlowBeam-whoenig,ASTAR-whoenig,1,NULL,NULL,2302,13.2861,3,https://github.com/ssfc/libMultiRobotPlanning-isolated,2025/8/14 14:25,,
-1,random-32-32-20.map,random-32-32-20-random-1.scen,86,12400F,CBSFlowBeam-whoenig,ASTAR-whoenig,1,NULL,NULL,2330,13.07,3,https://github.com/ssfc/libMultiRobotPlanning-isolated,2025/8/14 14:25,,
-1,random-32-32-20.map,random-32-32-20-random-1.scen,87,12400F,CBSFlowBeam-whoenig,ASTAR-whoenig,1,NULL,NULL,2358,13.3447,3,https://github.com/ssfc/libMultiRobotPlanning-isolated,2025/8/14 14:26,,
-1,random-32-32-20.map,random-32-32-20-random-1.scen,88,12400F,CBSFlowBeam-whoenig,ASTAR-whoenig,1,NULL,NULL,2378,13.5458,3,https://github.com/ssfc/libMultiRobotPlanning-isolated,2025/8/14 14:26,,
-1,random-32-32-20.map,random-32-32-20-random-1.scen,89,12400F,CBSFlowBeam-whoenig,ASTAR-whoenig,1,NULL,NULL,2402,13.9954,3,https://github.com/ssfc/libMultiRobotPlanning-isolated,2025/8/14 14:26,,
-1,random-32-32-20.map,random-32-32-20-random-1.scen,90,12400F,CBSFlowBeam-whoenig,ASTAR-whoenig,1,NULL,NULL,2453,17.1894,3,https://github.com/ssfc/libMultiRobotPlanning-isolated,2025/8/14 14:26,,
-1,random-32-32-20.map,random-32-32-20-random-1.scen,91,12400F,CBSFlowBeam-whoenig,ASTAR-whoenig,1,NULL,NULL,2469,17.3911,3,https://github.com/ssfc/libMultiRobotPlanning-isolated,2025/8/14 14:27,,
-1,random-32-32-20.map,random-32-32-20-random-1.scen,92,12400F,CBSFlowBeam-whoenig,ASTAR-whoenig,1,NULL,NULL,2543,22.1476,3,https://github.com/ssfc/libMultiRobotPlanning-isolated,2025/8/14 14:27,,
-1,random-32-32-20.map,random-32-32-20-random-1.scen,93,12400F,CBSFlowBeam-whoenig,ASTAR-whoenig,1,NULL,NULL,2594,22.4495,3,https://github.com/ssfc/libMultiRobotPlanning-isolated,2025/8/14 14:27,,
-1,random-32-32-20.map,random-32-32-20-random-1.scen,94,12400F,CBSFlowBeam-whoenig,ASTAR-whoenig,1,NULL,NULL,2616,23.6135,3,https://github.com/ssfc/libMultiRobotPlanning-isolated,2025/8/14 14:28,,
-1,random-32-32-20.map,random-32-32-20-random-1.scen,95,12400F,CBSFlowBeam-whoenig,ASTAR-whoenig,1,NULL,NULL,2661,30.4615,3,https://github.com/ssfc/libMultiRobotPlanning-isolated,2025/8/14 14:28,,
-1,random-32-32-20.map,random-32-32-20-random-1.scen,96,12400F,CBSFlowBeam-whoenig,ASTAR-whoenig,1,NULL,NULL,2669,30.9256,3,https://github.com/ssfc/libMultiRobotPlanning-isolated,2025/8/14 14:29,,
-1,random-32-32-20.map,random-32-32-20-random-1.scen,97,12400F,CBSFlowBeam-whoenig,ASTAR-whoenig,1,NULL,NULL,2714,32.9689,3,https://github.com/ssfc/libMultiRobotPlanning-isolated,2025/8/14 14:29,,
-1,random-32-32-20.map,random-32-32-20-random-1.scen,98,12400F,CBSFlowBeam-whoenig,ASTAR-whoenig,1,NULL,NULL,2730,34.0972,3,https://github.com/ssfc/libMultiRobotPlanning-isolated,2025/8/14 14:30,,
-1,random-32-32-20.map,random-32-32-20-random-1.scen,99,12400F,CBSFlowBeam-whoenig,ASTAR-whoenig,1,NULL,NULL,2763,34.3426,3,https://github.com/ssfc/libMultiRobotPlanning-isolated,2025/8/14 14:31,,
-1,random-32-32-20.map,random-32-32-20-random-1.scen,100,12400F,CBSFlowBeam-whoenig,ASTAR-whoenig,1,NULL,NULL,2772,34.7578,3,https://github.com/ssfc/libMultiRobotPlanning-isolated,2025/8/14 14:31,,
-1,random-32-32-20.map,random-32-32-20-random-1.scen,101,12400F,CBSFlowBeam-whoenig,ASTAR-whoenig,1,NULL,NULL,2832,45.2384,3,https://github.com/ssfc/libMultiRobotPlanning-isolated,2025/8/14 14:32,,
-1,random-32-32-20.map,random-32-32-20-random-1.scen,102,12400F,CBSFlowBeam-whoenig,ASTAR-whoenig,1,NULL,NULL,2860,42.1606,3,https://github.com/ssfc/libMultiRobotPlanning-isolated,2025/8/14 14:33,,
-1,random-32-32-20.map,random-32-32-20-random-1.scen,103,12400F,CBSFlowBeam-whoenig,ASTAR-whoenig,1,NULL,NULL,2870,42.6274,3,https://github.com/ssfc/libMultiRobotPlanning-isolated,2025/8/14 14:33,,
-1,random-32-32-20.map,random-32-32-20-random-1.scen,104,12400F,CBSFlowBeam-whoenig,ASTAR-whoenig,1,NULL,NULL,2907,44.5229,3,https://github.com/ssfc/libMultiRobotPlanning-isolated,2025/8/14 14:34,,
-1,random-32-32-20.map,random-32-32-20-random-1.scen,105,12400F,CBSFlowBeam-whoenig,ASTAR-whoenig,1,NULL,NULL,2901,41.9502,3,https://github.com/ssfc/libMultiRobotPlanning-isolated,2025/8/14 14:35,,
-1,random-32-32-20.map,random-32-32-20-random-1.scen,106,12400F,CBSFlowBeam-whoenig,ASTAR-whoenig,1,NULL,NULL,2938,42.4008,3,https://github.com/ssfc/libMultiRobotPlanning-isolated,2025/8/14 14:36,,
-1,random-32-32-20.map,random-32-32-20-random-1.scen,107,12400F,CBSFlowBeam-whoenig,ASTAR-whoenig,1,NULL,NULL,2972,45.355,3,https://github.com/ssfc/libMultiRobotPlanning-isolated,2025/8/14 14:36,,
-1,random-32-32-20.map,random-32-32-20-random-1.scen,108,12400F,CBSFlowBeam-whoenig,ASTAR-whoenig,1,NULL,NULL,3020,47.9707,3,https://github.com/ssfc/libMultiRobotPlanning-isolated,2025/8/14 14:37,,
-1,random-32-32-20.map,random-32-32-20-random-1.scen,109,12400F,CBSFlowBeam-whoenig,ASTAR-whoenig,1,NULL,NULL,3091,54.7453,3,https://github.com/ssfc/libMultiRobotPlanning-isolated,2025/8/14 14:38,,
-1,random-32-32-20.map,random-32-32-20-random-1.scen,110,12400F,CBSFlowBeam-whoenig,ASTAR-whoenig,1,NULL,NULL,3062,35.6638,3,https://github.com/ssfc/libMultiRobotPlanning-isolated,2025/8/14 14:39,,
-1,random-32-32-20.map,random-32-32-20-random-1.scen,111,12400F,CBSFlowBeam-whoenig,ASTAR-whoenig,1,NULL,NULL,3092,36.7651,3,https://github.com/ssfc/libMultiRobotPlanning-isolated,2025/8/14 14:39,,
-1,random-32-32-20.map,random-32-32-20-random-1.scen,112,12400F,CBSFlowBeam-whoenig,ASTAR-whoenig,1,NULL,NULL,3147,40.9443,3,https://github.com/ssfc/libMultiRobotPlanning-isolated,2025/8/14 14:40,,
-1,random-32-32-20.map,random-32-32-20-random-1.scen,113,12400F,CBSFlowBeam-whoenig,ASTAR-whoenig,1,NULL,NULL,3165,36.8893,3,https://github.com/ssfc/libMultiRobotPlanning-isolated,2025/8/14 14:41,,
-1,random-32-32-20.map,random-32-32-20-random-1.scen,114,12400F,CBSFlowBeam-whoenig,ASTAR-whoenig,1,NULL,NULL,3190,37.1383,3,https://github.com/ssfc/libMultiRobotPlanning-isolated,2025/8/14 14:41,,
-1,random-32-32-20.map,random-32-32-20-random-1.scen,115,12400F,CBSFlowBeam-whoenig,ASTAR-whoenig,1,NULL,NULL,3259,47.3381,3,https://github.com/ssfc/libMultiRobotPlanning-isolated,2025/8/14 14:42,,
-1,random-32-32-20.map,random-32-32-20-random-1.scen,116,12400F,CBSFlowBeam-whoenig,ASTAR-whoenig,1,NULL,NULL,3286,48.1634,3,https://github.com/ssfc/libMultiRobotPlanning-isolated,2025/8/14 14:43,,
-1,random-32-32-20.map,random-32-32-20-random-1.scen,117,12400F,CBSFlowBeam-whoenig,ASTAR-whoenig,1,NULL,NULL,3318,49.5681,3,https://github.com/ssfc/libMultiRobotPlanning-isolated,2025/8/14 14:44,,
-1,random-32-32-20.map,random-32-32-20-random-1.scen,118,12400F,CBSFlowBeam-whoenig,ASTAR-whoenig,1,NULL,NULL,3366,50.724,3,https://github.com/ssfc/libMultiRobotPlanning-isolated,2025/8/14 14:44,,
-1,random-32-32-20.map,random-32-32-20-random-1.scen,119,12400F,CBSFlowBeam-whoenig,ASTAR-whoenig,1,NULL,NULL,3355,35.1815,3,https://github.com/ssfc/libMultiRobotPlanning-isolated,2025/8/14 14:45,,
-1,random-32-32-20.map,random-32-32-20-random-1.scen,120,12400F,CBSFlowBeam-whoenig,ASTAR-whoenig,1,NULL,NULL,3552,83.5728,3,https://github.com/ssfc/libMultiRobotPlanning-isolated,2025/8/14 14:46,,
-1,random-32-32-20.map,random-32-32-20-random-1.scen,121,12400F,CBSFlowBeam-whoenig,ASTAR-whoenig,1,NULL,NULL,3561,85.072,3,https://github.com/ssfc/libMultiRobotPlanning-isolated,2025/8/14 14:48,,
-1,random-32-32-20.map,random-32-32-20-random-1.scen,122,12400F,CBSFlowBeam-whoenig,ASTAR-whoenig,1,NULL,NULL,3540,71.6902,3,https://github.com/ssfc/libMultiRobotPlanning-isolated,2025/8/14 14:49,,
-1,random-32-32-20.map,random-32-32-20-random-1.scen,123,12400F,CBSFlowBeam-whoenig,ASTAR-whoenig,1,NULL,NULL,3578,71.693,3,https://github.com/ssfc/libMultiRobotPlanning-isolated,2025/8/14 14:50,,
-1,random-32-32-20.map,random-32-32-20-random-1.scen,124,12400F,CBSFlowBeam-whoenig,ASTAR-whoenig,1,NULL,NULL,3631,85.8747,3,https://github.com/ssfc/libMultiRobotPlanning-isolated,2025/8/14 14:52,,
-1,random-32-32-20.map,random-32-32-20-random-1.scen,125,12400F,CBSFlowBeam-whoenig,ASTAR-whoenig,1,NULL,NULL,3654,89.085,3,https://github.com/ssfc/libMultiRobotPlanning-isolated,2025/8/14 14:53,,
-1,random-32-32-20.map,random-32-32-20-random-1.scen,126,12400F,CBSFlowBeam-whoenig,ASTAR-whoenig,1,NULL,NULL,3666,89.2979,3,https://github.com/ssfc/libMultiRobotPlanning-isolated,2025/8/14 14:55,,
-1,random-32-32-20.map,random-32-32-20-random-1.scen,127,12400F,CBSFlowBeam-whoenig,ASTAR-whoenig,1,NULL,NULL,3686,90.1548,3,https://github.com/ssfc/libMultiRobotPlanning-isolated,2025/8/14 14:56,,
-1,random-32-32-20.map,random-32-32-20-random-1.scen,128,12400F,CBSFlowBeam-whoenig,ASTAR-whoenig,1,NULL,NULL,3699,90.8205,3,https://github.com/ssfc/libMultiRobotPlanning-isolated,2025/8/14 14:58,,
-1,random-32-32-20.map,random-32-32-20-random-1.scen,129,12400F,CBSFlowBeam-whoenig,ASTAR-whoenig,1,NULL,NULL,3800,118.541,3,https://github.com/ssfc/libMultiRobotPlanning-isolated,2025/8/14 15:00,,
-1,random-32-32-20.map,random-32-32-20-random-1.scen,130,12400F,CBSFlowBeam-whoenig,ASTAR-whoenig,1,NULL,NULL,3817,120.291,3,https://github.com/ssfc/libMultiRobotPlanning-isolated,2025/8/14 15:02,,
-1,random-32-32-20.map,random-32-32-20-random-1.scen,131,12400F,CBSFlowBeam-whoenig,ASTAR-whoenig,1,NULL,NULL,3814,106.344,3,https://github.com/ssfc/libMultiRobotPlanning-isolated,2025/8/14 15:04,,
-1,random-32-32-20.map,random-32-32-20-random-1.scen,132,12400F,CBSFlowBeam-whoenig,ASTAR-whoenig,1,NULL,NULL,3829,97.4633,3,https://github.com/ssfc/libMultiRobotPlanning-isolated,2025/8/14 15:05,,
-1,random-32-32-20.map,random-32-32-20-random-1.scen,133,12400F,CBSFlowBeam-whoenig,ASTAR-whoenig,1,NULL,NULL,3886,112.54,3,https://github.com/ssfc/libMultiRobotPlanning-isolated,2025/8/14 15:07,,
-1,random-32-32-20.map,random-32-32-20-random-1.scen,134,12400F,CBSFlowBeam-whoenig,ASTAR-whoenig,1,NULL,NULL,3949,134.338,3,https://github.com/ssfc/libMultiRobotPlanning-isolated,2025/8/14 15:09,,
-1,random-32-32-20.map,random-32-32-20-random-1.scen,135,12400F,CBSFlowBeam-whoenig,ASTAR-whoenig,1,NULL,NULL,3966,135.789,3,https://github.com/ssfc/libMultiRobotPlanning-isolated,2025/8/14 15:12,,
-1,random-32-32-20.map,random-32-32-20-random-1.scen,136,12400F,CBSFlowBeam-whoenig,ASTAR-whoenig,1,NULL,NULL,4031,153.382,3,https://github.com/ssfc/libMultiRobotPlanning-isolated,2025/8/14 15:14,,
-1,random-32-32-20.map,random-32-32-20-random-1.scen,137,12400F,CBSFlowBeam-whoenig,ASTAR-whoenig,1,NULL,NULL,4028,134.464,3,https://github.com/ssfc/libMultiRobotPlanning-isolated,2025/8/14 15:16,,
-1,random-32-32-20.map,random-32-32-20-random-1.scen,138,12400F,CBSFlowBeam-whoenig,ASTAR-whoenig,1,NULL,NULL,4049,116.221,3,https://github.com/ssfc/libMultiRobotPlanning-isolated,2025/8/14 15:18,,
-1,random-32-32-20.map,random-32-32-20-random-1.scen,139,12400F,CBSFlowBeam-whoenig,ASTAR-whoenig,1,NULL,NULL,4062,121.641,3,https://github.com/ssfc/libMultiRobotPlanning-isolated,2025/8/14 15:20,,
-1,random-32-32-20.map,random-32-32-20-random-1.scen,140,12400F,CBSFlowBeam-whoenig,ASTAR-whoenig,1,NULL,NULL,4098,118.494,3,https://github.com/ssfc/libMultiRobotPlanning-isolated,2025/8/14 15:22,,
-1,random-32-32-20.map,random-32-32-20-random-1.scen,141,12400F,CBSFlowBeam-whoenig,ASTAR-whoenig,1,NULL,NULL,4148,119.907,3,https://github.com/ssfc/libMultiRobotPlanning-isolated,2025/8/14 15:24,,
-1,random-32-32-20.map,random-32-32-20-random-1.scen,142,12400F,CBSFlowBeam-whoenig,ASTAR-whoenig,1,NULL,NULL,4152,121.361,3,https://github.com/ssfc/libMultiRobotPlanning-isolated,2025/8/14 15:27,,
-1,random-32-32-20.map,random-32-32-20-random-1.scen,143,12400F,CBSFlowBeam-whoenig,ASTAR-whoenig,1,NULL,NULL,4266,182.472,3,https://github.com/ssfc/libMultiRobotPlanning-isolated,2025/8/14 15:30,,
-1,random-32-32-20.map,random-32-32-20-random-1.scen,144,12400F,CBSFlowBeam-whoenig,ASTAR-whoenig,1,NULL,NULL,4292,203.178,3,https://github.com/ssfc/libMultiRobotPlanning-isolated,2025/8/14 15:33,,
-1,random-32-32-20.map,random-32-32-20-random-1.scen,145,12400F,CBSFlowBeam-whoenig,ASTAR-whoenig,1,NULL,NULL,4319,217.379,3,https://github.com/ssfc/libMultiRobotPlanning-isolated,2025/8/14 15:37,,
-1,random-32-32-20.map,random-32-32-20-random-1.scen,146,12400F,CBSFlowBeam-whoenig,ASTAR-whoenig,1,NULL,NULL,4360,222.28,3,https://github.com/ssfc/libMultiRobotPlanning-isolated,2025/8/14 15:40,,
-1,random-32-32-20.map,random-32-32-20-random-1.scen,147,12400F,CBSFlowBeam-whoenig,ASTAR-whoenig,1,NULL,NULL,4398,213.169,3,https://github.com/ssfc/libMultiRobotPlanning-isolated,2025/8/14 15:44,,
-1,random-32-32-20.map,random-32-32-20-random-1.scen,148,12400F,CBSFlowBeam-whoenig,ASTAR-whoenig,1,NULL,NULL,4389,184.806,3,https://github.com/ssfc/libMultiRobotPlanning-isolated,2025/8/14 15:47,,
-1,random-32-32-20.map,random-32-32-20-random-1.scen,149,12400F,CBSFlowBeam-whoenig,ASTAR-whoenig,1,NULL,NULL,4386,173.828,3,https://github.com/ssfc/libMultiRobotPlanning-isolated,2025/8/14 15:50,,
-1,random-32-32-20.map,random-32-32-20-random-1.scen,150,12400F,CBSFlowBeam-whoenig,ASTAR-whoenig,1,NULL,NULL,4414,175.24,3,https://github.com/ssfc/libMultiRobotPlanning-isolated,2025/8/14 15:53,,
-1,random-32-32-20.map,random-32-32-20-random-1.scen,151,12400F,CBSFlowBeam-whoenig,ASTAR-whoenig,1,NULL,NULL,4430,176.712,3,https://github.com/ssfc/libMultiRobotPlanning-isolated,2025/8/14 15:56,,
-1,random-32-32-20.map,random-32-32-20-random-1.scen,152,12400F,CBSFlowBeam-whoenig,ASTAR-whoenig,1,NULL,NULL,4443,161.112,3,https://github.com/ssfc/libMultiRobotPlanning-isolated,2025/8/14 15:59,,
-1,random-32-32-20.map,random-32-32-20-random-1.scen,153,12400F,CBSFlowBeam-whoenig,ASTAR-whoenig,1,NULL,NULL,4447,149.2,3,https://github.com/ssfc/libMultiRobotPlanning-isolated,2025/8/14 16:01,,
-1,random-32-32-20.map,random-32-32-20-random-1.scen,154,12400F,CBSFlowBeam-whoenig,ASTAR-whoenig,1,NULL,NULL,4545,195.759,3,https://github.com/ssfc/libMultiRobotPlanning-isolated,2025/8/14 16:04,,
-1,random-32-32-20.map,random-32-32-20-random-1.scen,155,12400F,CBSFlowBeam-whoenig,ASTAR-whoenig,1,NULL,NULL,4540,164.71,3,https://github.com/ssfc/libMultiRobotPlanning-isolated,2025/8/14 16:07,,
-1,random-32-32-20.map,random-32-32-20-random-1.scen,156,12400F,CBSFlowBeam-whoenig,ASTAR-whoenig,1,NULL,NULL,4606,191.218,3,https://github.com/ssfc/libMultiRobotPlanning-isolated,2025/8/14 16:10,,
-1,random-32-32-20.map,random-32-32-20-random-1.scen,157,12400F,CBSFlowBeam-whoenig,ASTAR-whoenig,1,NULL,NULL,4680,229.599,3,https://github.com/ssfc/libMultiRobotPlanning-isolated,2025/8/14 16:14,,
-1,random-32-32-20.map,random-32-32-20-random-1.scen,158,12400F,CBSFlowBeam-whoenig,ASTAR-whoenig,1,NULL,NULL,4686,231.989,3,https://github.com/ssfc/libMultiRobotPlanning-isolated,2025/8/14 16:18,,
-1,random-32-32-20.map,random-32-32-20-random-1.scen,159,12400F,CBSFlowBeam-whoenig,ASTAR-whoenig,1,NULL,NULL,4709,232.255,3,https://github.com/ssfc/libMultiRobotPlanning-isolated,2025/8/14 16:22,,
-1,random-32-32-20.map,random-32-32-20-random-1.scen,160,12400F,CBSFlowBeam-whoenig,ASTAR-whoenig,1,NULL,NULL,4714,234.919,3,https://github.com/ssfc/libMultiRobotPlanning-isolated,2025/8/14 16:26,,
-1,random-32-32-20.map,random-32-32-20-random-1.scen,1,12400F,CBSFlowBeam-whoenig,ASTAR-whoenig,1,NULL,NULL,38,0.001497,4,https://github.com/ssfc/libMultiRobotPlanning-isolated,2025/8/14 17:00,,
-1,random-32-32-20.map,random-32-32-20-random-1.scen,2,12400F,CBSFlowBeam-whoenig,ASTAR-whoenig,1,NULL,NULL,52,0.008311,4,https://github.com/ssfc/libMultiRobotPlanning-isolated,2025/8/14 17:00,,
-1,random-32-32-20.map,random-32-32-20-random-1.scen,3,12400F,CBSFlowBeam-whoenig,ASTAR-whoenig,1,NULL,NULL,83,0.010866,4,https://github.com/ssfc/libMultiRobotPlanning-isolated,2025/8/14 17:00,,
-1,random-32-32-20.map,random-32-32-20-random-1.scen,4,12400F,CBSFlowBeam-whoenig,ASTAR-whoenig,1,NULL,NULL,105,0.005601,4,https://github.com/ssfc/libMultiRobotPlanning-isolated,2025/8/14 17:00,,
-1,random-32-32-20.map,random-32-32-20-random-1.scen,5,12400F,CBSFlowBeam-whoenig,ASTAR-whoenig,1,NULL,NULL,138,0.006882,4,https://github.com/ssfc/libMultiRobotPlanning-isolated,2025/8/14 17:00,,
-1,random-32-32-20.map,random-32-32-20-random-1.scen,6,12400F,CBSFlowBeam-whoenig,ASTAR-whoenig,1,NULL,NULL,164,0.007413,4,https://github.com/ssfc/libMultiRobotPlanning-isolated,2025/8/14 17:00,,
-1,random-32-32-20.map,random-32-32-20-random-1.scen,7,12400F,CBSFlowBeam-whoenig,ASTAR-whoenig,1,NULL,NULL,181,0.013789,4,https://github.com/ssfc/libMultiRobotPlanning-isolated,2025/8/14 17:00,,
-1,random-32-32-20.map,random-32-32-20-random-1.scen,8,12400F,CBSFlowBeam-whoenig,ASTAR-whoenig,1,NULL,NULL,193,0.011362,4,https://github.com/ssfc/libMultiRobotPlanning-isolated,2025/8/14 17:00,,
-1,random-32-32-20.map,random-32-32-20-random-1.scen,9,12400F,CBSFlowBeam-whoenig,ASTAR-whoenig,1,NULL,NULL,199,0.011103,4,https://github.com/ssfc/libMultiRobotPlanning-isolated,2025/8/14 17:00,,
-1,random-32-32-20.map,random-32-32-20-random-1.scen,10,12400F,CBSFlowBeam-whoenig,ASTAR-whoenig,1,NULL,NULL,216,0.014703,4,https://github.com/ssfc/libMultiRobotPlanning-isolated,2025/8/14 17:00,,
-1,random-32-32-20.map,random-32-32-20-random-1.scen,11,12400F,CBSFlowBeam-whoenig,ASTAR-whoenig,1,NULL,NULL,240,0.016457,4,https://github.com/ssfc/libMultiRobotPlanning-isolated,2025/8/14 17:00,,
-1,random-32-32-20.map,random-32-32-20-random-1.scen,12,12400F,CBSFlowBeam-whoenig,ASTAR-whoenig,1,NULL,NULL,265,0.013365,4,https://github.com/ssfc/libMultiRobotPlanning-isolated,2025/8/14 17:00,,
-1,random-32-32-20.map,random-32-32-20-random-1.scen,13,12400F,CBSFlowBeam-whoenig,ASTAR-whoenig,1,NULL,NULL,283,0.08382,4,https://github.com/ssfc/libMultiRobotPlanning-isolated,2025/8/14 17:00,,
-1,random-32-32-20.map,random-32-32-20-random-1.scen,14,12400F,CBSFlowBeam-whoenig,ASTAR-whoenig,1,NULL,NULL,333,0.084201,4,https://github.com/ssfc/libMultiRobotPlanning-isolated,2025/8/14 17:00,,
-1,random-32-32-20.map,random-32-32-20-random-1.scen,15,12400F,CBSFlowBeam-whoenig,ASTAR-whoenig,1,NULL,NULL,358,0.085936,4,https://github.com/ssfc/libMultiRobotPlanning-isolated,2025/8/14 17:00,,
-1,random-32-32-20.map,random-32-32-20-random-1.scen,16,12400F,CBSFlowBeam-whoenig,ASTAR-whoenig,1,NULL,NULL,400,0.112082,4,https://github.com/ssfc/libMultiRobotPlanning-isolated,2025/8/14 17:00,,
-1,random-32-32-20.map,random-32-32-20-random-1.scen,17,12400F,CBSFlowBeam-whoenig,ASTAR-whoenig,1,NULL,NULL,420,0.113985,4,https://github.com/ssfc/libMultiRobotPlanning-isolated,2025/8/14 17:00,,
-1,random-32-32-20.map,random-32-32-20-random-1.scen,18,12400F,CBSFlowBeam-whoenig,ASTAR-whoenig,1,NULL,NULL,429,0.113502,4,https://github.com/ssfc/libMultiRobotPlanning-isolated,2025/8/14 17:00,,
-1,random-32-32-20.map,random-32-32-20-random-1.scen,19,12400F,CBSFlowBeam-whoenig,ASTAR-whoenig,1,NULL,NULL,443,0.1146,4,https://github.com/ssfc/libMultiRobotPlanning-isolated,2025/8/14 17:00,,
-1,random-32-32-20.map,random-32-32-20-random-1.scen,20,12400F,CBSFlowBeam-whoenig,ASTAR-whoenig,1,NULL,NULL,453,0.11615,4,https://github.com/ssfc/libMultiRobotPlanning-isolated,2025/8/14 17:00,,
-1,random-32-32-20.map,random-32-32-20-random-1.scen,21,12400F,CBSFlowBeam-whoenig,ASTAR-whoenig,1,NULL,NULL,486,0.117801,4,https://github.com/ssfc/libMultiRobotPlanning-isolated,2025/8/14 17:00,,
-1,random-32-32-20.map,random-32-32-20-random-1.scen,22,12400F,CBSFlowBeam-whoenig,ASTAR-whoenig,1,NULL,NULL,497,0.135394,4,https://github.com/ssfc/libMultiRobotPlanning-isolated,2025/8/14 17:00,,
-1,random-32-32-20.map,random-32-32-20-random-1.scen,23,12400F,CBSFlowBeam-whoenig,ASTAR-whoenig,1,NULL,NULL,511,0.118877,4,https://github.com/ssfc/libMultiRobotPlanning-isolated,2025/8/14 17:00,,
-1,random-32-32-20.map,random-32-32-20-random-1.scen,24,12400F,CBSFlowBeam-whoenig,ASTAR-whoenig,1,NULL,NULL,562,0.169717,4,https://github.com/ssfc/libMultiRobotPlanning-isolated,2025/8/14 17:00,,
-1,random-32-32-20.map,random-32-32-20-random-1.scen,25,12400F,CBSFlowBeam-whoenig,ASTAR-whoenig,1,NULL,NULL,578,0.171865,4,https://github.com/ssfc/libMultiRobotPlanning-isolated,2025/8/14 17:00,,
-1,random-32-32-20.map,random-32-32-20-random-1.scen,26,12400F,CBSFlowBeam-whoenig,ASTAR-whoenig,1,NULL,NULL,613,0.174534,4,https://github.com/ssfc/libMultiRobotPlanning-isolated,2025/8/14 17:00,,
-1,random-32-32-20.map,random-32-32-20-random-1.scen,27,12400F,CBSFlowBeam-whoenig,ASTAR-whoenig,1,NULL,NULL,646,0.192621,4,https://github.com/ssfc/libMultiRobotPlanning-isolated,2025/8/14 17:00,,
-1,random-32-32-20.map,random-32-32-20-random-1.scen,28,12400F,CBSFlowBeam-whoenig,ASTAR-whoenig,1,NULL,NULL,654,0.193095,4,https://github.com/ssfc/libMultiRobotPlanning-isolated,2025/8/14 17:00,,
-1,random-32-32-20.map,random-32-32-20-random-1.scen,29,12400F,CBSFlowBeam-whoenig,ASTAR-whoenig,1,NULL,NULL,662,0.195184,4,https://github.com/ssfc/libMultiRobotPlanning-isolated,2025/8/14 17:00,,
-1,random-32-32-20.map,random-32-32-20-random-1.scen,30,12400F,CBSFlowBeam-whoenig,ASTAR-whoenig,1,NULL,NULL,695,0.286093,4,https://github.com/ssfc/libMultiRobotPlanning-isolated,2025/8/14 17:00,,
-1,random-32-32-20.map,random-32-32-20-random-1.scen,31,12400F,CBSFlowBeam-whoenig,ASTAR-whoenig,1,NULL,NULL,723,0.400824,4,https://github.com/ssfc/libMultiRobotPlanning-isolated,2025/8/14 17:00,,
-1,random-32-32-20.map,random-32-32-20-random-1.scen,32,12400F,CBSFlowBeam-whoenig,ASTAR-whoenig,1,NULL,NULL,745,0.407189,4,https://github.com/ssfc/libMultiRobotPlanning-isolated,2025/8/14 17:00,,
-1,random-32-32-20.map,random-32-32-20-random-1.scen,33,12400F,CBSFlowBeam-whoenig,ASTAR-whoenig,1,NULL,NULL,755,0.409505,4,https://github.com/ssfc/libMultiRobotPlanning-isolated,2025/8/14 17:00,,
-1,random-32-32-20.map,random-32-32-20-random-1.scen,34,12400F,CBSFlowBeam-whoenig,ASTAR-whoenig,1,NULL,NULL,788,0.559469,4,https://github.com/ssfc/libMultiRobotPlanning-isolated,2025/8/14 17:00,,
-1,random-32-32-20.map,random-32-32-20-random-1.scen,35,12400F,CBSFlowBeam-whoenig,ASTAR-whoenig,1,NULL,NULL,816,0.565338,4,https://github.com/ssfc/libMultiRobotPlanning-isolated,2025/8/14 17:00,,
-1,random-32-32-20.map,random-32-32-20-random-1.scen,36,12400F,CBSFlowBeam-whoenig,ASTAR-whoenig,1,NULL,NULL,869,0.868606,4,https://github.com/ssfc/libMultiRobotPlanning-isolated,2025/8/14 17:00,,
-1,random-32-32-20.map,random-32-32-20-random-1.scen,37,12400F,CBSFlowBeam-whoenig,ASTAR-whoenig,1,NULL,NULL,877,0.876201,4,https://github.com/ssfc/libMultiRobotPlanning-isolated,2025/8/14 17:00,,
-1,random-32-32-20.map,random-32-32-20-random-1.scen,38,12400F,CBSFlowBeam-whoenig,ASTAR-whoenig,1,NULL,NULL,891,0.905344,4,https://github.com/ssfc/libMultiRobotPlanning-isolated,2025/8/14 17:00,,
-1,random-32-32-20.map,random-32-32-20-random-1.scen,39,12400F,CBSFlowBeam-whoenig,ASTAR-whoenig,1,NULL,NULL,911,0.962901,4,https://github.com/ssfc/libMultiRobotPlanning-isolated,2025/8/14 17:00,,
-1,random-32-32-20.map,random-32-32-20-random-1.scen,40,12400F,CBSFlowBeam-whoenig,ASTAR-whoenig,1,NULL,NULL,945,1.03066,4,https://github.com/ssfc/libMultiRobotPlanning-isolated,2025/8/14 17:00,,
-1,random-32-32-20.map,random-32-32-20-random-1.scen,41,12400F,CBSFlowBeam-whoenig,ASTAR-whoenig,1,NULL,NULL,965,1.045,4,https://github.com/ssfc/libMultiRobotPlanning-isolated,2025/8/14 17:00,,
-1,random-32-32-20.map,random-32-32-20-random-1.scen,42,12400F,CBSFlowBeam-whoenig,ASTAR-whoenig,1,NULL,NULL,977,1.06086,4,https://github.com/ssfc/libMultiRobotPlanning-isolated,2025/8/14 17:00,,
-1,random-32-32-20.map,random-32-32-20-random-1.scen,43,12400F,CBSFlowBeam-whoenig,ASTAR-whoenig,1,NULL,NULL,1019,1.09301,4,https://github.com/ssfc/libMultiRobotPlanning-isolated,2025/8/14 17:00,,
-1,random-32-32-20.map,random-32-32-20-random-1.scen,44,12400F,CBSFlowBeam-whoenig,ASTAR-whoenig,1,NULL,NULL,1060,1.14964,4,https://github.com/ssfc/libMultiRobotPlanning-isolated,2025/8/14 17:00,,
-1,random-32-32-20.map,random-32-32-20-random-1.scen,45,12400F,CBSFlowBeam-whoenig,ASTAR-whoenig,1,NULL,NULL,1098,1.15861,4,https://github.com/ssfc/libMultiRobotPlanning-isolated,2025/8/14 17:00,,
-1,random-32-32-20.map,random-32-32-20-random-1.scen,46,12400F,CBSFlowBeam-whoenig,ASTAR-whoenig,1,NULL,NULL,1132,1.24786,4,https://github.com/ssfc/libMultiRobotPlanning-isolated,2025/8/14 17:00,,
-1,random-32-32-20.map,random-32-32-20-random-1.scen,47,12400F,CBSFlowBeam-whoenig,ASTAR-whoenig,1,NULL,NULL,1169,1.45213,4,https://github.com/ssfc/libMultiRobotPlanning-isolated,2025/8/14 17:00,,
-1,random-32-32-20.map,random-32-32-20-random-1.scen,48,12400F,CBSFlowBeam-whoenig,ASTAR-whoenig,1,NULL,NULL,1193,1.47155,4,https://github.com/ssfc/libMultiRobotPlanning-isolated,2025/8/14 17:00,,
-1,random-32-32-20.map,random-32-32-20-random-1.scen,49,12400F,CBSFlowBeam-whoenig,ASTAR-whoenig,1,NULL,NULL,1209,1.49648,4,https://github.com/ssfc/libMultiRobotPlanning-isolated,2025/8/14 17:00,,
-1,random-32-32-20.map,random-32-32-20-random-1.scen,50,12400F,CBSFlowBeam-whoenig,ASTAR-whoenig,1,NULL,NULL,1238,1.58041,4,https://github.com/ssfc/libMultiRobotPlanning-isolated,2025/8/14 17:00,,
-1,random-32-32-20.map,random-32-32-20-random-1.scen,51,12400F,CBSFlowBeam-whoenig,ASTAR-whoenig,1,NULL,NULL,1277,1.69118,4,https://github.com/ssfc/libMultiRobotPlanning-isolated,2025/8/14 17:00,,
-1,random-32-32-20.map,random-32-32-20-random-1.scen,52,12400F,CBSFlowBeam-whoenig,ASTAR-whoenig,1,NULL,NULL,1295,1.71002,4,https://github.com/ssfc/libMultiRobotPlanning-isolated,2025/8/14 17:00,,
-1,random-32-32-20.map,random-32-32-20-random-1.scen,53,12400F,CBSFlowBeam-whoenig,ASTAR-whoenig,1,NULL,NULL,1313,1.73669,4,https://github.com/ssfc/libMultiRobotPlanning-isolated,2025/8/14 17:00,,
-1,random-32-32-20.map,random-32-32-20-random-1.scen,54,12400F,CBSFlowBeam-whoenig,ASTAR-whoenig,1,NULL,NULL,1344,1.86701,4,https://github.com/ssfc/libMultiRobotPlanning-isolated,2025/8/14 17:00,,
-1,random-32-32-20.map,random-32-32-20-random-1.scen,55,12400F,CBSFlowBeam-whoenig,ASTAR-whoenig,1,NULL,NULL,1361,1.93728,4,https://github.com/ssfc/libMultiRobotPlanning-isolated,2025/8/14 17:01,,
-1,random-32-32-20.map,random-32-32-20-random-1.scen,56,12400F,CBSFlowBeam-whoenig,ASTAR-whoenig,1,NULL,NULL,1403,2.10959,4,https://github.com/ssfc/libMultiRobotPlanning-isolated,2025/8/14 17:01,,
-1,random-32-32-20.map,random-32-32-20-random-1.scen,57,12400F,CBSFlowBeam-whoenig,ASTAR-whoenig,1,NULL,NULL,1466,3.64937,4,https://github.com/ssfc/libMultiRobotPlanning-isolated,2025/8/14 17:01,,
-1,random-32-32-20.map,random-32-32-20-random-1.scen,58,12400F,CBSFlowBeam-whoenig,ASTAR-whoenig,1,NULL,NULL,1511,4.64494,4,https://github.com/ssfc/libMultiRobotPlanning-isolated,2025/8/14 17:01,,
-1,random-32-32-20.map,random-32-32-20-random-1.scen,59,12400F,CBSFlowBeam-whoenig,ASTAR-whoenig,1,NULL,NULL,1534,4.59124,4,https://github.com/ssfc/libMultiRobotPlanning-isolated,2025/8/14 17:01,,
-1,random-32-32-20.map,random-32-32-20-random-1.scen,60,12400F,CBSFlowBeam-whoenig,ASTAR-whoenig,1,NULL,NULL,1579,4.59939,4,https://github.com/ssfc/libMultiRobotPlanning-isolated,2025/8/14 17:01,,
-1,random-32-32-20.map,random-32-32-20-random-1.scen,61,12400F,CBSFlowBeam-whoenig,ASTAR-whoenig,1,NULL,NULL,1594,4.67136,4,https://github.com/ssfc/libMultiRobotPlanning-isolated,2025/8/14 17:01,,
-1,random-32-32-20.map,random-32-32-20-random-1.scen,62,12400F,CBSFlowBeam-whoenig,ASTAR-whoenig,1,NULL,NULL,1622,4.54135,4,https://github.com/ssfc/libMultiRobotPlanning-isolated,2025/8/14 17:01,,
-1,random-32-32-20.map,random-32-32-20-random-1.scen,63,12400F,CBSFlowBeam-whoenig,ASTAR-whoenig,1,NULL,NULL,1646,5.12646,4,https://github.com/ssfc/libMultiRobotPlanning-isolated,2025/8/14 17:01,,
-1,random-32-32-20.map,random-32-32-20-random-1.scen,64,12400F,CBSFlowBeam-whoenig,ASTAR-whoenig,1,NULL,NULL,1665,5.25557,4,https://github.com/ssfc/libMultiRobotPlanning-isolated,2025/8/14 17:01,,
-1,random-32-32-20.map,random-32-32-20-random-1.scen,65,12400F,CBSFlowBeam-whoenig,ASTAR-whoenig,1,NULL,NULL,1707,6.41395,4,https://github.com/ssfc/libMultiRobotPlanning-isolated,2025/8/14 17:01,,
-1,random-32-32-20.map,random-32-32-20-random-1.scen,66,12400F,CBSFlowBeam-whoenig,ASTAR-whoenig,1,NULL,NULL,1742,6.54443,4,https://github.com/ssfc/libMultiRobotPlanning-isolated,2025/8/14 17:01,,
-1,random-32-32-20.map,random-32-32-20-random-1.scen,67,12400F,CBSFlowBeam-whoenig,ASTAR-whoenig,1,NULL,NULL,1765,6.63291,4,https://github.com/ssfc/libMultiRobotPlanning-isolated,2025/8/14 17:02,,
-1,random-32-32-20.map,random-32-32-20-random-1.scen,68,12400F,CBSFlowBeam-whoenig,ASTAR-whoenig,1,NULL,NULL,1816,7.84096,4,https://github.com/ssfc/libMultiRobotPlanning-isolated,2025/8/14 17:02,,
-1,random-32-32-20.map,random-32-32-20-random-1.scen,69,12400F,CBSFlowBeam-whoenig,ASTAR-whoenig,1,NULL,NULL,1828,7.95669,4,https://github.com/ssfc/libMultiRobotPlanning-isolated,2025/8/14 17:02,,
-1,random-32-32-20.map,random-32-32-20-random-1.scen,70,12400F,CBSFlowBeam-whoenig,ASTAR-whoenig,1,NULL,NULL,1873,8.30266,4,https://github.com/ssfc/libMultiRobotPlanning-isolated,2025/8/14 17:02,,
-1,random-32-32-20.map,random-32-32-20-random-1.scen,71,12400F,CBSFlowBeam-whoenig,ASTAR-whoenig,1,NULL,NULL,1904,7.80556,4,https://github.com/ssfc/libMultiRobotPlanning-isolated,2025/8/14 17:02,,
-1,random-32-32-20.map,random-32-32-20-random-1.scen,72,12400F,CBSFlowBeam-whoenig,ASTAR-whoenig,1,NULL,NULL,1948,9.33019,4,https://github.com/ssfc/libMultiRobotPlanning-isolated,2025/8/14 17:02,,
-1,random-32-32-20.map,random-32-32-20-random-1.scen,73,12400F,CBSFlowBeam-whoenig,ASTAR-whoenig,1,NULL,NULL,1966,9.4565,4,https://github.com/ssfc/libMultiRobotPlanning-isolated,2025/8/14 17:02,,
-1,random-32-32-20.map,random-32-32-20-random-1.scen,74,12400F,CBSFlowBeam-whoenig,ASTAR-whoenig,1,NULL,NULL,1980,9.57977,4,https://github.com/ssfc/libMultiRobotPlanning-isolated,2025/8/14 17:03,,
-1,random-32-32-20.map,random-32-32-20-random-1.scen,75,12400F,CBSFlowBeam-whoenig,ASTAR-whoenig,1,NULL,NULL,1998,9.03219,4,https://github.com/ssfc/libMultiRobotPlanning-isolated,2025/8/14 17:03,,
-1,random-32-32-20.map,random-32-32-20-random-1.scen,76,12400F,CBSFlowBeam-whoenig,ASTAR-whoenig,1,NULL,NULL,2026,10.3304,4,https://github.com/ssfc/libMultiRobotPlanning-isolated,2025/8/14 17:03,,
-1,random-32-32-20.map,random-32-32-20-random-1.scen,77,12400F,CBSFlowBeam-whoenig,ASTAR-whoenig,1,NULL,NULL,2040,10.4452,4,https://github.com/ssfc/libMultiRobotPlanning-isolated,2025/8/14 17:03,,
-1,random-32-32-20.map,random-32-32-20-random-1.scen,78,12400F,CBSFlowBeam-whoenig,ASTAR-whoenig,1,NULL,NULL,2087,13.8291,4,https://github.com/ssfc/libMultiRobotPlanning-isolated,2025/8/14 17:03,,
-1,random-32-32-20.map,random-32-32-20-random-1.scen,79,12400F,CBSFlowBeam-whoenig,ASTAR-whoenig,1,NULL,NULL,2100,13.9968,4,https://github.com/ssfc/libMultiRobotPlanning-isolated,2025/8/14 17:03,,
-1,random-32-32-20.map,random-32-32-20-random-1.scen,80,12400F,CBSFlowBeam-whoenig,ASTAR-whoenig,1,NULL,NULL,2144,13.9402,4,https://github.com/ssfc/libMultiRobotPlanning-isolated,2025/8/14 17:04,,
-1,random-32-32-20.map,random-32-32-20-random-1.scen,81,12400F,CBSFlowBeam-whoenig,ASTAR-whoenig,1,NULL,NULL,2170,14.1899,4,https://github.com/ssfc/libMultiRobotPlanning-isolated,2025/8/14 17:04,,
-1,random-32-32-20.map,random-32-32-20-random-1.scen,82,12400F,CBSFlowBeam-whoenig,ASTAR-whoenig,1,NULL,NULL,2193,14.4358,4,https://github.com/ssfc/libMultiRobotPlanning-isolated,2025/8/14 17:04,,
-1,random-32-32-20.map,random-32-32-20-random-1.scen,83,12400F,CBSFlowBeam-whoenig,ASTAR-whoenig,1,NULL,NULL,2208,14.4829,4,https://github.com/ssfc/libMultiRobotPlanning-isolated,2025/8/14 17:04,,
-1,random-32-32-20.map,random-32-32-20-random-1.scen,84,12400F,CBSFlowBeam-whoenig,ASTAR-whoenig,1,NULL,NULL,2261,16.2941,4,https://github.com/ssfc/libMultiRobotPlanning-isolated,2025/8/14 17:05,,
-1,random-32-32-20.map,random-32-32-20-random-1.scen,85,12400F,CBSFlowBeam-whoenig,ASTAR-whoenig,1,NULL,NULL,2302,17.6145,4,https://github.com/ssfc/libMultiRobotPlanning-isolated,2025/8/14 17:05,,
-1,random-32-32-20.map,random-32-32-20-random-1.scen,86,12400F,CBSFlowBeam-whoenig,ASTAR-whoenig,1,NULL,NULL,2330,17.503,4,https://github.com/ssfc/libMultiRobotPlanning-isolated,2025/8/14 17:05,,
-1,random-32-32-20.map,random-32-32-20-random-1.scen,87,12400F,CBSFlowBeam-whoenig,ASTAR-whoenig,1,NULL,NULL,2358,17.8142,4,https://github.com/ssfc/libMultiRobotPlanning-isolated,2025/8/14 17:06,,
-1,random-32-32-20.map,random-32-32-20-random-1.scen,88,12400F,CBSFlowBeam-whoenig,ASTAR-whoenig,1,NULL,NULL,2378,18.1368,4,https://github.com/ssfc/libMultiRobotPlanning-isolated,2025/8/14 17:06,,
-1,random-32-32-20.map,random-32-32-20-random-1.scen,89,12400F,CBSFlowBeam-whoenig,ASTAR-whoenig,1,NULL,NULL,2402,18.7199,4,https://github.com/ssfc/libMultiRobotPlanning-isolated,2025/8/14 17:06,,
-1,random-32-32-20.map,random-32-32-20-random-1.scen,90,12400F,CBSFlowBeam-whoenig,ASTAR-whoenig,1,NULL,NULL,2453,22.374,4,https://github.com/ssfc/libMultiRobotPlanning-isolated,2025/8/14 17:07,,
-1,random-32-32-20.map,random-32-32-20-random-1.scen,91,12400F,CBSFlowBeam-whoenig,ASTAR-whoenig,1,NULL,NULL,2469,22.714,4,https://github.com/ssfc/libMultiRobotPlanning-isolated,2025/8/14 17:07,,
-1,random-32-32-20.map,random-32-32-20-random-1.scen,92,12400F,CBSFlowBeam-whoenig,ASTAR-whoenig,1,NULL,NULL,2543,29.7438,4,https://github.com/ssfc/libMultiRobotPlanning-isolated,2025/8/14 17:07,,
-1,random-32-32-20.map,random-32-32-20-random-1.scen,93,12400F,CBSFlowBeam-whoenig,ASTAR-whoenig,1,NULL,NULL,2594,30.1708,4,https://github.com/ssfc/libMultiRobotPlanning-isolated,2025/8/14 17:08,,
-1,random-32-32-20.map,random-32-32-20-random-1.scen,94,12400F,CBSFlowBeam-whoenig,ASTAR-whoenig,1,NULL,NULL,2616,31.7583,4,https://github.com/ssfc/libMultiRobotPlanning-isolated,2025/8/14 17:09,,
-1,random-32-32-20.map,random-32-32-20-random-1.scen,95,12400F,CBSFlowBeam-whoenig,ASTAR-whoenig,1,NULL,NULL,2661,41.9528,4,https://github.com/ssfc/libMultiRobotPlanning-isolated,2025/8/14 17:09,,
-1,random-32-32-20.map,random-32-32-20-random-1.scen,96,12400F,CBSFlowBeam-whoenig,ASTAR-whoenig,1,NULL,NULL,2669,42.3527,4,https://github.com/ssfc/libMultiRobotPlanning-isolated,2025/8/14 17:10,,
-1,random-32-32-20.map,random-32-32-20-random-1.scen,97,12400F,CBSFlowBeam-whoenig,ASTAR-whoenig,1,NULL,NULL,2714,45.4957,4,https://github.com/ssfc/libMultiRobotPlanning-isolated,2025/8/14 17:11,,
-1,random-32-32-20.map,random-32-32-20-random-1.scen,98,12400F,CBSFlowBeam-whoenig,ASTAR-whoenig,1,NULL,NULL,2730,47.4194,4,https://github.com/ssfc/libMultiRobotPlanning-isolated,2025/8/14 17:12,,
-1,random-32-32-20.map,random-32-32-20-random-1.scen,99,12400F,CBSFlowBeam-whoenig,ASTAR-whoenig,1,NULL,NULL,2763,47.3611,4,https://github.com/ssfc/libMultiRobotPlanning-isolated,2025/8/14 17:12,,
-1,random-32-32-20.map,random-32-32-20-random-1.scen,100,12400F,CBSFlowBeam-whoenig,ASTAR-whoenig,1,NULL,NULL,2772,48.0226,4,https://github.com/ssfc/libMultiRobotPlanning-isolated,2025/8/14 17:13,,
-1,random-32-32-20.map,random-32-32-20-random-1.scen,101,12400F,CBSFlowBeam-whoenig,ASTAR-whoenig,1,NULL,NULL,2832,61.4934,4,https://github.com/ssfc/libMultiRobotPlanning-isolated,2025/8/14 17:14,,
-1,random-32-32-20.map,random-32-32-20-random-1.scen,102,12400F,CBSFlowBeam-whoenig,ASTAR-whoenig,1,NULL,NULL,2860,57.5593,4,https://github.com/ssfc/libMultiRobotPlanning-isolated,2025/8/14 17:15,,
-1,random-32-32-20.map,random-32-32-20-random-1.scen,103,12400F,CBSFlowBeam-whoenig,ASTAR-whoenig,1,NULL,NULL,2870,58.053,4,https://github.com/ssfc/libMultiRobotPlanning-isolated,2025/8/14 17:16,,
-1,random-32-32-20.map,random-32-32-20-random-1.scen,104,12400F,CBSFlowBeam-whoenig,ASTAR-whoenig,1,NULL,NULL,2907,60.3856,4,https://github.com/ssfc/libMultiRobotPlanning-isolated,2025/8/14 17:17,,
-1,random-32-32-20.map,random-32-32-20-random-1.scen,105,12400F,CBSFlowBeam-whoenig,ASTAR-whoenig,1,NULL,NULL,2900,56.1051,4,https://github.com/ssfc/libMultiRobotPlanning-isolated,2025/8/14 17:18,,
-1,random-32-32-20.map,random-32-32-20-random-1.scen,106,12400F,CBSFlowBeam-whoenig,ASTAR-whoenig,1,NULL,NULL,2937,56.5897,4,https://github.com/ssfc/libMultiRobotPlanning-isolated,2025/8/14 17:19,,
-1,random-32-32-20.map,random-32-32-20-random-1.scen,107,12400F,CBSFlowBeam-whoenig,ASTAR-whoenig,1,NULL,NULL,2971,60.9076,4,https://github.com/ssfc/libMultiRobotPlanning-isolated,2025/8/14 17:20,,
-1,random-32-32-20.map,random-32-32-20-random-1.scen,108,12400F,CBSFlowBeam-whoenig,ASTAR-whoenig,1,NULL,NULL,3019,64.3117,4,https://github.com/ssfc/libMultiRobotPlanning-isolated,2025/8/14 17:21,,
-1,random-32-32-20.map,random-32-32-20-random-1.scen,109,12400F,CBSFlowBeam-whoenig,ASTAR-whoenig,1,NULL,NULL,3091,71.9201,4,https://github.com/ssfc/libMultiRobotPlanning-isolated,2025/8/14 17:22,,
-1,random-32-32-20.map,random-32-32-20-random-1.scen,110,12400F,CBSFlowBeam-whoenig,ASTAR-whoenig,1,NULL,NULL,3062,47.1285,4,https://github.com/ssfc/libMultiRobotPlanning-isolated,2025/8/14 17:23,,
-1,random-32-32-20.map,random-32-32-20-random-1.scen,111,12400F,CBSFlowBeam-whoenig,ASTAR-whoenig,1,NULL,NULL,3092,49.3342,4,https://github.com/ssfc/libMultiRobotPlanning-isolated,2025/8/14 17:24,,
-1,random-32-32-20.map,random-32-32-20-random-1.scen,112,12400F,CBSFlowBeam-whoenig,ASTAR-whoenig,1,NULL,NULL,3147,54.044,4,https://github.com/ssfc/libMultiRobotPlanning-isolated,2025/8/14 17:25,,
-1,random-32-32-20.map,random-32-32-20-random-1.scen,113,12400F,CBSFlowBeam-whoenig,ASTAR-whoenig,1,NULL,NULL,3165,49.2823,4,https://github.com/ssfc/libMultiRobotPlanning-isolated,2025/8/14 17:26,,
-1,random-32-32-20.map,random-32-32-20-random-1.scen,114,12400F,CBSFlowBeam-whoenig,ASTAR-whoenig,1,NULL,NULL,3190,49.4672,4,https://github.com/ssfc/libMultiRobotPlanning-isolated,2025/8/14 17:27,,
-1,random-32-32-20.map,random-32-32-20-random-1.scen,115,12400F,CBSFlowBeam-whoenig,ASTAR-whoenig,1,NULL,NULL,3259,62.0208,4,https://github.com/ssfc/libMultiRobotPlanning-isolated,2025/8/14 17:28,,
-1,random-32-32-20.map,random-32-32-20-random-1.scen,116,12400F,CBSFlowBeam-whoenig,ASTAR-whoenig,1,NULL,NULL,3286,63.3114,4,https://github.com/ssfc/libMultiRobotPlanning-isolated,2025/8/14 17:29,,
-1,random-32-32-20.map,random-32-32-20-random-1.scen,117,12400F,CBSFlowBeam-whoenig,ASTAR-whoenig,1,NULL,NULL,3318,65.1828,4,https://github.com/ssfc/libMultiRobotPlanning-isolated,2025/8/14 17:30,,
-1,random-32-32-20.map,random-32-32-20-random-1.scen,118,12400F,CBSFlowBeam-whoenig,ASTAR-whoenig,1,NULL,NULL,3366,66.2246,4,https://github.com/ssfc/libMultiRobotPlanning-isolated,2025/8/14 17:31,,
-1,random-32-32-20.map,random-32-32-20-random-1.scen,119,12400F,CBSFlowBeam-whoenig,ASTAR-whoenig,1,NULL,NULL,3355,46.7691,4,https://github.com/ssfc/libMultiRobotPlanning-isolated,2025/8/14 17:32,,
-1,random-32-32-20.map,random-32-32-20-random-1.scen,120,12400F,CBSFlowBeam-whoenig,ASTAR-whoenig,1,NULL,NULL,3552,109.783,4,https://github.com/ssfc/libMultiRobotPlanning-isolated,2025/8/14 17:33,,
-1,random-32-32-20.map,random-32-32-20-random-1.scen,121,12400F,CBSFlowBeam-whoenig,ASTAR-whoenig,1,NULL,NULL,3561,111.688,4,https://github.com/ssfc/libMultiRobotPlanning-isolated,2025/8/14 17:35,,
-1,random-32-32-20.map,random-32-32-20-random-1.scen,122,12400F,CBSFlowBeam-whoenig,ASTAR-whoenig,1,NULL,NULL,3540,95.214,4,https://github.com/ssfc/libMultiRobotPlanning-isolated,2025/8/14 17:37,,
-1,random-32-32-20.map,random-32-32-20-random-1.scen,123,12400F,CBSFlowBeam-whoenig,ASTAR-whoenig,1,NULL,NULL,3578,94.7327,4,https://github.com/ssfc/libMultiRobotPlanning-isolated,2025/8/14 17:39,,
-1,random-32-32-20.map,random-32-32-20-random-1.scen,124,12400F,CBSFlowBeam-whoenig,ASTAR-whoenig,1,NULL,NULL,3631,113.733,4,https://github.com/ssfc/libMultiRobotPlanning-isolated,2025/8/14 17:40,,
-1,random-32-32-20.map,random-32-32-20-random-1.scen,125,12400F,CBSFlowBeam-whoenig,ASTAR-whoenig,1,NULL,NULL,3654,119.649,4,https://github.com/ssfc/libMultiRobotPlanning-isolated,2025/8/14 17:42,,
-1,random-32-32-20.map,random-32-32-20-random-1.scen,126,12400F,CBSFlowBeam-whoenig,ASTAR-whoenig,1,NULL,NULL,3666,116.714,4,https://github.com/ssfc/libMultiRobotPlanning-isolated,2025/8/14 17:44,,
-1,random-32-32-20.map,random-32-32-20-random-1.scen,127,12400F,CBSFlowBeam-whoenig,ASTAR-whoenig,1,NULL,NULL,3686,118.173,4,https://github.com/ssfc/libMultiRobotPlanning-isolated,2025/8/14 17:46,,
-1,random-32-32-20.map,random-32-32-20-random-1.scen,128,12400F,CBSFlowBeam-whoenig,ASTAR-whoenig,1,NULL,NULL,3699,118.453,4,https://github.com/ssfc/libMultiRobotPlanning-isolated,2025/8/14 17:48,,
-1,random-32-32-20.map,random-32-32-20-random-1.scen,129,12400F,CBSFlowBeam-whoenig,ASTAR-whoenig,1,NULL,NULL,3800,155.103,4,https://github.com/ssfc/libMultiRobotPlanning-isolated,2025/8/14 17:51,,
-1,random-32-32-20.map,random-32-32-20-random-1.scen,130,12400F,CBSFlowBeam-whoenig,ASTAR-whoenig,1,NULL,NULL,3817,157.704,4,https://github.com/ssfc/libMultiRobotPlanning-isolated,2025/8/14 17:54,,
-1,random-32-32-20.map,random-32-32-20-random-1.scen,131,12400F,CBSFlowBeam-whoenig,ASTAR-whoenig,1,NULL,NULL,3814,140.925,4,https://github.com/ssfc/libMultiRobotPlanning-isolated,2025/8/14 17:56,,
-1,random-32-32-20.map,random-32-32-20-random-1.scen,132,12400F,CBSFlowBeam-whoenig,ASTAR-whoenig,1,NULL,NULL,3829,127.962,4,https://github.com/ssfc/libMultiRobotPlanning-isolated,2025/8/14 17:58,,
-1,random-32-32-20.map,random-32-32-20-random-1.scen,133,12400F,CBSFlowBeam-whoenig,ASTAR-whoenig,1,NULL,NULL,3886,147.501,4,https://github.com/ssfc/libMultiRobotPlanning-isolated,2025/8/14 18:01,,
-1,random-32-32-20.map,random-32-32-20-random-1.scen,134,12400F,CBSFlowBeam-whoenig,ASTAR-whoenig,1,NULL,NULL,3949,177.149,4,https://github.com/ssfc/libMultiRobotPlanning-isolated,2025/8/14 18:04,,
-1,random-32-32-20.map,random-32-32-20-random-1.scen,135,12400F,CBSFlowBeam-whoenig,ASTAR-whoenig,1,NULL,NULL,3966,179.838,4,https://github.com/ssfc/libMultiRobotPlanning-isolated,2025/8/14 18:07,,
-1,random-32-32-20.map,random-32-32-20-random-1.scen,136,12400F,CBSFlowBeam-whoenig,ASTAR-whoenig,1,NULL,NULL,4029,203.763,4,https://github.com/ssfc/libMultiRobotPlanning-isolated,2025/8/14 18:10,,
-1,random-32-32-20.map,random-32-32-20-random-1.scen,137,12400F,CBSFlowBeam-whoenig,ASTAR-whoenig,1,NULL,NULL,4026,176.877,4,https://github.com/ssfc/libMultiRobotPlanning-isolated,2025/8/14 18:13,,
-1,random-32-32-20.map,random-32-32-20-random-1.scen,138,12400F,CBSFlowBeam-whoenig,ASTAR-whoenig,1,NULL,NULL,4048,158.005,4,https://github.com/ssfc/libMultiRobotPlanning-isolated,2025/8/14 18:16,,
-1,random-32-32-20.map,random-32-32-20-random-1.scen,139,12400F,CBSFlowBeam-whoenig,ASTAR-whoenig,1,NULL,NULL,4060,164.156,4,https://github.com/ssfc/libMultiRobotPlanning-isolated,2025/8/14 18:18,,
-1,random-32-32-20.map,random-32-32-20-random-1.scen,140,12400F,CBSFlowBeam-whoenig,ASTAR-whoenig,1,NULL,NULL,4097,160.814,4,https://github.com/ssfc/libMultiRobotPlanning-isolated,2025/8/14 18:21,,
-1,random-32-32-20.map,random-32-32-20-random-1.scen,141,12400F,CBSFlowBeam-whoenig,ASTAR-whoenig,1,NULL,NULL,4147,162.499,4,https://github.com/ssfc/libMultiRobotPlanning-isolated,2025/8/14 18:24,,
-1,random-32-32-20.map,random-32-32-20-random-1.scen,142,12400F,CBSFlowBeam-whoenig,ASTAR-whoenig,1,NULL,NULL,4151,164.465,4,https://github.com/ssfc/libMultiRobotPlanning-isolated,2025/8/14 18:27,,
-1,random-32-32-20.map,random-32-32-20-random-1.scen,143,12400F,CBSFlowBeam-whoenig,ASTAR-whoenig,1,NULL,NULL,4262,242.847,4,https://github.com/ssfc/libMultiRobotPlanning-isolated,2025/8/14 18:31,,
-1,random-32-32-20.map,random-32-32-20-random-1.scen,144,12400F,CBSFlowBeam-whoenig,ASTAR-whoenig,1,NULL,NULL,4289,273.808,4,https://github.com/ssfc/libMultiRobotPlanning-isolated,2025/8/14 18:35,,
-1,random-32-32-20.map,random-32-32-20-random-1.scen,145,12400F,CBSFlowBeam-whoenig,ASTAR-whoenig,1,NULL,NULL,4319,296.605,4,https://github.com/ssfc/libMultiRobotPlanning-isolated,2025/8/14 18:40,,
-1,random-32-32-20.map,random-32-32-20-random-1.scen,146,12400F,CBSFlowBeam-whoenig,ASTAR-whoenig,1,NULL,NULL,4357,302.159,4,https://github.com/ssfc/libMultiRobotPlanning-isolated,2025/8/14 18:45,,
-1,random-32-32-20.map,random-32-32-20-random-1.scen,147,12400F,CBSFlowBeam-whoenig,ASTAR-whoenig,1,NULL,NULL,4383,277.41,4,https://github.com/ssfc/libMultiRobotPlanning-isolated,2025/8/14 18:50,,
-1,random-32-32-20.map,random-32-32-20-random-1.scen,148,12400F,CBSFlowBeam-whoenig,ASTAR-whoenig,1,NULL,NULL,4389,259.016,4,https://github.com/ssfc/libMultiRobotPlanning-isolated,2025/8/14 18:54,,
-1,random-32-32-20.map,random-32-32-20-random-1.scen,149,12400F,CBSFlowBeam-whoenig,ASTAR-whoenig,1,NULL,NULL,4386,239.832,4,https://github.com/ssfc/libMultiRobotPlanning-isolated,2025/8/14 18:58,,
-1,random-32-32-20.map,random-32-32-20-random-1.scen,150,12400F,CBSFlowBeam-whoenig,ASTAR-whoenig,1,NULL,NULL,4414,238.609,4,https://github.com/ssfc/libMultiRobotPlanning-isolated,2025/8/14 19:02,,
-1,random-32-32-20.map,random-32-32-20-random-1.scen,151,12400F,CBSFlowBeam-whoenig,ASTAR-whoenig,1,NULL,NULL,4430,240.235,4,https://github.com/ssfc/libMultiRobotPlanning-isolated,2025/8/14 19:06,,
-1,random-32-32-20.map,random-32-32-20-random-1.scen,152,12400F,CBSFlowBeam-whoenig,ASTAR-whoenig,1,NULL,NULL,4442,218.106,4,https://github.com/ssfc/libMultiRobotPlanning-isolated,2025/8/14 19:10,,
-1,random-32-32-20.map,random-32-32-20-random-1.scen,153,12400F,CBSFlowBeam-whoenig,ASTAR-whoenig,1,NULL,NULL,4463,215.444,4,https://github.com/ssfc/libMultiRobotPlanning-isolated,2025/8/14 19:14,,
-1,random-32-32-20.map,random-32-32-20-random-1.scen,154,12400F,CBSFlowBeam-whoenig,ASTAR-whoenig,1,NULL,NULL,4545,274.361,4,https://github.com/ssfc/libMultiRobotPlanning-isolated,2025/8/14 19:18,,
-1,random-32-32-20.map,random-32-32-20-random-1.scen,155,12400F,CBSFlowBeam-whoenig,ASTAR-whoenig,1,NULL,NULL,4540,229.507,4,https://github.com/ssfc/libMultiRobotPlanning-isolated,2025/8/14 19:22,,
-1,random-32-32-20.map,random-32-32-20-random-1.scen,156,12400F,CBSFlowBeam-whoenig,ASTAR-whoenig,1,NULL,NULL,4606,259.006,4,https://github.com/ssfc/libMultiRobotPlanning-isolated,2025/8/14 19:26,,
-1,random-32-32-20.map,random-32-32-20-random-1.scen,157,12400F,CBSFlowBeam-whoenig,ASTAR-whoenig,1,NULL,NULL,4680,314.717,4,https://github.com/ssfc/libMultiRobotPlanning-isolated,2025/8/14 19:32,,
-1,random-32-32-20.map,random-32-32-20-random-1.scen,158,12400F,CBSFlowBeam-whoenig,ASTAR-whoenig,1,NULL,NULL,4686,317.927,4,https://github.com/ssfc/libMultiRobotPlanning-isolated,2025/8/14 19:37,,
-1,random-32-32-20.map,random-32-32-20-random-1.scen,159,12400F,CBSFlowBeam-whoenig,ASTAR-whoenig,1,NULL,NULL,4709,319.349,4,https://github.com/ssfc/libMultiRobotPlanning-isolated,2025/8/14 19:42,,
-1,random-32-32-20.map,random-32-32-20-random-1.scen,160,12400F,CBSFlowBeam-whoenig,ASTAR-whoenig,1,NULL,NULL,4714,321.813,4,https://github.com/ssfc/libMultiRobotPlanning-isolated,2025/8/14 19:48,,
-1,random-32-32-20.map,random-32-32-20-random-1.scen,161,12400F,CBSFlowBeam-whoenig,ASTAR-whoenig,1,NULL,NULL,4731,325.664,4,https://github.com/ssfc/libMultiRobotPlanning-isolated,2025/8/15 0:06,,
-1,random-32-32-20.map,random-32-32-20-random-1.scen,162,12400F,CBSFlowBeam-whoenig,ASTAR-whoenig,1,NULL,NULL,4741,329.52,4,https://github.com/ssfc/libMultiRobotPlanning-isolated,2025/8/15 0:12,,
-1,random-32-32-20.map,random-32-32-20-random-1.scen,163,12400F,CBSFlowBeam-whoenig,ASTAR-whoenig,1,NULL,NULL,4747,340.688,4,https://github.com/ssfc/libMultiRobotPlanning-isolated,2025/8/15 0:17,,
-1,random-32-32-20.map,random-32-32-20-random-1.scen,164,12400F,CBSFlowBeam-whoenig,ASTAR-whoenig,1,NULL,NULL,4763,347.013,4,https://github.com/ssfc/libMultiRobotPlanning-isolated,2025/8/15 0:23,,
-1,random-32-32-20.map,random-32-32-20-random-1.scen,165,12400F,CBSFlowBeam-whoenig,ASTAR-whoenig,1,NULL,NULL,4806,354.943,4,https://github.com/ssfc/libMultiRobotPlanning-isolated,2025/8/15 0:29,,
-1,random-32-32-20.map,random-32-32-20-random-1.scen,166,12400F,CBSFlowBeam-whoenig,ASTAR-whoenig,1,NULL,NULL,4792,318.667,4,https://github.com/ssfc/libMultiRobotPlanning-isolated,2025/8/15 0:34,,
-1,random-32-32-20.map,random-32-32-20-random-1.scen,167,12400F,CBSFlowBeam-whoenig,ASTAR-whoenig,1,NULL,NULL,4838,348.818,4,https://github.com/ssfc/libMultiRobotPlanning-isolated,2025/8/15 0:40,,
-1,random-32-32-20.map,random-32-32-20-random-1.scen,168,12400F,CBSFlowBeam-whoenig,ASTAR-whoenig,1,NULL,NULL,4851,351.828,4,https://github.com/ssfc/libMultiRobotPlanning-isolated,2025/8/15 0:46,,
-1,random-32-32-20.map,random-32-32-20-random-1.scen,169,12400F,CBSFlowBeam-whoenig,ASTAR-whoenig,1,NULL,NULL,4885,349.13,4,https://github.com/ssfc/libMultiRobotPlanning-isolated,2025/8/15 0:52,,
-1,random-32-32-20.map,random-32-32-20-random-1.scen,170,12400F,CBSFlowBeam-whoenig,ASTAR-whoenig,1,NULL,NULL,5059,519.129,4,https://github.com/ssfc/libMultiRobotPlanning-isolated,2025/8/15 1:01,,
-1,random-32-32-20.map,random-32-32-20-random-1.scen,171,12400F,CBSFlowBeam-whoenig,ASTAR-whoenig,1,NULL,NULL,5114,895.011,4,https://github.com/ssfc/libMultiRobotPlanning-isolated,2025/8/15 1:16,,
-1,random-32-32-20.map,random-32-32-20-random-1.scen,172,12400F,CBSFlowBeam-whoenig,ASTAR-whoenig,1,NULL,NULL,5143,798.269,4,https://github.com/ssfc/libMultiRobotPlanning-isolated,2025/8/15 1:29,,
-1,random-32-32-20.map,random-32-32-20-random-1.scen,173,12400F,CBSFlowBeam-whoenig,ASTAR-whoenig,1,NULL,NULL,5042,418.967,4,https://github.com/ssfc/libMultiRobotPlanning-isolated,2025/8/15 1:36,,
-1,random-32-32-20.map,random-32-32-20-random-1.scen,174,12400F,CBSFlowBeam-whoenig,ASTAR-whoenig,1,NULL,NULL,5097,475.028,4,https://github.com/ssfc/libMultiRobotPlanning-isolated,2025/8/15 1:44,,
-1,random-32-32-20.map,random-32-32-20-random-1.scen,175,12400F,CBSFlowBeam-whoenig,ASTAR-whoenig,1,NULL,NULL,5149,531.099,4,https://github.com/ssfc/libMultiRobotPlanning-isolated,2025/8/15 1:53,,
-1,random-32-32-20.map,random-32-32-20-random-1.scen,176,12400F,CBSFlowBeam-whoenig,ASTAR-whoenig,1,NULL,NULL,5142,515.873,4,https://github.com/ssfc/libMultiRobotPlanning-isolated,2025/8/15 2:02,,
-1,random-32-32-20.map,random-32-32-20-random-1.scen,177,12400F,CBSFlowBeam-whoenig,ASTAR-whoenig,1,NULL,NULL,5175,524.877,4,https://github.com/ssfc/libMultiRobotPlanning-isolated,2025/8/15 2:11,,
-1,random-32-32-20.map,random-32-32-20-random-1.scen,178,12400F,CBSFlowBeam-whoenig,ASTAR-whoenig,1,NULL,NULL,5205,535.114,4,https://github.com/ssfc/libMultiRobotPlanning-isolated,2025/8/15 2:20,,
-1,random-32-32-20.map,random-32-32-20-random-1.scen,179,12400F,CBSFlowBeam-whoenig,ASTAR-whoenig,1,NULL,NULL,5267,594.939,4,https://github.com/ssfc/libMultiRobotPlanning-isolated,2025/8/15 2:30,,
-1,random-32-32-20.map,random-32-32-20-random-1.scen,180,12400F,CBSFlowBeam-whoenig,ASTAR-whoenig,1,NULL,NULL,5288,595.783,4,https://github.com/ssfc/libMultiRobotPlanning-isolated,2025/8/15 2:40,,
-1,random-32-32-20.map,random-32-32-20-random-1.scen,181,12400F,CBSFlowBeam-whoenig,ASTAR-whoenig,1,NULL,NULL,5266,509.442,4,https://github.com/ssfc/libMultiRobotPlanning-isolated,2025/8/15 2:48,,
-1,random-32-32-20.map,random-32-32-20-random-1.scen,182,12400F,CBSFlowBeam-whoenig,ASTAR-whoenig,1,NULL,NULL,5365,638.468,4,https://github.com/ssfc/libMultiRobotPlanning-isolated,2025/8/15 2:59,,
-1,random-32-32-20.map,random-32-32-20-random-1.scen,183,12400F,CBSFlowBeam-whoenig,ASTAR-whoenig,1,NULL,NULL,5451,730.4,4,https://github.com/ssfc/libMultiRobotPlanning-isolated,2025/8/15 3:11,,
-1,random-32-32-20.map,random-32-32-20-random-1.scen,184,12400F,CBSFlowBeam-whoenig,ASTAR-whoenig,1,NULL,NULL,5462,737.629,4,https://github.com/ssfc/libMultiRobotPlanning-isolated,2025/8/15 3:23,,
-1,random-32-32-20.map,random-32-32-20-random-1.scen,185,12400F,CBSFlowBeam-whoenig,ASTAR-whoenig,1,NULL,NULL,5439,689.117,4,https://github.com/ssfc/libMultiRobotPlanning-isolated,2025/8/15 3:35,,
-1,random-32-32-20.map,random-32-32-20-random-1.scen,186,12400F,CBSFlowBeam-whoenig,ASTAR-whoenig,1,NULL,NULL,5452,695.198,4,https://github.com/ssfc/libMultiRobotPlanning-isolated,2025/8/15 3:47,,
-1,random-32-32-20.map,random-32-32-20-random-1.scen,187,12400F,CBSFlowBeam-whoenig,ASTAR-whoenig,1,NULL,NULL,5464,693.339,4,https://github.com/ssfc/libMultiRobotPlanning-isolated,2025/8/15 3:58,,
-1,random-32-32-20.map,random-32-32-20-random-1.scen,188,12400F,CBSFlowBeam-whoenig,ASTAR-whoenig,1,NULL,NULL,5454,645.356,4,https://github.com/ssfc/libMultiRobotPlanning-isolated,2025/8/15 4:09,,
-1,random-32-32-20.map,random-32-32-20-random-1.scen,189,12400F,CBSFlowBeam-whoenig,ASTAR-whoenig,1,NULL,NULL,5476,650.176,4,https://github.com/ssfc/libMultiRobotPlanning-isolated,2025/8/15 4:20,,
-1,random-32-32-20.map,random-32-32-20-random-1.scen,190,12400F,CBSFlowBeam-whoenig,ASTAR-whoenig,1,NULL,NULL,5585,734.519,4,https://github.com/ssfc/libMultiRobotPlanning-isolated,2025/8/15 4:32,,
-1,random-32-32-20.map,random-32-32-20-random-1.scen,191,12400F,CBSFlowBeam-whoenig,ASTAR-whoenig,1,NULL,NULL,5636,818.283,4,https://github.com/ssfc/libMultiRobotPlanning-isolated,2025/8/15 4:46,,
-1,random-32-32-20.map,random-32-32-20-random-1.scen,192,12400F,CBSFlowBeam-whoenig,ASTAR-whoenig,1,NULL,NULL,5660,828.944,4,https://github.com/ssfc/libMultiRobotPlanning-isolated,2025/8/15 5:00,,
-1,random-32-32-20.map,random-32-32-20-random-1.scen,193,12400F,CBSFlowBeam-whoenig,ASTAR-whoenig,1,NULL,NULL,5740,913.624,4,https://github.com/ssfc/libMultiRobotPlanning-isolated,2025/8/15 5:15,,
-1,random-32-32-20.map,random-32-32-20-random-1.scen,194,12400F,CBSFlowBeam-whoenig,ASTAR-whoenig,1,NULL,NULL,5948,1263.02,4,https://github.com/ssfc/libMultiRobotPlanning-isolated,2025/8/15 5:37,,
-1,random-32-32-20.map,random-32-32-20-random-1.scen,195,12400F,CBSFlowBeam-whoenig,ASTAR-whoenig,1,NULL,NULL,5959,1261.11,4,https://github.com/ssfc/libMultiRobotPlanning-isolated,2025/8/15 5:58,,
-1,random-32-32-20.map,random-32-32-20-random-1.scen,196,12400F,CBSFlowBeam-whoenig,ASTAR-whoenig,1,NULL,NULL,6016,1353.88,4,https://github.com/ssfc/libMultiRobotPlanning-isolated,2025/8/15 6:21,,
-1,random-32-32-20.map,random-32-32-20-random-1.scen,197,12400F,CBSFlowBeam-whoenig,ASTAR-whoenig,1,NULL,NULL,6030,1340.94,4,https://github.com/ssfc/libMultiRobotPlanning-isolated,2025/8/15 6:43,,
-1,random-32-32-20.map,random-32-32-20-random-1.scen,198,12400F,CBSFlowBeam-whoenig,ASTAR-whoenig,1,NULL,NULL,6098,1398.62,4,https://github.com/ssfc/libMultiRobotPlanning-isolated,2025/8/15 7:07,,
-1,random-32-32-20.map,random-32-32-20-random-1.scen,199,12400F,CBSFlowBeam-whoenig,ASTAR-whoenig,1,NULL,NULL,6135,1279,4,https://github.com/ssfc/libMultiRobotPlanning-isolated,2025/8/15 7:28,,
-1,random-32-32-20.map,random-32-32-20-random-1.scen,200,12400F,CBSFlowBeam-whoenig,ASTAR-whoenig,1,NULL,NULL,6224,1378.09,4,https://github.com/ssfc/libMultiRobotPlanning-isolated,2025/8/15 7:51,,
-1,random-32-32-20.map,random-32-32-20-random-1.scen,161,12400F,CBSFlowBeam-whoenig,ASTAR-whoenig,1,NULL,NULL,4731,237.297,3,https://github.com/ssfc/libMultiRobotPlanning-isolated,2025/8/15 8:09,,
-1,random-32-32-20.map,random-32-32-20-random-1.scen,162,12400F,CBSFlowBeam-whoenig,ASTAR-whoenig,1,NULL,NULL,4741,240.226,3,https://github.com/ssfc/libMultiRobotPlanning-isolated,2025/8/15 8:13,,
-1,random-32-32-20.map,random-32-32-20-random-1.scen,163,12400F,CBSFlowBeam-whoenig,ASTAR-whoenig,1,NULL,NULL,4747,257.623,3,https://github.com/ssfc/libMultiRobotPlanning-isolated,2025/8/15 8:17,,
-1,random-32-32-20.map,random-32-32-20-random-1.scen,164,12400F,CBSFlowBeam-whoenig,ASTAR-whoenig,1,NULL,NULL,4763,249.609,3,https://github.com/ssfc/libMultiRobotPlanning-isolated,2025/8/15 8:21,,
-1,random-32-32-20.map,random-32-32-20-random-1.scen,165,12400F,CBSFlowBeam-whoenig,ASTAR-whoenig,1,NULL,NULL,4806,258.787,3,https://github.com/ssfc/libMultiRobotPlanning-isolated,2025/8/15 8:26,,
-1,random-32-32-20.map,random-32-32-20-random-1.scen,166,12400F,CBSFlowBeam-whoenig,ASTAR-whoenig,1,NULL,NULL,4792,236.287,3,https://github.com/ssfc/libMultiRobotPlanning-isolated,2025/8/15 8:30,,
-1,random-32-32-20.map,random-32-32-20-random-1.scen,167,12400F,CBSFlowBeam-whoenig,ASTAR-whoenig,1,NULL,NULL,4858,270.691,3,https://github.com/ssfc/libMultiRobotPlanning-isolated,2025/8/15 8:34,,
-1,random-32-32-20.map,random-32-32-20-random-1.scen,168,12400F,CBSFlowBeam-whoenig,ASTAR-whoenig,1,NULL,NULL,4871,272.179,3,https://github.com/ssfc/libMultiRobotPlanning-isolated,2025/8/15 8:39,,
-1,random-32-32-20.map,random-32-32-20-random-1.scen,169,12400F,CBSFlowBeam-whoenig,ASTAR-whoenig,1,NULL,NULL,4896,269.402,3,https://github.com/ssfc/libMultiRobotPlanning-isolated,2025/8/15 8:43,,
-1,random-32-32-20.map,random-32-32-20-random-1.scen,170,12400F,CBSFlowBeam-whoenig,ASTAR-whoenig,1,NULL,NULL,4996,294.592,3,https://github.com/ssfc/libMultiRobotPlanning-isolated,2025/8/15 8:48,,
-1,random-32-32-20.map,random-32-32-20-random-1.scen,171,12400F,CBSFlowBeam-whoenig,ASTAR-whoenig,1,NULL,NULL,5126,868.051,3,https://github.com/ssfc/libMultiRobotPlanning-isolated,2025/8/15 9:03,,
-1,random-32-32-20.map,random-32-32-20-random-1.scen,172,12400F,CBSFlowBeam-whoenig,ASTAR-whoenig,1,NULL,NULL,5130,775.503,3,https://github.com/ssfc/libMultiRobotPlanning-isolated,2025/8/15 9:16,,
-1,random-32-32-20.map,random-32-32-20-random-1.scen,173,12400F,CBSFlowBeam-whoenig,ASTAR-whoenig,1,NULL,NULL,5045,311.085,3,https://github.com/ssfc/libMultiRobotPlanning-isolated,2025/8/15 9:21,,
-1,random-32-32-20.map,random-32-32-20-random-1.scen,174,12400F,CBSFlowBeam-whoenig,ASTAR-whoenig,1,NULL,NULL,5097,347.124,3,https://github.com/ssfc/libMultiRobotPlanning-isolated,2025/8/15 9:27,,
-1,random-32-32-20.map,random-32-32-20-random-1.scen,175,12400F,CBSFlowBeam-whoenig,ASTAR-whoenig,1,NULL,NULL,5174,413.481,3,https://github.com/ssfc/libMultiRobotPlanning-isolated,2025/8/15 9:34,,
-1,random-32-32-20.map,random-32-32-20-random-1.scen,176,12400F,CBSFlowBeam-whoenig,ASTAR-whoenig,1,NULL,NULL,5142,380.685,3,https://github.com/ssfc/libMultiRobotPlanning-isolated,2025/8/15 9:40,,
-1,random-32-32-20.map,random-32-32-20-random-1.scen,177,12400F,CBSFlowBeam-whoenig,ASTAR-whoenig,1,NULL,NULL,5175,386.79,3,https://github.com/ssfc/libMultiRobotPlanning-isolated,2025/8/15 9:47,,
-1,random-32-32-20.map,random-32-32-20-random-1.scen,178,12400F,CBSFlowBeam-whoenig,ASTAR-whoenig,1,NULL,NULL,5220,418.439,3,https://github.com/ssfc/libMultiRobotPlanning-isolated,2025/8/15 9:54,,
-1,random-32-32-20.map,random-32-32-20-random-1.scen,179,12400F,CBSFlowBeam-whoenig,ASTAR-whoenig,1,NULL,NULL,5282,460.593,3,https://github.com/ssfc/libMultiRobotPlanning-isolated,2025/8/15 10:02,,
-1,random-32-32-20.map,random-32-32-20-random-1.scen,180,12400F,CBSFlowBeam-whoenig,ASTAR-whoenig,1,NULL,NULL,5288,437.593,3,https://github.com/ssfc/libMultiRobotPlanning-isolated,2025/8/15 10:09,,
-1,random-32-32-20.map,random-32-32-20-random-1.scen,181,12400F,CBSFlowBeam-whoenig,ASTAR-whoenig,1,NULL,NULL,5266,374.317,3,https://github.com/ssfc/libMultiRobotPlanning-isolated,2025/8/15 10:15,,
-1,random-32-32-20.map,random-32-32-20-random-1.scen,182,12400F,CBSFlowBeam-whoenig,ASTAR-whoenig,1,NULL,NULL,5420,538.98,3,https://github.com/ssfc/libMultiRobotPlanning-isolated,2025/8/15 10:24,,
-1,random-32-32-20.map,random-32-32-20-random-1.scen,183,12400F,CBSFlowBeam-whoenig,ASTAR-whoenig,1,NULL,NULL,5516,622.181,3,https://github.com/ssfc/libMultiRobotPlanning-isolated,2025/8/15 10:35,,
-1,random-32-32-20.map,random-32-32-20-random-1.scen,184,12400F,CBSFlowBeam-whoenig,ASTAR-whoenig,1,NULL,NULL,5527,629.946,3,https://github.com/ssfc/libMultiRobotPlanning-isolated,2025/8/15 10:45,,
-1,random-32-32-20.map,random-32-32-20-random-1.scen,185,12400F,CBSFlowBeam-whoenig,ASTAR-whoenig,1,NULL,NULL,5439,508.543,3,https://github.com/ssfc/libMultiRobotPlanning-isolated,2025/8/15 10:54,,
-1,random-32-32-20.map,random-32-32-20-random-1.scen,186,12400F,CBSFlowBeam-whoenig,ASTAR-whoenig,1,NULL,NULL,5452,505.35,3,https://github.com/ssfc/libMultiRobotPlanning-isolated,2025/8/15 11:02,,
-1,random-32-32-20.map,random-32-32-20-random-1.scen,187,12400F,CBSFlowBeam-whoenig,ASTAR-whoenig,1,NULL,NULL,5464,507.16,3,https://github.com/ssfc/libMultiRobotPlanning-isolated,2025/8/15 11:11,,
-1,random-32-32-20.map,random-32-32-20-random-1.scen,188,12400F,CBSFlowBeam-whoenig,ASTAR-whoenig,1,NULL,NULL,5439,460.093,3,https://github.com/ssfc/libMultiRobotPlanning-isolated,2025/8/15 11:19,,
-1,random-32-32-20.map,random-32-32-20-random-1.scen,189,12400F,CBSFlowBeam-whoenig,ASTAR-whoenig,1,NULL,NULL,5476,483.815,3,https://github.com/ssfc/libMultiRobotPlanning-isolated,2025/8/15 11:27,,
-1,random-32-32-20.map,random-32-32-20-random-1.scen,190,12400F,CBSFlowBeam-whoenig,ASTAR-whoenig,1,NULL,NULL,5585,541.602,3,https://github.com/ssfc/libMultiRobotPlanning-isolated,2025/8/15 11:36,,
-1,random-32-32-20.map,random-32-32-20-random-1.scen,191,12400F,CBSFlowBeam-whoenig,ASTAR-whoenig,1,NULL,NULL,5654,645.919,3,https://github.com/ssfc/libMultiRobotPlanning-isolated,2025/8/15 11:47,,
-1,random-32-32-20.map,random-32-32-20-random-1.scen,192,12400F,CBSFlowBeam-whoenig,ASTAR-whoenig,1,NULL,NULL,5677,653.245,3,https://github.com/ssfc/libMultiRobotPlanning-isolated,2025/8/15 11:58,,
-1,random-32-32-20.map,random-32-32-20-random-1.scen,193,12400F,CBSFlowBeam-whoenig,ASTAR-whoenig,1,NULL,NULL,5740,727.476,3,https://github.com/ssfc/libMultiRobotPlanning-isolated,2025/8/15 12:10,,
-1,random-32-32-20.map,random-32-32-20-random-1.scen,194,12400F,CBSFlowBeam-whoenig,ASTAR-whoenig,1,NULL,NULL,5948,923.112,3,https://github.com/ssfc/libMultiRobotPlanning-isolated,2025/8/15 12:25,,
-1,random-32-32-20.map,random-32-32-20-random-1.scen,195,12400F,CBSFlowBeam-whoenig,ASTAR-whoenig,1,NULL,NULL,5959,936.369,3,https://github.com/ssfc/libMultiRobotPlanning-isolated,2025/8/15 12:41,,
-1,random-32-32-20.map,random-32-32-20-random-1.scen,196,12400F,CBSFlowBeam-whoenig,ASTAR-whoenig,1,NULL,NULL,6022,993.087,3,https://github.com/ssfc/libMultiRobotPlanning-isolated,2025/8/15 12:58,,
-1,random-32-32-20.map,random-32-32-20-random-1.scen,197,12400F,CBSFlowBeam-whoenig,ASTAR-whoenig,1,NULL,NULL,6126,1154.46,3,https://github.com/ssfc/libMultiRobotPlanning-isolated,2025/8/15 13:17,,
-1,random-32-32-20.map,random-32-32-20-random-1.scen,198,12400F,CBSFlowBeam-whoenig,ASTAR-whoenig,1,NULL,NULL,6098,1051.73,3,https://github.com/ssfc/libMultiRobotPlanning-isolated,2025/8/15 13:35,,
-1,random-32-32-20.map,random-32-32-20-random-1.scen,161,12400F,CBSFlowBeam-whoenig,ASTAR-whoenig,1,NULL,NULL,4731,161.305,2,https://github.com/ssfc/libMultiRobotPlanning-isolated,2025/8/15 20:36,,
-1,random-32-32-20.map,random-32-32-20-random-1.scen,162,12400F,CBSFlowBeam-whoenig,ASTAR-whoenig,1,NULL,NULL,4741,163.36,2,https://github.com/ssfc/libMultiRobotPlanning-isolated,2025/8/15 20:39,,
-1,random-32-32-20.map,random-32-32-20-random-1.scen,163,12400F,CBSFlowBeam-whoenig,ASTAR-whoenig,1,NULL,NULL,4747,169.553,2,https://github.com/ssfc/libMultiRobotPlanning-isolated,2025/8/15 20:42,,
-1,random-32-32-20.map,random-32-32-20-random-1.scen,164,12400F,CBSFlowBeam-whoenig,ASTAR-whoenig,1,NULL,NULL,4763,166.236,2,https://github.com/ssfc/libMultiRobotPlanning-isolated,2025/8/15 20:44,,
-1,random-32-32-20.map,random-32-32-20-random-1.scen,165,12400F,CBSFlowBeam-whoenig,ASTAR-whoenig,1,NULL,NULL,4806,172.853,2,https://github.com/ssfc/libMultiRobotPlanning-isolated,2025/8/15 20:47,,
-1,random-32-32-20.map,random-32-32-20-random-1.scen,166,12400F,CBSFlowBeam-whoenig,ASTAR-whoenig,1,NULL,NULL,4864,189.673,2,https://github.com/ssfc/libMultiRobotPlanning-isolated,2025/8/15 20:51,,
-1,random-32-32-20.map,random-32-32-20-random-1.scen,167,12400F,CBSFlowBeam-whoenig,ASTAR-whoenig,1,NULL,NULL,4948,227.729,2,https://github.com/ssfc/libMultiRobotPlanning-isolated,2025/8/15 20:54,,
-1,random-32-32-20.map,random-32-32-20-random-1.scen,168,12400F,CBSFlowBeam-whoenig,ASTAR-whoenig,1,NULL,NULL,4962,229.212,2,https://github.com/ssfc/libMultiRobotPlanning-isolated,2025/8/15 20:58,,
-1,random-32-32-20.map,random-32-32-20-random-1.scen,169,12400F,CBSFlowBeam-whoenig,ASTAR-whoenig,1,NULL,NULL,5071,278.4,2,https://github.com/ssfc/libMultiRobotPlanning-isolated,2025/8/15 21:03,,
-1,random-32-32-20.map,random-32-32-20-random-1.scen,170,12400F,CBSFlowBeam-whoenig,ASTAR-whoenig,1,NULL,NULL,5118,1821.11,2,https://github.com/ssfc/libMultiRobotPlanning-isolated,2025/8/15 21:33,,
-1,random-32-32-20.map,random-32-32-20-random-1.scen,171,12400F,CBSFlowBeam-whoenig,ASTAR-whoenig,1,NULL,NULL,5108,1459.62,2,https://github.com/ssfc/libMultiRobotPlanning-isolated,2025/8/15 21:58,,
-1,random-32-32-20.map,random-32-32-20-random-1.scen,172,12400F,CBSFlowBeam-whoenig,ASTAR-whoenig,1,NULL,NULL,5157,2628.75,2,https://github.com/ssfc/libMultiRobotPlanning-isolated,2025/8/15 22:42,,
-1,random-32-32-20.map,random-32-32-20-random-1.scen,173,12400F,CBSFlowBeam-whoenig,ASTAR-whoenig,1,NULL,NULL,5126,245.593,2,https://github.com/ssfc/libMultiRobotPlanning-isolated,2025/8/15 22:46,,
-1,random-32-32-20.map,random-32-32-20-random-1.scen,174,12400F,CBSFlowBeam-whoenig,ASTAR-whoenig,1,NULL,NULL,5217,330.664,2,https://github.com/ssfc/libMultiRobotPlanning-isolated,2025/8/15 22:52,,
-1,random-32-32-20.map,random-32-32-20-random-1.scen,175,12400F,CBSFlowBeam-whoenig,ASTAR-whoenig,1,NULL,NULL,5323,412.035,2,https://github.com/ssfc/libMultiRobotPlanning-isolated,2025/8/15 22:59,,
-1,random-32-32-20.map,random-32-32-20-random-1.scen,176,12400F,CBSFlowBeam-whoenig,ASTAR-whoenig,1,NULL,NULL,5280,364.665,2,https://github.com/ssfc/libMultiRobotPlanning-isolated,2025/8/15 23:05,,
-1,random-32-32-20.map,random-32-32-20-random-1.scen,177,12400F,CBSFlowBeam-whoenig,ASTAR-whoenig,1,NULL,NULL,5310,372.834,2,https://github.com/ssfc/libMultiRobotPlanning-isolated,2025/8/15 23:11,,
-1,random-32-32-20.map,random-32-32-20-random-1.scen,178,12400F,CBSFlowBeam-whoenig,ASTAR-whoenig,1,NULL,NULL,5291,336.326,2,https://github.com/ssfc/libMultiRobotPlanning-isolated,2025/8/15 23:17,,
-1,random-32-32-20.map,random-32-32-20-random-1.scen,179,12400F,CBSFlowBeam-whoenig,ASTAR-whoenig,1,NULL,NULL,5401,401.23,2,https://github.com/ssfc/libMultiRobotPlanning-isolated,2025/8/15 23:23,,
-1,random-32-32-20.map,random-32-32-20-random-1.scen,180,12400F,CBSFlowBeam-whoenig,ASTAR-whoenig,1,NULL,NULL,5402,382.969,2,https://github.com/ssfc/libMultiRobotPlanning-isolated,2025/8/15 23:30,,
-1,random-32-32-20.map,random-32-32-20-random-1.scen,181,12400F,CBSFlowBeam-whoenig,ASTAR-whoenig,1,NULL,NULL,5434,368.221,2,https://github.com/ssfc/libMultiRobotPlanning-isolated,2025/8/15 23:36,,
-1,random-32-32-20.map,random-32-32-20-random-1.scen,182,12400F,CBSFlowBeam-whoenig,ASTAR-whoenig,1,NULL,NULL,5455,370.355,2,https://github.com/ssfc/libMultiRobotPlanning-isolated,2025/8/15 23:42,,
-1,random-32-32-20.map,random-32-32-20-random-1.scen,183,12400F,CBSFlowBeam-whoenig,ASTAR-whoenig,1,NULL,NULL,5516,408.953,2,https://github.com/ssfc/libMultiRobotPlanning-isolated,2025/8/15 23:49,,
-1,random-32-32-20.map,random-32-32-20-random-1.scen,184,12400F,CBSFlowBeam-whoenig,ASTAR-whoenig,1,NULL,NULL,5527,412.435,2,https://github.com/ssfc/libMultiRobotPlanning-isolated,2025/8/15 23:56,,
-1,random-32-32-20.map,random-32-32-20-random-1.scen,185,12400F,CBSFlowBeam-whoenig,ASTAR-whoenig,1,NULL,NULL,5566,450.733,2,https://github.com/ssfc/libMultiRobotPlanning-isolated,2025/8/16 0:04,,
-1,random-32-32-20.map,random-32-32-20-random-1.scen,186,12400F,CBSFlowBeam-whoenig,ASTAR-whoenig,1,NULL,NULL,5551,427.847,2,https://github.com/ssfc/libMultiRobotPlanning-isolated,2025/8/16 0:11,,
-1,random-32-32-20.map,random-32-32-20-random-1.scen,187,12400F,CBSFlowBeam-whoenig,ASTAR-whoenig,1,NULL,NULL,5570,424.739,2,https://github.com/ssfc/libMultiRobotPlanning-isolated,2025/8/16 0:18,,
-1,random-32-32-20.map,random-32-32-20-random-1.scen,188,12400F,CBSFlowBeam-whoenig,ASTAR-whoenig,1,NULL,NULL,5599,448.124,2,https://github.com/ssfc/libMultiRobotPlanning-isolated,2025/8/16 0:25,,
-1,random-32-32-20.map,random-32-32-20-random-1.scen,189,12400F,CBSFlowBeam-whoenig,ASTAR-whoenig,1,NULL,NULL,5630,453.915,2,https://github.com/ssfc/libMultiRobotPlanning-isolated,2025/8/16 0:33,,
-1,random-32-32-20.map,random-32-32-20-random-1.scen,190,12400F,CBSFlowBeam-whoenig,ASTAR-whoenig,1,NULL,NULL,5705,474.491,2,https://github.com/ssfc/libMultiRobotPlanning-isolated,2025/8/16 0:41,,
-1,random-32-32-20.map,random-32-32-20-random-1.scen,191,12400F,CBSFlowBeam-whoenig,ASTAR-whoenig,1,NULL,NULL,5708,524.968,2,https://github.com/ssfc/libMultiRobotPlanning-isolated,2025/8/16 0:50,,
-1,random-32-32-20.map,random-32-32-20-random-1.scen,192,12400F,CBSFlowBeam-whoenig,ASTAR-whoenig,1,NULL,NULL,5732,535.176,2,https://github.com/ssfc/libMultiRobotPlanning-isolated,2025/8/16 0:59,,
-1,random-32-32-20.map,random-32-32-20-random-1.scen,193,12400F,CBSFlowBeam-whoenig,ASTAR-whoenig,1,NULL,NULL,5740,494.33,2,https://github.com/ssfc/libMultiRobotPlanning-isolated,2025/8/16 1:07,,
-1,random-32-32-20.map,random-32-32-20-random-1.scen,194,12400F,CBSFlowBeam-whoenig,ASTAR-whoenig,1,NULL,NULL,5949,638.592,2,https://github.com/ssfc/libMultiRobotPlanning-isolated,2025/8/16 1:18,,
-1,random-32-32-20.map,random-32-32-20-random-1.scen,195,12400F,CBSFlowBeam-whoenig,ASTAR-whoenig,1,NULL,NULL,5916,545.649,2,https://github.com/ssfc/libMultiRobotPlanning-isolated,2025/8/16 1:27,,
-1,random-32-32-20.map,random-32-32-20-random-1.scen,196,12400F,CBSFlowBeam-whoenig,ASTAR-whoenig,1,NULL,NULL,6037,660.058,2,https://github.com/ssfc/libMultiRobotPlanning-isolated,2025/8/16 1:38,,
-1,random-32-32-20.map,random-32-32-20-random-1.scen,197,12400F,CBSFlowBeam-whoenig,ASTAR-whoenig,1,NULL,NULL,6030,1729.23,2,https://github.com/ssfc/libMultiRobotPlanning-isolated,2025/8/16 2:07,,
-1,random-32-32-20.map,random-32-32-20-random-1.scen,198,12400F,CBSFlowBeam-whoenig,ASTAR-whoenig,1,NULL,NULL,6098,696.077,2,https://github.com/ssfc/libMultiRobotPlanning-isolated,2025/8/16 2:19,,
-1,random-32-32-20.map,random-32-32-20-random-1.scen,1,12400F,CBSFlowBeam-whoenig,ASTAR-whoenig,1,NULL,NULL,38,0.002309,8,https://github.com/ssfc/libMultiRobotPlanning-isolated,2025/8/16 22:48,,
-1,random-32-32-20.map,random-32-32-20-random-1.scen,2,12400F,CBSFlowBeam-whoenig,ASTAR-whoenig,1,NULL,NULL,52,0.002814,8,https://github.com/ssfc/libMultiRobotPlanning-isolated,2025/8/16 22:48,,
-1,random-32-32-20.map,random-32-32-20-random-1.scen,3,12400F,CBSFlowBeam-whoenig,ASTAR-whoenig,1,NULL,NULL,83,0.004675,8,https://github.com/ssfc/libMultiRobotPlanning-isolated,2025/8/16 22:48,,
-1,random-32-32-20.map,random-32-32-20-random-1.scen,4,12400F,CBSFlowBeam-whoenig,ASTAR-whoenig,1,NULL,NULL,105,0.006763,8,https://github.com/ssfc/libMultiRobotPlanning-isolated,2025/8/16 22:48,,
-1,random-32-32-20.map,random-32-32-20-random-1.scen,5,12400F,CBSFlowBeam-whoenig,ASTAR-whoenig,1,NULL,NULL,138,0.012223,8,https://github.com/ssfc/libMultiRobotPlanning-isolated,2025/8/16 22:48,,
-1,random-32-32-20.map,random-32-32-20-random-1.scen,6,12400F,CBSFlowBeam-whoenig,ASTAR-whoenig,1,NULL,NULL,164,0.010071,8,https://github.com/ssfc/libMultiRobotPlanning-isolated,2025/8/16 22:48,,
-1,random-32-32-20.map,random-32-32-20-random-1.scen,7,12400F,CBSFlowBeam-whoenig,ASTAR-whoenig,1,NULL,NULL,181,0.011476,8,https://github.com/ssfc/libMultiRobotPlanning-isolated,2025/8/16 22:48,,
-1,random-32-32-20.map,random-32-32-20-random-1.scen,8,12400F,CBSFlowBeam-whoenig,ASTAR-whoenig,1,NULL,NULL,193,0.010494,8,https://github.com/ssfc/libMultiRobotPlanning-isolated,2025/8/16 22:48,,
-1,random-32-32-20.map,random-32-32-20-random-1.scen,9,12400F,CBSFlowBeam-whoenig,ASTAR-whoenig,1,NULL,NULL,199,0.007317,8,https://github.com/ssfc/libMultiRobotPlanning-isolated,2025/8/16 22:48,,
-1,random-32-32-20.map,random-32-32-20-random-1.scen,10,12400F,CBSFlowBeam-whoenig,ASTAR-whoenig,1,NULL,NULL,216,0.008019,8,https://github.com/ssfc/libMultiRobotPlanning-isolated,2025/8/16 22:48,,
-1,random-32-32-20.map,random-32-32-20-random-1.scen,11,12400F,CBSFlowBeam-whoenig,ASTAR-whoenig,1,NULL,NULL,240,0.011478,8,https://github.com/ssfc/libMultiRobotPlanning-isolated,2025/8/16 22:48,,
-1,random-32-32-20.map,random-32-32-20-random-1.scen,12,12400F,CBSFlowBeam-whoenig,ASTAR-whoenig,1,NULL,NULL,265,0.010568,8,https://github.com/ssfc/libMultiRobotPlanning-isolated,2025/8/16 22:48,,
-1,random-32-32-20.map,random-32-32-20-random-1.scen,13,12400F,CBSFlowBeam-whoenig,ASTAR-whoenig,1,NULL,NULL,283,0.14031,8,https://github.com/ssfc/libMultiRobotPlanning-isolated,2025/8/16 22:48,,
-1,random-32-32-20.map,random-32-32-20-random-1.scen,14,12400F,CBSFlowBeam-whoenig,ASTAR-whoenig,1,NULL,NULL,333,0.152013,8,https://github.com/ssfc/libMultiRobotPlanning-isolated,2025/8/16 22:48,,
-1,random-32-32-20.map,random-32-32-20-random-1.scen,15,12400F,CBSFlowBeam-whoenig,ASTAR-whoenig,1,NULL,NULL,358,0.152658,8,https://github.com/ssfc/libMultiRobotPlanning-isolated,2025/8/16 22:48,,
-1,random-32-32-20.map,random-32-32-20-random-1.scen,16,12400F,CBSFlowBeam-whoenig,ASTAR-whoenig,1,NULL,NULL,400,0.204353,8,https://github.com/ssfc/libMultiRobotPlanning-isolated,2025/8/16 22:48,,
-1,random-32-32-20.map,random-32-32-20-random-1.scen,17,12400F,CBSFlowBeam-whoenig,ASTAR-whoenig,1,NULL,NULL,420,0.207112,8,https://github.com/ssfc/libMultiRobotPlanning-isolated,2025/8/16 22:48,,
-1,random-32-32-20.map,random-32-32-20-random-1.scen,18,12400F,CBSFlowBeam-whoenig,ASTAR-whoenig,1,NULL,NULL,429,0.206885,8,https://github.com/ssfc/libMultiRobotPlanning-isolated,2025/8/16 22:48,,
-1,random-32-32-20.map,random-32-32-20-random-1.scen,19,12400F,CBSFlowBeam-whoenig,ASTAR-whoenig,1,NULL,NULL,443,0.209666,8,https://github.com/ssfc/libMultiRobotPlanning-isolated,2025/8/16 22:48,,
-1,random-32-32-20.map,random-32-32-20-random-1.scen,20,12400F,CBSFlowBeam-whoenig,ASTAR-whoenig,1,NULL,NULL,453,0.211774,8,https://github.com/ssfc/libMultiRobotPlanning-isolated,2025/8/16 22:48,,
-1,random-32-32-20.map,random-32-32-20-random-1.scen,21,12400F,CBSFlowBeam-whoenig,ASTAR-whoenig,1,NULL,NULL,486,0.212865,8,https://github.com/ssfc/libMultiRobotPlanning-isolated,2025/8/16 22:48,,
-1,random-32-32-20.map,random-32-32-20-random-1.scen,22,12400F,CBSFlowBeam-whoenig,ASTAR-whoenig,1,NULL,NULL,497,0.240839,8,https://github.com/ssfc/libMultiRobotPlanning-isolated,2025/8/16 22:48,,
-1,random-32-32-20.map,random-32-32-20-random-1.scen,23,12400F,CBSFlowBeam-whoenig,ASTAR-whoenig,1,NULL,NULL,511,0.235277,8,https://github.com/ssfc/libMultiRobotPlanning-isolated,2025/8/16 22:48,,
-1,random-32-32-20.map,random-32-32-20-random-1.scen,24,12400F,CBSFlowBeam-whoenig,ASTAR-whoenig,1,NULL,NULL,562,0.316784,8,https://github.com/ssfc/libMultiRobotPlanning-isolated,2025/8/16 22:48,,
-1,random-32-32-20.map,random-32-32-20-random-1.scen,25,12400F,CBSFlowBeam-whoenig,ASTAR-whoenig,1,NULL,NULL,578,0.317092,8,https://github.com/ssfc/libMultiRobotPlanning-isolated,2025/8/16 22:48,,
-1,random-32-32-20.map,random-32-32-20-random-1.scen,26,12400F,CBSFlowBeam-whoenig,ASTAR-whoenig,1,NULL,NULL,613,0.323902,8,https://github.com/ssfc/libMultiRobotPlanning-isolated,2025/8/16 22:48,,
-1,random-32-32-20.map,random-32-32-20-random-1.scen,27,12400F,CBSFlowBeam-whoenig,ASTAR-whoenig,1,NULL,NULL,646,0.351973,8,https://github.com/ssfc/libMultiRobotPlanning-isolated,2025/8/16 22:48,,
-1,random-32-32-20.map,random-32-32-20-random-1.scen,28,12400F,CBSFlowBeam-whoenig,ASTAR-whoenig,1,NULL,NULL,654,0.356294,8,https://github.com/ssfc/libMultiRobotPlanning-isolated,2025/8/16 22:48,,
-1,random-32-32-20.map,random-32-32-20-random-1.scen,29,12400F,CBSFlowBeam-whoenig,ASTAR-whoenig,1,NULL,NULL,662,0.359561,8,https://github.com/ssfc/libMultiRobotPlanning-isolated,2025/8/16 22:48,,
-1,random-32-32-20.map,random-32-32-20-random-1.scen,30,12400F,CBSFlowBeam-whoenig,ASTAR-whoenig,1,NULL,NULL,695,0.523266,8,https://github.com/ssfc/libMultiRobotPlanning-isolated,2025/8/16 22:48,,
-1,random-32-32-20.map,random-32-32-20-random-1.scen,31,12400F,CBSFlowBeam-whoenig,ASTAR-whoenig,1,NULL,NULL,722,0.726981,8,https://github.com/ssfc/libMultiRobotPlanning-isolated,2025/8/16 22:48,,
-1,random-32-32-20.map,random-32-32-20-random-1.scen,32,12400F,CBSFlowBeam-whoenig,ASTAR-whoenig,1,NULL,NULL,744,0.734856,8,https://github.com/ssfc/libMultiRobotPlanning-isolated,2025/8/16 22:48,,
-1,random-32-32-20.map,random-32-32-20-random-1.scen,33,12400F,CBSFlowBeam-whoenig,ASTAR-whoenig,1,NULL,NULL,754,0.745424,8,https://github.com/ssfc/libMultiRobotPlanning-isolated,2025/8/16 22:48,,
-1,random-32-32-20.map,random-32-32-20-random-1.scen,34,12400F,CBSFlowBeam-whoenig,ASTAR-whoenig,1,NULL,NULL,782,0.686338,8,https://github.com/ssfc/libMultiRobotPlanning-isolated,2025/8/16 22:48,,
-1,random-32-32-20.map,random-32-32-20-random-1.scen,35,12400F,CBSFlowBeam-whoenig,ASTAR-whoenig,1,NULL,NULL,810,0.695079,8,https://github.com/ssfc/libMultiRobotPlanning-isolated,2025/8/16 22:48,,
-1,random-32-32-20.map,random-32-32-20-random-1.scen,36,12400F,CBSFlowBeam-whoenig,ASTAR-whoenig,1,NULL,NULL,860,1.13906,8,https://github.com/ssfc/libMultiRobotPlanning-isolated,2025/8/16 22:48,,
-1,random-32-32-20.map,random-32-32-20-random-1.scen,37,12400F,CBSFlowBeam-whoenig,ASTAR-whoenig,1,NULL,NULL,868,1.14654,8,https://github.com/ssfc/libMultiRobotPlanning-isolated,2025/8/16 22:48,,
-1,random-32-32-20.map,random-32-32-20-random-1.scen,38,12400F,CBSFlowBeam-whoenig,ASTAR-whoenig,1,NULL,NULL,882,1.19499,8,https://github.com/ssfc/libMultiRobotPlanning-isolated,2025/8/16 22:48,,
-1,random-32-32-20.map,random-32-32-20-random-1.scen,39,12400F,CBSFlowBeam-whoenig,ASTAR-whoenig,1,NULL,NULL,910,1.80644,8,https://github.com/ssfc/libMultiRobotPlanning-isolated,2025/8/16 22:48,,
-1,random-32-32-20.map,random-32-32-20-random-1.scen,40,12400F,CBSFlowBeam-whoenig,ASTAR-whoenig,1,NULL,NULL,944,1.99052,8,https://github.com/ssfc/libMultiRobotPlanning-isolated,2025/8/16 22:48,,
-1,random-32-32-20.map,random-32-32-20-random-1.scen,41,12400F,CBSFlowBeam-whoenig,ASTAR-whoenig,1,NULL,NULL,964,2.01642,8,https://github.com/ssfc/libMultiRobotPlanning-isolated,2025/8/16 22:48,,
-1,random-32-32-20.map,random-32-32-20-random-1.scen,42,12400F,CBSFlowBeam-whoenig,ASTAR-whoenig,1,NULL,NULL,976,2.04139,8,https://github.com/ssfc/libMultiRobotPlanning-isolated,2025/8/16 22:48,,
-1,random-32-32-20.map,random-32-32-20-random-1.scen,43,12400F,CBSFlowBeam-whoenig,ASTAR-whoenig,1,NULL,NULL,1017,2.01731,8,https://github.com/ssfc/libMultiRobotPlanning-isolated,2025/8/16 22:49,,
-1,random-32-32-20.map,random-32-32-20-random-1.scen,44,12400F,CBSFlowBeam-whoenig,ASTAR-whoenig,1,NULL,NULL,1058,2.1278,8,https://github.com/ssfc/libMultiRobotPlanning-isolated,2025/8/16 22:49,,
-1,random-32-32-20.map,random-32-32-20-random-1.scen,45,12400F,CBSFlowBeam-whoenig,ASTAR-whoenig,1,NULL,NULL,1096,2.15567,8,https://github.com/ssfc/libMultiRobotPlanning-isolated,2025/8/16 22:49,,
-1,random-32-32-20.map,random-32-32-20-random-1.scen,46,12400F,CBSFlowBeam-whoenig,ASTAR-whoenig,1,NULL,NULL,1130,2.40041,8,https://github.com/ssfc/libMultiRobotPlanning-isolated,2025/8/16 22:49,,
-1,random-32-32-20.map,random-32-32-20-random-1.scen,47,12400F,CBSFlowBeam-whoenig,ASTAR-whoenig,1,NULL,NULL,1167,2.73826,8,https://github.com/ssfc/libMultiRobotPlanning-isolated,2025/8/16 22:49,,
-1,random-32-32-20.map,random-32-32-20-random-1.scen,48,12400F,CBSFlowBeam-whoenig,ASTAR-whoenig,1,NULL,NULL,1189,2.41133,8,https://github.com/ssfc/libMultiRobotPlanning-isolated,2025/8/16 22:49,,
-1,random-32-32-20.map,random-32-32-20-random-1.scen,49,12400F,CBSFlowBeam-whoenig,ASTAR-whoenig,1,NULL,NULL,1205,2.45526,8,https://github.com/ssfc/libMultiRobotPlanning-isolated,2025/8/16 22:49,,
-1,random-32-32-20.map,random-32-32-20-random-1.scen,50,12400F,CBSFlowBeam-whoenig,ASTAR-whoenig,1,NULL,NULL,1238,2.95271,8,https://github.com/ssfc/libMultiRobotPlanning-isolated,2025/8/16 22:49,,
-1,random-32-32-20.map,random-32-32-20-random-1.scen,51,12400F,CBSFlowBeam-whoenig,ASTAR-whoenig,1,NULL,NULL,1277,3.14894,8,https://github.com/ssfc/libMultiRobotPlanning-isolated,2025/8/16 22:49,,
-1,random-32-32-20.map,random-32-32-20-random-1.scen,52,12400F,CBSFlowBeam-whoenig,ASTAR-whoenig,1,NULL,NULL,1295,3.17829,8,https://github.com/ssfc/libMultiRobotPlanning-isolated,2025/8/16 22:49,,
-1,random-32-32-20.map,random-32-32-20-random-1.scen,53,12400F,CBSFlowBeam-whoenig,ASTAR-whoenig,1,NULL,NULL,1313,3.2374,8,https://github.com/ssfc/libMultiRobotPlanning-isolated,2025/8/16 22:49,,
-1,random-32-32-20.map,random-32-32-20-random-1.scen,54,12400F,CBSFlowBeam-whoenig,ASTAR-whoenig,1,NULL,NULL,1344,3.6621,8,https://github.com/ssfc/libMultiRobotPlanning-isolated,2025/8/16 22:49,,
-1,random-32-32-20.map,random-32-32-20-random-1.scen,55,12400F,CBSFlowBeam-whoenig,ASTAR-whoenig,1,NULL,NULL,1361,3.88078,8,https://github.com/ssfc/libMultiRobotPlanning-isolated,2025/8/16 22:49,,
-1,random-32-32-20.map,random-32-32-20-random-1.scen,56,12400F,CBSFlowBeam-whoenig,ASTAR-whoenig,1,NULL,NULL,1403,4.1793,8,https://github.com/ssfc/libMultiRobotPlanning-isolated,2025/8/16 22:49,,
-1,random-32-32-20.map,random-32-32-20-random-1.scen,57,12400F,CBSFlowBeam-whoenig,ASTAR-whoenig,1,NULL,NULL,1466,7.16437,8,https://github.com/ssfc/libMultiRobotPlanning-isolated,2025/8/16 22:49,,
-1,random-32-32-20.map,random-32-32-20-random-1.scen,58,12400F,CBSFlowBeam-whoenig,ASTAR-whoenig,1,NULL,NULL,1504,8.01527,8,https://github.com/ssfc/libMultiRobotPlanning-isolated,2025/8/16 22:49,,
-1,random-32-32-20.map,random-32-32-20-random-1.scen,59,12400F,CBSFlowBeam-whoenig,ASTAR-whoenig,1,NULL,NULL,1534,9.09312,8,https://github.com/ssfc/libMultiRobotPlanning-isolated,2025/8/16 22:50,,
-1,random-32-32-20.map,random-32-32-20-random-1.scen,60,12400F,CBSFlowBeam-whoenig,ASTAR-whoenig,1,NULL,NULL,1579,9.06353,8,https://github.com/ssfc/libMultiRobotPlanning-isolated,2025/8/16 22:50,,
-1,random-32-32-20.map,random-32-32-20-random-1.scen,61,12400F,CBSFlowBeam-whoenig,ASTAR-whoenig,1,NULL,NULL,1594,9.21041,8,https://github.com/ssfc/libMultiRobotPlanning-isolated,2025/8/16 22:50,,
-1,random-32-32-20.map,random-32-32-20-random-1.scen,62,12400F,CBSFlowBeam-whoenig,ASTAR-whoenig,1,NULL,NULL,1622,9.07295,8,https://github.com/ssfc/libMultiRobotPlanning-isolated,2025/8/16 22:50,,
-1,random-32-32-20.map,random-32-32-20-random-1.scen,63,12400F,CBSFlowBeam-whoenig,ASTAR-whoenig,1,NULL,NULL,1646,10.0213,8,https://github.com/ssfc/libMultiRobotPlanning-isolated,2025/8/16 22:50,,
-1,random-32-32-20.map,random-32-32-20-random-1.scen,64,12400F,CBSFlowBeam-whoenig,ASTAR-whoenig,1,NULL,NULL,1665,10.8655,8,https://github.com/ssfc/libMultiRobotPlanning-isolated,2025/8/16 22:50,,
-1,random-32-32-20.map,random-32-32-20-random-1.scen,65,12400F,CBSFlowBeam-whoenig,ASTAR-whoenig,1,NULL,NULL,1707,13.2866,8,https://github.com/ssfc/libMultiRobotPlanning-isolated,2025/8/16 22:51,,
-1,random-32-32-20.map,random-32-32-20-random-1.scen,66,12400F,CBSFlowBeam-whoenig,ASTAR-whoenig,1,NULL,NULL,1742,13.4661,8,https://github.com/ssfc/libMultiRobotPlanning-isolated,2025/8/16 22:51,,
-1,random-32-32-20.map,random-32-32-20-random-1.scen,67,12400F,CBSFlowBeam-whoenig,ASTAR-whoenig,1,NULL,NULL,1765,13.6734,8,https://github.com/ssfc/libMultiRobotPlanning-isolated,2025/8/16 22:51,,
-1,random-32-32-20.map,random-32-32-20-random-1.scen,68,12400F,CBSFlowBeam-whoenig,ASTAR-whoenig,1,NULL,NULL,1815,15.7275,8,https://github.com/ssfc/libMultiRobotPlanning-isolated,2025/8/16 22:51,,
-1,random-32-32-20.map,random-32-32-20-random-1.scen,69,12400F,CBSFlowBeam-whoenig,ASTAR-whoenig,1,NULL,NULL,1827,15.9525,8,https://github.com/ssfc/libMultiRobotPlanning-isolated,2025/8/16 22:52,,
-1,random-32-32-20.map,random-32-32-20-random-1.scen,70,12400F,CBSFlowBeam-whoenig,ASTAR-whoenig,1,NULL,NULL,1872,16.6076,8,https://github.com/ssfc/libMultiRobotPlanning-isolated,2025/8/16 22:52,,
-1,random-32-32-20.map,random-32-32-20-random-1.scen,71,12400F,CBSFlowBeam-whoenig,ASTAR-whoenig,1,NULL,NULL,1898,14.8496,8,https://github.com/ssfc/libMultiRobotPlanning-isolated,2025/8/16 22:52,,
-1,random-32-32-20.map,random-32-32-20-random-1.scen,72,12400F,CBSFlowBeam-whoenig,ASTAR-whoenig,1,NULL,NULL,1938,16.0589,8,https://github.com/ssfc/libMultiRobotPlanning-isolated,2025/8/16 22:52,,
-1,random-32-32-20.map,random-32-32-20-random-1.scen,73,12400F,CBSFlowBeam-whoenig,ASTAR-whoenig,1,NULL,NULL,1956,16.228,8,https://github.com/ssfc/libMultiRobotPlanning-isolated,2025/8/16 22:53,,
-1,random-32-32-20.map,random-32-32-20-random-1.scen,74,12400F,CBSFlowBeam-whoenig,ASTAR-whoenig,1,NULL,NULL,1970,16.4858,8,https://github.com/ssfc/libMultiRobotPlanning-isolated,2025/8/16 22:53,,
-1,random-32-32-20.map,random-32-32-20-random-1.scen,75,12400F,CBSFlowBeam-whoenig,ASTAR-whoenig,1,NULL,NULL,1998,17.9092,8,https://github.com/ssfc/libMultiRobotPlanning-isolated,2025/8/16 22:53,,
-1,random-32-32-20.map,random-32-32-20-random-1.scen,76,12400F,CBSFlowBeam-whoenig,ASTAR-whoenig,1,NULL,NULL,2026,21.0243,8,https://github.com/ssfc/libMultiRobotPlanning-isolated,2025/8/16 22:54,,
-1,random-32-32-20.map,random-32-32-20-random-1.scen,77,12400F,CBSFlowBeam-whoenig,ASTAR-whoenig,1,NULL,NULL,2040,21.2954,8,https://github.com/ssfc/libMultiRobotPlanning-isolated,2025/8/16 22:54,,
-1,random-32-32-20.map,random-32-32-20-random-1.scen,78,12400F,CBSFlowBeam-whoenig,ASTAR-whoenig,1,NULL,NULL,2083,26.3993,8,https://github.com/ssfc/libMultiRobotPlanning-isolated,2025/8/16 22:54,,
-1,random-32-32-20.map,random-32-32-20-random-1.scen,79,12400F,CBSFlowBeam-whoenig,ASTAR-whoenig,1,NULL,NULL,2096,26.7243,8,https://github.com/ssfc/libMultiRobotPlanning-isolated,2025/8/16 22:55,,
-1,random-32-32-20.map,random-32-32-20-random-1.scen,80,12400F,CBSFlowBeam-whoenig,ASTAR-whoenig,1,NULL,NULL,2138,26.5628,8,https://github.com/ssfc/libMultiRobotPlanning-isolated,2025/8/16 22:55,,
-1,random-32-32-20.map,random-32-32-20-random-1.scen,81,12400F,CBSFlowBeam-whoenig,ASTAR-whoenig,1,NULL,NULL,2164,26.9568,8,https://github.com/ssfc/libMultiRobotPlanning-isolated,2025/8/16 22:56,,
-1,random-32-32-20.map,random-32-32-20-random-1.scen,82,12400F,CBSFlowBeam-whoenig,ASTAR-whoenig,1,NULL,NULL,2186,27.7785,8,https://github.com/ssfc/libMultiRobotPlanning-isolated,2025/8/16 22:56,,
-1,random-32-32-20.map,random-32-32-20-random-1.scen,83,12400F,CBSFlowBeam-whoenig,ASTAR-whoenig,1,NULL,NULL,2201,27.8074,8,https://github.com/ssfc/libMultiRobotPlanning-isolated,2025/8/16 22:57,,
-1,random-32-32-20.map,random-32-32-20-random-1.scen,84,12400F,CBSFlowBeam-whoenig,ASTAR-whoenig,1,NULL,NULL,2251,30.3481,8,https://github.com/ssfc/libMultiRobotPlanning-isolated,2025/8/16 22:57,,
-1,random-32-32-20.map,random-32-32-20-random-1.scen,85,12400F,CBSFlowBeam-whoenig,ASTAR-whoenig,1,NULL,NULL,2296,33.4982,8,https://github.com/ssfc/libMultiRobotPlanning-isolated,2025/8/16 22:58,,
-1,random-32-32-20.map,random-32-32-20-random-1.scen,86,12400F,CBSFlowBeam-whoenig,ASTAR-whoenig,1,NULL,NULL,2321,33.1581,8,https://github.com/ssfc/libMultiRobotPlanning-isolated,2025/8/16 22:58,,
-1,random-32-32-20.map,random-32-32-20-random-1.scen,87,12400F,CBSFlowBeam-whoenig,ASTAR-whoenig,1,NULL,NULL,2349,33.7523,8,https://github.com/ssfc/libMultiRobotPlanning-isolated,2025/8/16 22:59,,
-1,random-32-32-20.map,random-32-32-20-random-1.scen,88,12400F,CBSFlowBeam-whoenig,ASTAR-whoenig,1,NULL,NULL,2369,34.2274,8,https://github.com/ssfc/libMultiRobotPlanning-isolated,2025/8/16 22:59,,
-1,random-32-32-20.map,random-32-32-20-random-1.scen,89,12400F,CBSFlowBeam-whoenig,ASTAR-whoenig,1,NULL,NULL,2392,34.6102,8,https://github.com/ssfc/libMultiRobotPlanning-isolated,2025/8/16 23:00,,
-1,random-32-32-20.map,random-32-32-20-random-1.scen,90,12400F,CBSFlowBeam-whoenig,ASTAR-whoenig,1,NULL,NULL,2453,44.1639,8,https://github.com/ssfc/libMultiRobotPlanning-isolated,2025/8/16 23:01,,
-1,random-32-32-20.map,random-32-32-20-random-1.scen,91,12400F,CBSFlowBeam-whoenig,ASTAR-whoenig,1,NULL,NULL,2469,44.615,8,https://github.com/ssfc/libMultiRobotPlanning-isolated,2025/8/16 23:02,,
-1,random-32-32-20.map,random-32-32-20-random-1.scen,92,12400F,CBSFlowBeam-whoenig,ASTAR-whoenig,1,NULL,NULL,2536,57.7136,8,https://github.com/ssfc/libMultiRobotPlanning-isolated,2025/8/16 23:03,,
-1,random-32-32-20.map,random-32-32-20-random-1.scen,93,12400F,CBSFlowBeam-whoenig,ASTAR-whoenig,1,NULL,NULL,2578,57.2442,8,https://github.com/ssfc/libMultiRobotPlanning-isolated,2025/8/16 23:03,,
-1,random-32-32-20.map,random-32-32-20-random-1.scen,94,12400F,CBSFlowBeam-whoenig,ASTAR-whoenig,1,NULL,NULL,2609,63.3941,8,https://github.com/ssfc/libMultiRobotPlanning-isolated,2025/8/16 23:05,,
-1,random-32-32-20.map,random-32-32-20-random-1.scen,95,12400F,CBSFlowBeam-whoenig,ASTAR-whoenig,1,NULL,NULL,2651,82.8918,8,https://github.com/ssfc/libMultiRobotPlanning-isolated,2025/8/16 23:06,,
-1,random-32-32-20.map,random-32-32-20-random-1.scen,96,12400F,CBSFlowBeam-whoenig,ASTAR-whoenig,1,NULL,NULL,2659,83.9605,8,https://github.com/ssfc/libMultiRobotPlanning-isolated,2025/8/16 23:07,,
-1,random-32-32-20.map,random-32-32-20-random-1.scen,97,12400F,CBSFlowBeam-whoenig,ASTAR-whoenig,1,NULL,NULL,2693,82.9243,8,https://github.com/ssfc/libMultiRobotPlanning-isolated,2025/8/16 23:09,,
-1,random-32-32-20.map,random-32-32-20-random-1.scen,98,12400F,CBSFlowBeam-whoenig,ASTAR-whoenig,1,NULL,NULL,2719,92.3246,8,https://github.com/ssfc/libMultiRobotPlanning-isolated,2025/8/16 23:10,,
-1,random-32-32-20.map,random-32-32-20-random-1.scen,99,12400F,CBSFlowBeam-whoenig,ASTAR-whoenig,1,NULL,NULL,2749,91.5815,8,https://github.com/ssfc/libMultiRobotPlanning-isolated,2025/8/16 23:12,,
-1,random-32-32-20.map,random-32-32-20-random-1.scen,100,12400F,CBSFlowBeam-whoenig,ASTAR-whoenig,1,NULL,NULL,2758,92.5584,8,https://github.com/ssfc/libMultiRobotPlanning-isolated,2025/8/16 23:13,,
-1,random-32-32-20.map,random-32-32-20-random-1.scen,101,12400F,CBSFlowBeam-whoenig,ASTAR-whoenig,1,NULL,NULL,2832,128.838,8,https://github.com/ssfc/libMultiRobotPlanning-isolated,2025/8/16 23:16,,
-1,random-32-32-20.map,random-32-32-20-random-1.scen,102,12400F,CBSFlowBeam-whoenig,ASTAR-whoenig,1,NULL,NULL,2860,117.72,8,https://github.com/ssfc/libMultiRobotPlanning-isolated,2025/8/16 23:18,,
-1,random-32-32-20.map,random-32-32-20-random-1.scen,103,12400F,CBSFlowBeam-whoenig,ASTAR-whoenig,1,NULL,NULL,2870,118.944,8,https://github.com/ssfc/libMultiRobotPlanning-isolated,2025/8/16 23:20,,
-1,random-32-32-20.map,random-32-32-20-random-1.scen,104,12400F,CBSFlowBeam-whoenig,ASTAR-whoenig,1,NULL,NULL,2907,123.987,8,https://github.com/ssfc/libMultiRobotPlanning-isolated,2025/8/16 23:22,,
-1,random-32-32-20.map,random-32-32-20-random-1.scen,105,12400F,CBSFlowBeam-whoenig,ASTAR-whoenig,1,NULL,NULL,2900,114.512,8,https://github.com/ssfc/libMultiRobotPlanning-isolated,2025/8/16 23:24,,
-1,random-32-32-20.map,random-32-32-20-random-1.scen,106,12400F,CBSFlowBeam-whoenig,ASTAR-whoenig,1,NULL,NULL,2937,115.819,8,https://github.com/ssfc/libMultiRobotPlanning-isolated,2025/8/16 23:25,,
-1,random-32-32-20.map,random-32-32-20-random-1.scen,107,12400F,CBSFlowBeam-whoenig,ASTAR-whoenig,1,NULL,NULL,2971,125.095,8,https://github.com/ssfc/libMultiRobotPlanning-isolated,2025/8/16 23:28,,
-1,random-32-32-20.map,random-32-32-20-random-1.scen,108,12400F,CBSFlowBeam-whoenig,ASTAR-whoenig,1,NULL,NULL,3019,130.425,8,https://github.com/ssfc/libMultiRobotPlanning-isolated,2025/8/16 23:30,,
-1,random-32-32-20.map,random-32-32-20-random-1.scen,109,12400F,CBSFlowBeam-whoenig,ASTAR-whoenig,1,NULL,NULL,3064,119.998,8,https://github.com/ssfc/libMultiRobotPlanning-isolated,2025/8/16 23:32,,
-1,random-32-32-20.map,random-32-32-20-random-1.scen,110,12400F,CBSFlowBeam-whoenig,ASTAR-whoenig,1,NULL,NULL,3061,94.9442,8,https://github.com/ssfc/libMultiRobotPlanning-isolated,2025/8/16 23:33,,
-1,random-32-32-20.map,random-32-32-20-random-1.scen,111,12400F,CBSFlowBeam-whoenig,ASTAR-whoenig,1,NULL,NULL,3091,98.3568,8,https://github.com/ssfc/libMultiRobotPlanning-isolated,2025/8/16 23:35,,
-1,random-32-32-20.map,random-32-32-20-random-1.scen,112,12400F,CBSFlowBeam-whoenig,ASTAR-whoenig,1,NULL,NULL,3145,107.923,8,https://github.com/ssfc/libMultiRobotPlanning-isolated,2025/8/16 23:37,,
-1,random-32-32-20.map,random-32-32-20-random-1.scen,113,12400F,CBSFlowBeam-whoenig,ASTAR-whoenig,1,NULL,NULL,3157,97.2017,8,https://github.com/ssfc/libMultiRobotPlanning-isolated,2025/8/16 23:38,,
-1,random-32-32-20.map,random-32-32-20-random-1.scen,114,12400F,CBSFlowBeam-whoenig,ASTAR-whoenig,1,NULL,NULL,3185,97.0137,8,https://github.com/ssfc/libMultiRobotPlanning-isolated,2025/8/16 23:40,,
-1,random-32-32-20.map,random-32-32-20-random-1.scen,115,12400F,CBSFlowBeam-whoenig,ASTAR-whoenig,1,NULL,NULL,3259,123.262,8,https://github.com/ssfc/libMultiRobotPlanning-isolated,2025/8/16 23:42,,
-1,random-32-32-20.map,random-32-32-20-random-1.scen,116,12400F,CBSFlowBeam-whoenig,ASTAR-whoenig,1,NULL,NULL,3286,125.368,8,https://github.com/ssfc/libMultiRobotPlanning-isolated,2025/8/16 23:44,,
-1,random-32-32-20.map,random-32-32-20-random-1.scen,117,12400F,CBSFlowBeam-whoenig,ASTAR-whoenig,1,NULL,NULL,3318,129.092,8,https://github.com/ssfc/libMultiRobotPlanning-isolated,2025/8/16 23:46,,
-1,random-32-32-20.map,random-32-32-20-random-1.scen,118,12400F,CBSFlowBeam-whoenig,ASTAR-whoenig,1,NULL,NULL,3366,131.718,8,https://github.com/ssfc/libMultiRobotPlanning-isolated,2025/8/16 23:49,,
-1,random-32-32-20.map,random-32-32-20-random-1.scen,119,12400F,CBSFlowBeam-whoenig,ASTAR-whoenig,1,NULL,NULL,3355,94.9311,8,https://github.com/ssfc/libMultiRobotPlanning-isolated,2025/8/16 23:50,,
-1,random-32-32-20.map,random-32-32-20-random-1.scen,120,12400F,CBSFlowBeam-whoenig,ASTAR-whoenig,1,NULL,NULL,3490,169.179,8,https://github.com/ssfc/libMultiRobotPlanning-isolated,2025/8/16 23:53,,
-1,random-32-32-20.map,random-32-32-20-random-1.scen,121,12400F,CBSFlowBeam-whoenig,ASTAR-whoenig,1,NULL,NULL,3500,174.86,8,https://github.com/ssfc/libMultiRobotPlanning-isolated,2025/8/16 23:56,,
-1,random-32-32-20.map,random-32-32-20-random-1.scen,122,12400F,CBSFlowBeam-whoenig,ASTAR-whoenig,1,NULL,NULL,3504,172.079,8,https://github.com/ssfc/libMultiRobotPlanning-isolated,2025/8/16 23:59,,
-1,random-32-32-20.map,random-32-32-20-random-1.scen,123,12400F,CBSFlowBeam-whoenig,ASTAR-whoenig,1,NULL,NULL,3514,147.903,8,https://github.com/ssfc/libMultiRobotPlanning-isolated,2025/8/17 0:01,,
-1,random-32-32-20.map,random-32-32-20-random-1.scen,124,12400F,CBSFlowBeam-whoenig,ASTAR-whoenig,1,NULL,NULL,3533,139.635,8,https://github.com/ssfc/libMultiRobotPlanning-isolated,2025/8/17 0:04,,
-1,random-32-32-20.map,random-32-32-20-random-1.scen,125,12400F,CBSFlowBeam-whoenig,ASTAR-whoenig,1,NULL,NULL,3564,147.528,8,https://github.com/ssfc/libMultiRobotPlanning-isolated,2025/8/17 0:06,,
-1,random-32-32-20.map,random-32-32-20-random-1.scen,126,12400F,CBSFlowBeam-whoenig,ASTAR-whoenig,1,NULL,NULL,3633,199.059,8,https://github.com/ssfc/libMultiRobotPlanning-isolated,2025/8/17 0:10,,
-1,random-32-32-20.map,random-32-32-20-random-1.scen,127,12400F,CBSFlowBeam-whoenig,ASTAR-whoenig,1,NULL,NULL,3653,202.592,8,https://github.com/ssfc/libMultiRobotPlanning-isolated,2025/8/17 0:13,,
-1,random-32-32-20.map,random-32-32-20-random-1.scen,128,12400F,CBSFlowBeam-whoenig,ASTAR-whoenig,1,NULL,NULL,3666,201.468,8,https://github.com/ssfc/libMultiRobotPlanning-isolated,2025/8/17 0:16,,
-1,random-32-32-20.map,random-32-32-20-random-1.scen,129,12400F,CBSFlowBeam-whoenig,ASTAR-whoenig,1,NULL,NULL,3755,259.236,8,https://github.com/ssfc/libMultiRobotPlanning-isolated,2025/8/17 0:21,,
-1,random-32-32-20.map,random-32-32-20-random-1.scen,130,12400F,CBSFlowBeam-whoenig,ASTAR-whoenig,1,NULL,NULL,3773,263.059,8,https://github.com/ssfc/libMultiRobotPlanning-isolated,2025/8/17 0:25,,
-1,random-32-32-20.map,random-32-32-20-random-1.scen,131,12400F,CBSFlowBeam-whoenig,ASTAR-whoenig,1,NULL,NULL,3781,246.146,8,https://github.com/ssfc/libMultiRobotPlanning-isolated,2025/8/17 0:29,,
-1,random-32-32-20.map,random-32-32-20-random-1.scen,132,12400F,CBSFlowBeam-whoenig,ASTAR-whoenig,1,NULL,NULL,3829,259.548,8,https://github.com/ssfc/libMultiRobotPlanning-isolated,2025/8/17 0:34,,
-1,random-32-32-20.map,random-32-32-20-random-1.scen,133,12400F,CBSFlowBeam-whoenig,ASTAR-whoenig,1,NULL,NULL,3886,299.959,8,https://github.com/ssfc/libMultiRobotPlanning-isolated,2025/8/17 0:39,,
-1,random-32-32-20.map,random-32-32-20-random-1.scen,134,12400F,CBSFlowBeam-whoenig,ASTAR-whoenig,1,NULL,NULL,3949,358.145,8,https://github.com/ssfc/libMultiRobotPlanning-isolated,2025/8/17 0:45,,
-1,random-32-32-20.map,random-32-32-20-random-1.scen,135,12400F,CBSFlowBeam-whoenig,ASTAR-whoenig,1,NULL,NULL,3966,362.655,8,https://github.com/ssfc/libMultiRobotPlanning-isolated,2025/8/17 0:51,,
-1,random-32-32-20.map,random-32-32-20-random-1.scen,136,12400F,CBSFlowBeam-whoenig,ASTAR-whoenig,1,NULL,NULL,4029,409.281,8,https://github.com/ssfc/libMultiRobotPlanning-isolated,2025/8/17 0:58,,
-1,random-32-32-20.map,random-32-32-20-random-1.scen,137,12400F,CBSFlowBeam-whoenig,ASTAR-whoenig,1,NULL,NULL,4026,357.463,8,https://github.com/ssfc/libMultiRobotPlanning-isolated,2025/8/17 1:04,,
-1,random-32-32-20.map,random-32-32-20-random-1.scen,138,12400F,CBSFlowBeam-whoenig,ASTAR-whoenig,1,NULL,NULL,4048,307.545,8,https://github.com/ssfc/libMultiRobotPlanning-isolated,2025/8/17 1:09,,
-1,random-32-32-20.map,random-32-32-20-random-1.scen,139,12400F,CBSFlowBeam-whoenig,ASTAR-whoenig,1,NULL,NULL,4060,321.216,8,https://github.com/ssfc/libMultiRobotPlanning-isolated,2025/8/17 1:14,,
-1,random-32-32-20.map,random-32-32-20-random-1.scen,140,12400F,CBSFlowBeam-whoenig,ASTAR-whoenig,1,NULL,NULL,4097,315.557,8,https://github.com/ssfc/libMultiRobotPlanning-isolated,2025/8/17 1:19,,
-1,random-32-32-20.map,random-32-32-20-random-1.scen,141,12400F,CBSFlowBeam-whoenig,ASTAR-whoenig,1,NULL,NULL,4147,320.237,8,https://github.com/ssfc/libMultiRobotPlanning-isolated,2025/8/17 1:25,,
-1,random-32-32-20.map,random-32-32-20-random-1.scen,142,12400F,CBSFlowBeam-whoenig,ASTAR-whoenig,1,NULL,NULL,4151,322.862,8,https://github.com/ssfc/libMultiRobotPlanning-isolated,2025/8/17 1:30,,
-1,random-32-32-20.map,random-32-32-20-random-1.scen,143,12400F,CBSFlowBeam-whoenig,ASTAR-whoenig,1,NULL,NULL,4262,481.501,8,https://github.com/ssfc/libMultiRobotPlanning-isolated,2025/8/17 1:38,,
-1,random-32-32-20.map,random-32-32-20-random-1.scen,144,12400F,CBSFlowBeam-whoenig,ASTAR-whoenig,1,NULL,NULL,4289,541.21,8,https://github.com/ssfc/libMultiRobotPlanning-isolated,2025/8/17 1:47,,
-1,random-32-32-20.map,random-32-32-20-random-1.scen,145,12400F,CBSFlowBeam-whoenig,ASTAR-whoenig,1,NULL,NULL,4319,586.399,8,https://github.com/ssfc/libMultiRobotPlanning-isolated,2025/8/17 1:57,,
-1,random-32-32-20.map,random-32-32-20-random-1.scen,146,12400F,CBSFlowBeam-whoenig,ASTAR-whoenig,1,NULL,NULL,4357,589.164,8,https://github.com/ssfc/libMultiRobotPlanning-isolated,2025/8/17 2:07,,
-1,random-32-32-20.map,random-32-32-20-random-1.scen,147,12400F,CBSFlowBeam-whoenig,ASTAR-whoenig,1,NULL,NULL,4383,542.138,8,https://github.com/ssfc/libMultiRobotPlanning-isolated,2025/8/17 2:16,,
-1,random-32-32-20.map,random-32-32-20-random-1.scen,148,12400F,CBSFlowBeam-whoenig,ASTAR-whoenig,1,NULL,NULL,4389,504.9,8,https://github.com/ssfc/libMultiRobotPlanning-isolated,2025/8/17 2:25,,
-1,random-32-32-20.map,random-32-32-20-random-1.scen,149,12400F,CBSFlowBeam-whoenig,ASTAR-whoenig,1,NULL,NULL,4386,473.917,8,https://github.com/ssfc/libMultiRobotPlanning-isolated,2025/8/17 2:33,,
-1,random-32-32-20.map,random-32-32-20-random-1.scen,150,12400F,CBSFlowBeam-whoenig,ASTAR-whoenig,1,NULL,NULL,4414,471.776,8,https://github.com/ssfc/libMultiRobotPlanning-isolated,2025/8/17 2:41,,
-1,random-32-32-20.map,random-32-32-20-random-1.scen,151,12400F,CBSFlowBeam-whoenig,ASTAR-whoenig,1,NULL,NULL,4430,477.646,8,https://github.com/ssfc/libMultiRobotPlanning-isolated,2025/8/17 2:49,,
-1,random-32-32-20.map,random-32-32-20-random-1.scen,152,12400F,CBSFlowBeam-whoenig,ASTAR-whoenig,1,NULL,NULL,4442,430.5,8,https://github.com/ssfc/libMultiRobotPlanning-isolated,2025/8/17 2:56,,
-1,random-32-32-20.map,random-32-32-20-random-1.scen,153,12400F,CBSFlowBeam-whoenig,ASTAR-whoenig,1,NULL,NULL,4463,428.668,8,https://github.com/ssfc/libMultiRobotPlanning-isolated,2025/8/17 3:03,,
-1,random-32-32-20.map,random-32-32-20-random-1.scen,154,12400F,CBSFlowBeam-whoenig,ASTAR-whoenig,1,NULL,NULL,4545,552.41,8,https://github.com/ssfc/libMultiRobotPlanning-isolated,2025/8/17 3:12,,
-1,random-32-32-20.map,random-32-32-20-random-1.scen,155,12400F,CBSFlowBeam-whoenig,ASTAR-whoenig,1,NULL,NULL,4540,455.654,8,https://github.com/ssfc/libMultiRobotPlanning-isolated,2025/8/17 3:20,,
-1,random-32-32-20.map,random-32-32-20-random-1.scen,156,12400F,CBSFlowBeam-whoenig,ASTAR-whoenig,1,NULL,NULL,4606,515.428,8,https://github.com/ssfc/libMultiRobotPlanning-isolated,2025/8/17 3:29,,
-1,random-32-32-20.map,random-32-32-20-random-1.scen,157,12400F,CBSFlowBeam-whoenig,ASTAR-whoenig,1,NULL,NULL,4680,621.189,8,https://github.com/ssfc/libMultiRobotPlanning-isolated,2025/8/17 3:39,,
-1,random-32-32-20.map,random-32-32-20-random-1.scen,158,12400F,CBSFlowBeam-whoenig,ASTAR-whoenig,1,NULL,NULL,4686,628.626,8,https://github.com/ssfc/libMultiRobotPlanning-isolated,2025/8/17 3:50,,
-1,random-32-32-20.map,random-32-32-20-random-1.scen,159,12400F,CBSFlowBeam-whoenig,ASTAR-whoenig,1,NULL,NULL,4709,630.523,8,https://github.com/ssfc/libMultiRobotPlanning-isolated,2025/8/17 4:00,,
-1,random-32-32-20.map,random-32-32-20-random-1.scen,160,12400F,CBSFlowBeam-whoenig,ASTAR-whoenig,1,NULL,NULL,4714,637.065,8,https://github.com/ssfc/libMultiRobotPlanning-isolated,2025/8/17 4:11,,
-1,random-32-32-20.map,random-32-32-20-random-1.scen,161,12400F,CBSFlowBeam-whoenig,ASTAR-whoenig,1,NULL,NULL,4731,644.615,8,https://github.com/ssfc/libMultiRobotPlanning-isolated,2025/8/17 4:22,,
-1,random-32-32-20.map,random-32-32-20-random-1.scen,162,12400F,CBSFlowBeam-whoenig,ASTAR-whoenig,1,NULL,NULL,4741,652.249,8,https://github.com/ssfc/libMultiRobotPlanning-isolated,2025/8/17 4:33,,
-1,random-32-32-20.map,random-32-32-20-random-1.scen,163,12400F,CBSFlowBeam-whoenig,ASTAR-whoenig,1,NULL,NULL,4747,670.703,8,https://github.com/ssfc/libMultiRobotPlanning-isolated,2025/8/17 4:44,,
-1,random-32-32-20.map,random-32-32-20-random-1.scen,164,12400F,CBSFlowBeam-whoenig,ASTAR-whoenig,1,NULL,NULL,4763,704.958,8,https://github.com/ssfc/libMultiRobotPlanning-isolated,2025/8/17 4:56,,
-1,random-32-32-20.map,random-32-32-20-random-1.scen,165,12400F,CBSFlowBeam-whoenig,ASTAR-whoenig,1,NULL,NULL,4806,735.973,8,https://github.com/ssfc/libMultiRobotPlanning-isolated,2025/8/17 5:08,,
-1,random-32-32-20.map,random-32-32-20-random-1.scen,166,12400F,CBSFlowBeam-whoenig,ASTAR-whoenig,1,NULL,NULL,4804,647.536,8,https://github.com/ssfc/libMultiRobotPlanning-isolated,2025/8/17 5:19,,
-1,random-32-32-20.map,random-32-32-20-random-1.scen,167,12400F,CBSFlowBeam-whoenig,ASTAR-whoenig,1,NULL,NULL,4855,781.214,8,https://github.com/ssfc/libMultiRobotPlanning-isolated,2025/8/17 5:32,,
-1,random-32-32-20.map,random-32-32-20-random-1.scen,168,12400F,CBSFlowBeam-whoenig,ASTAR-whoenig,1,NULL,NULL,4868,786.789,8,https://github.com/ssfc/libMultiRobotPlanning-isolated,2025/8/17 5:45,,
-1,random-32-32-20.map,random-32-32-20-random-1.scen,169,12400F,CBSFlowBeam-whoenig,ASTAR-whoenig,1,NULL,NULL,4885,707.59,8,https://github.com/ssfc/libMultiRobotPlanning-isolated,2025/8/17 5:57,,
-1,random-32-32-20.map,random-32-32-20-random-1.scen,170,12400F,CBSFlowBeam-whoenig,ASTAR-whoenig,1,NULL,NULL,5032,1118.81,8,https://github.com/ssfc/libMultiRobotPlanning-isolated,2025/8/17 6:16,,
-1,random-32-32-20.map,random-32-32-20-random-1.scen,171,12400F,CBSFlowBeam-whoenig,ASTAR-whoenig,1,NULL,NULL,4980,742.662,8,https://github.com/ssfc/libMultiRobotPlanning-isolated,2025/8/17 6:28,,
-1,random-32-32-20.map,random-32-32-20-random-1.scen,172,12400F,CBSFlowBeam-whoenig,ASTAR-whoenig,1,NULL,NULL,5210,1285.16,8,https://github.com/ssfc/libMultiRobotPlanning-isolated,2025/8/17 6:50,,
-1,random-32-32-20.map,random-32-32-20-random-1.scen,173,12400F,CBSFlowBeam-whoenig,ASTAR-whoenig,1,NULL,NULL,5032,835.892,8,https://github.com/ssfc/libMultiRobotPlanning-isolated,2025/8/17 7:04,,
-1,random-32-32-20.map,random-32-32-20-random-1.scen,174,12400F,CBSFlowBeam-whoenig,ASTAR-whoenig,1,NULL,NULL,5089,964.133,8,https://github.com/ssfc/libMultiRobotPlanning-isolated,2025/8/17 7:20,,
-1,random-32-32-20.map,random-32-32-20-random-1.scen,175,12400F,CBSFlowBeam-whoenig,ASTAR-whoenig,1,NULL,NULL,5149,1118.76,8,https://github.com/ssfc/libMultiRobotPlanning-isolated,2025/8/17 7:39,,
-1,random-32-32-20.map,random-32-32-20-random-1.scen,176,12400F,CBSFlowBeam-whoenig,ASTAR-whoenig,1,NULL,NULL,5129,1026.57,8,https://github.com/ssfc/libMultiRobotPlanning-isolated,2025/8/17 7:56,,
-1,random-32-32-20.map,random-32-32-20-random-1.scen,177,12400F,CBSFlowBeam-whoenig,ASTAR-whoenig,1,NULL,NULL,5161,1038.92,8,https://github.com/ssfc/libMultiRobotPlanning-isolated,2025/8/17 8:14,,
-1,random-32-32-20.map,random-32-32-20-random-1.scen,178,12400F,CBSFlowBeam-whoenig,ASTAR-whoenig,1,NULL,NULL,5178,1047.58,8,https://github.com/ssfc/libMultiRobotPlanning-isolated,2025/8/17 8:31,,
-1,random-32-32-20.map,random-32-32-20-random-1.scen,179,12400F,CBSFlowBeam-whoenig,ASTAR-whoenig,1,NULL,NULL,5205,1036.52,8,https://github.com/ssfc/libMultiRobotPlanning-isolated,2025/8/17 8:49,,
-1,random-32-32-20.map,random-32-32-20-random-1.scen,180,12400F,CBSFlowBeam-whoenig,ASTAR-whoenig,1,NULL,NULL,5213,1006.68,8,https://github.com/ssfc/libMultiRobotPlanning-isolated,2025/8/17 9:06,,
-1,random-32-32-20.map,random-32-32-20-random-1.scen,181,12400F,CBSFlowBeam-whoenig,ASTAR-whoenig,1,NULL,NULL,5266,1059.06,8,https://github.com/ssfc/libMultiRobotPlanning-isolated,2025/8/17 9:23,,
-1,random-32-32-20.map,random-32-32-20-random-1.scen,182,12400F,CBSFlowBeam-whoenig,ASTAR-whoenig,1,NULL,NULL,5329,1195.5,8,https://github.com/ssfc/libMultiRobotPlanning-isolated,2025/8/17 9:43,,
-1,random-32-32-20.map,random-32-32-20-random-1.scen,183,12400F,CBSFlowBeam-whoenig,ASTAR-whoenig,1,NULL,NULL,5451,1526.36,8,https://github.com/ssfc/libMultiRobotPlanning-isolated,2025/8/17 10:09,,
-1,random-32-32-20.map,random-32-32-20-random-1.scen,184,12400F,CBSFlowBeam-whoenig,ASTAR-whoenig,1,NULL,NULL,5461,1536.17,8,https://github.com/ssfc/libMultiRobotPlanning-isolated,2025/8/17 10:35,,
-1,random-32-32-20.map,random-32-32-20-random-1.scen,185,12400F,CBSFlowBeam-whoenig,ASTAR-whoenig,1,NULL,NULL,5391,1261.63,8,https://github.com/ssfc/libMultiRobotPlanning-isolated,2025/8/17 10:56,,
-1,random-32-32-20.map,random-32-32-20-random-1.scen,186,12400F,CBSFlowBeam-whoenig,ASTAR-whoenig,1,NULL,NULL,5415,1303.78,8,https://github.com/ssfc/libMultiRobotPlanning-isolated,2025/8/17 11:18,,
-1,random-32-32-20.map,random-32-32-20-random-1.scen,187,12400F,CBSFlowBeam-whoenig,ASTAR-whoenig,1,NULL,NULL,5424,1281.18,8,https://github.com/ssfc/libMultiRobotPlanning-isolated,2025/8/17 11:39,,
-1,random-32-32-20.map,random-32-32-20-random-1.scen,188,12400F,CBSFlowBeam-whoenig,ASTAR-whoenig,1,NULL,NULL,5454,1322.58,8,https://github.com/ssfc/libMultiRobotPlanning-isolated,2025/8/17 12:02,,
-1,random-32-32-20.map,random-32-32-20-random-1.scen,189,12400F,CBSFlowBeam-whoenig,ASTAR-whoenig,1,NULL,NULL,5476,1315.3,8,https://github.com/ssfc/libMultiRobotPlanning-isolated,2025/8/17 12:24,,
-1,random-32-32-20.map,random-32-32-20-random-1.scen,190,12400F,CBSFlowBeam-whoenig,ASTAR-whoenig,1,NULL,NULL,5585,1531.01,8,https://github.com/ssfc/libMultiRobotPlanning-isolated,2025/8/17 12:49,,
-1,random-32-32-20.map,random-32-32-20-random-1.scen,191,12400F,CBSFlowBeam-whoenig,ASTAR-whoenig,1,NULL,NULL,5636,1639.33,8,https://github.com/ssfc/libMultiRobotPlanning-isolated,2025/8/17 13:17,,
-1,random-32-32-20.map,random-32-32-20-random-1.scen,192,12400F,CBSFlowBeam-whoenig,ASTAR-whoenig,1,NULL,NULL,5660,1653.77,8,https://github.com/ssfc/libMultiRobotPlanning-isolated,2025/8/17 13:45,,
-1,random-32-32-20.map,random-32-32-20-random-1.scen,193,12400F,CBSFlowBeam-whoenig,ASTAR-whoenig,1,NULL,NULL,5714,1772.29,8,https://github.com/ssfc/libMultiRobotPlanning-isolated,2025/8/17 14:14,,
-1,random-32-32-20.map,random-32-32-20-random-1.scen,194,12400F,CBSFlowBeam-whoenig,ASTAR-whoenig,1,NULL,NULL,5860,2163.32,8,https://github.com/ssfc/libMultiRobotPlanning-isolated,2025/8/17 14:51,,
-1,random-32-32-20.map,random-32-32-20-random-1.scen,195,12400F,CBSFlowBeam-whoenig,ASTAR-whoenig,1,NULL,NULL,5869,2056.16,8,https://github.com/ssfc/libMultiRobotPlanning-isolated,2025/8/17 15:25,,
-1,random-32-32-20.map,random-32-32-20-random-1.scen,196,12400F,CBSFlowBeam-whoenig,ASTAR-whoenig,1,NULL,NULL,5892,2122.76,8,https://github.com/ssfc/libMultiRobotPlanning-isolated,2025/8/17 16:01,,
-1,random-32-32-20.map,random-32-32-20-random-1.scen,197,12400F,CBSFlowBeam-whoenig,ASTAR-whoenig,1,NULL,NULL,5940,2205.83,8,https://github.com/ssfc/libMultiRobotPlanning-isolated,2025/8/17 16:38,,
-1,random-32-32-20.map,random-32-32-20-random-1.scen,198,12400F,CBSFlowBeam-whoenig,ASTAR-whoenig,1,NULL,NULL,6010,2344.39,8,https://github.com/ssfc/libMultiRobotPlanning-isolated,2025/8/17 17:17,,
-1,random-32-32-20.map,random-32-32-20-random-1.scen,199,12400F,CBSFlowBeam-whoenig,ASTAR-whoenig,1,NULL,NULL,6062,2348.95,8,https://github.com/ssfc/libMultiRobotPlanning-isolated,2025/8/17 17:57,,
-1,random-32-32-20.map,random-32-32-20-random-1.scen,200,12400F,CBSFlowBeam-whoenig,ASTAR-whoenig,1,NULL,NULL,6125,2519.47,8,https://github.com/ssfc/libMultiRobotPlanning-isolated,2025/8/17 18:39,,
-1,random-32-32-20.map,random-32-32-20-random-1.scen,201,12400F,CBSFlowBeam-whoenig,ASTAR-whoenig,1,NULL,NULL,6205,2660.47,8,https://github.com/ssfc/libMultiRobotPlanning-isolated,2025/8/17 19:24,,
-1,random-32-32-20.map,random-32-32-20-random-1.scen,202,12400F,CBSFlowBeam-whoenig,ASTAR-whoenig,1,NULL,NULL,6285,2579.27,8,https://github.com/ssfc/libMultiRobotPlanning-isolated,2025/8/17 20:07,,
-1,random-32-32-20.map,random-32-32-20-random-1.scen,203,12400F,CBSFlowBeam-whoenig,ASTAR-whoenig,1,NULL,NULL,6352,3131.32,8,https://github.com/ssfc/libMultiRobotPlanning-isolated,2025/8/17 21:00,,
-1,random-32-32-20.map,random-32-32-20-random-1.scen,204,12400F,CBSFlowBeam-whoenig,ASTAR-whoenig,1,NULL,NULL,6366,3183.33,8,https://github.com/ssfc/libMultiRobotPlanning-isolated,2025/8/17 21:53,,
-1,random-32-32-20.map,random-32-32-20-random-1.scen,205,12400F,CBSFlowBeam-whoenig,ASTAR-whoenig,1,NULL,NULL,6597,3729.29,8,https://github.com/ssfc/libMultiRobotPlanning-isolated,2025/8/17 22:56,,
-1,random-32-32-20.map,random-32-32-20-random-1.scen,206,12400F,CBSFlowBeam-whoenig,ASTAR-whoenig,1,NULL,NULL,6409,2891.76,8,https://github.com/ssfc/libMultiRobotPlanning-isolated,2025/8/17 23:45,,
-1,random-32-32-20.map,random-32-32-20-random-1.scen,207,12400F,CBSFlowBeam-whoenig,ASTAR-whoenig,1,NULL,NULL,6489,3261.9,8,https://github.com/ssfc/libMultiRobotPlanning-isolated,2025/8/18 0:40,,
-1,random-32-32-20.map,random-32-32-20-random-1.scen,208,12400F,CBSFlowBeam-whoenig,ASTAR-whoenig,1,NULL,NULL,6793,4992.29,8,https://github.com/ssfc/libMultiRobotPlanning-isolated,2025/8/18 2:04,,
-1,random-32-32-20.map,random-32-32-20-random-1.scen,209,12400F,CBSFlowBeam-whoenig,ASTAR-whoenig,1,NULL,NULL,6776,4311.4,8,https://github.com/ssfc/libMultiRobotPlanning-isolated,2025/8/18 3:20,,
-1,random-32-32-20.map,random-32-32-20-random-1.scen,210,12400F,CBSFlowBeam-whoenig,ASTAR-whoenig,1,NULL,NULL,6612,3226.07,8,https://github.com/ssfc/libMultiRobotPlanning-isolated,2025/8/18 4:16,,
-1,random-32-32-20.map,random-32-32-20-random-1.scen,211,12400F,CBSFlowBeam-whoenig,ASTAR-whoenig,1,NULL,NULL,6595,3305.24,8,https://github.com/ssfc/libMultiRobotPlanning-isolated,2025/8/18 5:11,,
-1,random-32-32-20.map,random-32-32-20-random-1.scen,212,12400F,CBSFlowBeam-whoenig,ASTAR-whoenig,1,NULL,NULL,6689,3549.1,8,https://github.com/ssfc/libMultiRobotPlanning-isolated,2025/8/18 6:11,,
-1,random-32-32-20.map,random-32-32-20-random-1.scen,213,12400F,CBSFlowBeam-whoenig,ASTAR-whoenig,1,NULL,NULL,6772,3364.97,8,https://github.com/ssfc/libMultiRobotPlanning-isolated,2025/8/18 7:07,,
-1,random-32-32-20.map,random-32-32-20-random-1.scen,214,12400F,CBSFlowBeam-whoenig,ASTAR-whoenig,1,NULL,NULL,6914,3981.24,8,https://github.com/ssfc/libMultiRobotPlanning-isolated,2025/8/18 8:14,,
-1,random-32-32-20.map,random-32-32-20-random-1.scen,215,12400F,CBSFlowBeam-whoenig,ASTAR-whoenig,1,NULL,NULL,6857,3837.24,8,https://github.com/ssfc/libMultiRobotPlanning-isolated,2025/8/18 9:19,,
-1,random-32-32-20.map,random-32-32-20-random-1.scen,216,12400F,CBSFlowBeam-whoenig,ASTAR-whoenig,1,NULL,NULL,6992,4641.1,8,https://github.com/ssfc/libMultiRobotPlanning-isolated,2025/8/18 10:37,,
-1,random-32-32-20.map,random-32-32-20-random-1.scen,217,12400F,CBSFlowBeam-whoenig,ASTAR-whoenig,1,NULL,NULL,6953,4173.67,8,https://github.com/ssfc/libMultiRobotPlanning-isolated,2025/8/18 11:50,,
-1,random-32-32-20.map,random-32-32-20-random-1.scen,218,12400F,CBSFlowBeam-whoenig,ASTAR-whoenig,1,NULL,NULL,7104,4905.28,8,https://github.com/ssfc/libMultiRobotPlanning-isolated,2025/8/18 13:14,,
-1,random-32-32-20.map,random-32-32-20-random-1.scen,219,12400F,CBSFlowBeam-whoenig,ASTAR-whoenig,1,NULL,NULL,6987,3587.26,8,https://github.com/ssfc/libMultiRobotPlanning-isolated,2025/8/18 14:18,,
-1,random-32-32-20.map,random-32-32-20-random-1.scen,220,12400F,CBSFlowBeam-whoenig,ASTAR-whoenig,1,NULL,NULL,7078,4268.16,8,https://github.com/ssfc/libMultiRobotPlanning-isolated,2025/8/18 15:30,,
-1,random-32-32-20.map,random-32-32-20-random-1.scen,1,12400F,GCBS-whoenig,ASTAR-whoenig,1,NULL,NULL,36,0.004574,NULL,https://github.com/ssfc/libMultiRobotPlanning-isolated,2025/8/27 10:55,,
-1,random-32-32-20.map,random-32-32-20-random-1.scen,2,12400F,GCBS-whoenig,ASTAR-whoenig,1,NULL,NULL,48,0.006748,NULL,https://github.com/ssfc/libMultiRobotPlanning-isolated,2025/8/27 10:55,,
-1,random-32-32-20.map,random-32-32-20-random-1.scen,3,12400F,GCBS-whoenig,ASTAR-whoenig,1,NULL,NULL,77,0.00357,NULL,https://github.com/ssfc/libMultiRobotPlanning-isolated,2025/8/27 10:55,,
-1,random-32-32-20.map,random-32-32-20-random-1.scen,4,12400F,GCBS-whoenig,ASTAR-whoenig,1,NULL,NULL,97,0.009026,NULL,https://github.com/ssfc/libMultiRobotPlanning-isolated,2025/8/27 10:55,,
-1,random-32-32-20.map,random-32-32-20-random-1.scen,5,12400F,GCBS-whoenig,ASTAR-whoenig,1,NULL,NULL,128,0.005779,NULL,https://github.com/ssfc/libMultiRobotPlanning-isolated,2025/8/27 10:55,,
-1,random-32-32-20.map,random-32-32-20-random-1.scen,6,12400F,GCBS-whoenig,ASTAR-whoenig,1,NULL,NULL,152,0.007349,NULL,https://github.com/ssfc/libMultiRobotPlanning-isolated,2025/8/27 10:55,,
-1,random-32-32-20.map,random-32-32-20-random-1.scen,7,12400F,GCBS-whoenig,ASTAR-whoenig,1,NULL,NULL,167,0.005865,NULL,https://github.com/ssfc/libMultiRobotPlanning-isolated,2025/8/27 10:55,,
-1,random-32-32-20.map,random-32-32-20-random-1.scen,8,12400F,GCBS-whoenig,ASTAR-whoenig,1,NULL,NULL,177,0.006436,NULL,https://github.com/ssfc/libMultiRobotPlanning-isolated,2025/8/27 10:55,,
-1,random-32-32-20.map,random-32-32-20-random-1.scen,9,12400F,GCBS-whoenig,ASTAR-whoenig,1,NULL,NULL,181,0.006609,NULL,https://github.com/ssfc/libMultiRobotPlanning-isolated,2025/8/27 10:55,,
-1,random-32-32-20.map,random-32-32-20-random-1.scen,10,12400F,GCBS-whoenig,ASTAR-whoenig,1,NULL,NULL,196,0.009845,NULL,https://github.com/ssfc/libMultiRobotPlanning-isolated,2025/8/27 10:55,,
-1,random-32-32-20.map,random-32-32-20-random-1.scen,11,12400F,GCBS-whoenig,ASTAR-whoenig,1,NULL,NULL,218,0.017053,NULL,https://github.com/ssfc/libMultiRobotPlanning-isolated,2025/8/27 10:55,,
-1,random-32-32-20.map,random-32-32-20-random-1.scen,12,12400F,GCBS-whoenig,ASTAR-whoenig,1,NULL,NULL,241,0.011787,NULL,https://github.com/ssfc/libMultiRobotPlanning-isolated,2025/8/27 10:55,,
-1,random-32-32-20.map,random-32-32-20-random-1.scen,13,12400F,GCBS-whoenig,ASTAR-whoenig,1,NULL,NULL,256,0.025075,NULL,https://github.com/ssfc/libMultiRobotPlanning-isolated,2025/8/27 10:55,,
-1,random-32-32-20.map,random-32-32-20-random-1.scen,14,12400F,GCBS-whoenig,ASTAR-whoenig,1,NULL,NULL,304,0.025024,NULL,https://github.com/ssfc/libMultiRobotPlanning-isolated,2025/8/27 10:55,,
-1,random-32-32-20.map,random-32-32-20-random-1.scen,15,12400F,GCBS-whoenig,ASTAR-whoenig,1,NULL,NULL,327,0.025427,NULL,https://github.com/ssfc/libMultiRobotPlanning-isolated,2025/8/27 10:55,,
-1,random-32-32-20.map,random-32-32-20-random-1.scen,16,12400F,GCBS-whoenig,ASTAR-whoenig,1,NULL,NULL,365,0.032174,NULL,https://github.com/ssfc/libMultiRobotPlanning-isolated,2025/8/27 10:55,,
-1,random-32-32-20.map,random-32-32-20-random-1.scen,17,12400F,GCBS-whoenig,ASTAR-whoenig,1,NULL,NULL,383,0.03374,NULL,https://github.com/ssfc/libMultiRobotPlanning-isolated,2025/8/27 10:55,,
-1,random-32-32-20.map,random-32-32-20-random-1.scen,18,12400F,GCBS-whoenig,ASTAR-whoenig,1,NULL,NULL,390,0.03536,NULL,https://github.com/ssfc/libMultiRobotPlanning-isolated,2025/8/27 10:55,,
-1,random-32-32-20.map,random-32-32-20-random-1.scen,19,12400F,GCBS-whoenig,ASTAR-whoenig,1,NULL,NULL,402,0.035718,NULL,https://github.com/ssfc/libMultiRobotPlanning-isolated,2025/8/27 10:55,,
-1,random-32-32-20.map,random-32-32-20-random-1.scen,20,12400F,GCBS-whoenig,ASTAR-whoenig,1,NULL,NULL,410,0.03818,NULL,https://github.com/ssfc/libMultiRobotPlanning-isolated,2025/8/27 10:55,,
-1,random-32-32-20.map,random-32-32-20-random-1.scen,21,12400F,GCBS-whoenig,ASTAR-whoenig,1,NULL,NULL,441,0.04037,NULL,https://github.com/ssfc/libMultiRobotPlanning-isolated,2025/8/27 10:55,,
-1,random-32-32-20.map,random-32-32-20-random-1.scen,22,12400F,GCBS-whoenig,ASTAR-whoenig,1,NULL,NULL,450,0.047286,NULL,https://github.com/ssfc/libMultiRobotPlanning-isolated,2025/8/27 10:55,,
-1,random-32-32-20.map,random-32-32-20-random-1.scen,23,12400F,GCBS-whoenig,ASTAR-whoenig,1,NULL,NULL,464,0.052078,NULL,https://github.com/ssfc/libMultiRobotPlanning-isolated,2025/8/27 10:55,,
-1,random-32-32-20.map,random-32-32-20-random-1.scen,24,12400F,GCBS-whoenig,ASTAR-whoenig,1,NULL,NULL,511,0.055895,NULL,https://github.com/ssfc/libMultiRobotPlanning-isolated,2025/8/27 10:55,,
-1,random-32-32-20.map,random-32-32-20-random-1.scen,25,12400F,GCBS-whoenig,ASTAR-whoenig,1,NULL,NULL,525,0.057754,NULL,https://github.com/ssfc/libMultiRobotPlanning-isolated,2025/8/27 10:55,,
-1,random-32-32-20.map,random-32-32-20-random-1.scen,26,12400F,GCBS-whoenig,ASTAR-whoenig,1,NULL,NULL,558,0.062935,NULL,https://github.com/ssfc/libMultiRobotPlanning-isolated,2025/8/27 10:55,,
-1,random-32-32-20.map,random-32-32-20-random-1.scen,27,12400F,GCBS-whoenig,ASTAR-whoenig,1,NULL,NULL,590,0.075911,NULL,https://github.com/ssfc/libMultiRobotPlanning-isolated,2025/8/27 10:55,,
-1,random-32-32-20.map,random-32-32-20-random-1.scen,28,12400F,GCBS-whoenig,ASTAR-whoenig,1,NULL,NULL,596,0.079705,NULL,https://github.com/ssfc/libMultiRobotPlanning-isolated,2025/8/27 10:55,,
-1,random-32-32-20.map,random-32-32-20-random-1.scen,29,12400F,GCBS-whoenig,ASTAR-whoenig,1,NULL,NULL,602,0.084265,NULL,https://github.com/ssfc/libMultiRobotPlanning-isolated,2025/8/27 10:55,,
-1,random-32-32-20.map,random-32-32-20-random-1.scen,30,12400F,GCBS-whoenig,ASTAR-whoenig,1,NULL,NULL,630,0.101229,NULL,https://github.com/ssfc/libMultiRobotPlanning-isolated,2025/8/27 10:55,,
-1,random-32-32-20.map,random-32-32-20-random-1.scen,31,12400F,GCBS-whoenig,ASTAR-whoenig,1,NULL,NULL,653,0.114794,NULL,https://github.com/ssfc/libMultiRobotPlanning-isolated,2025/8/27 10:55,,
-1,random-32-32-20.map,random-32-32-20-random-1.scen,32,12400F,GCBS-whoenig,ASTAR-whoenig,1,NULL,NULL,673,0.119002,NULL,https://github.com/ssfc/libMultiRobotPlanning-isolated,2025/8/27 10:55,,
-1,random-32-32-20.map,random-32-32-20-random-1.scen,33,12400F,GCBS-whoenig,ASTAR-whoenig,1,NULL,NULL,681,0.124379,NULL,https://github.com/ssfc/libMultiRobotPlanning-isolated,2025/8/27 10:55,,
-1,random-32-32-20.map,random-32-32-20-random-1.scen,34,12400F,GCBS-whoenig,ASTAR-whoenig,1,NULL,NULL,713,0.258034,NULL,https://github.com/ssfc/libMultiRobotPlanning-isolated,2025/8/27 10:55,,
-1,random-32-32-20.map,random-32-32-20-random-1.scen,35,12400F,GCBS-whoenig,ASTAR-whoenig,1,NULL,NULL,739,0.268142,NULL,https://github.com/ssfc/libMultiRobotPlanning-isolated,2025/8/27 10:56,,
-1,random-32-32-20.map,random-32-32-20-random-1.scen,36,12400F,GCBS-whoenig,ASTAR-whoenig,1,NULL,NULL,776,0.236613,NULL,https://github.com/ssfc/libMultiRobotPlanning-isolated,2025/8/27 10:56,,
-1,random-32-32-20.map,random-32-32-20-random-1.scen,37,12400F,GCBS-whoenig,ASTAR-whoenig,1,NULL,NULL,782,0.246318,NULL,https://github.com/ssfc/libMultiRobotPlanning-isolated,2025/8/27 10:56,,
-1,random-32-32-20.map,random-32-32-20-random-1.scen,38,12400F,GCBS-whoenig,ASTAR-whoenig,1,NULL,NULL,791,0.254603,NULL,https://github.com/ssfc/libMultiRobotPlanning-isolated,2025/8/27 10:56,,
-1,random-32-32-20.map,random-32-32-20-random-1.scen,39,12400F,GCBS-whoenig,ASTAR-whoenig,1,NULL,NULL,807,0.21656,NULL,https://github.com/ssfc/libMultiRobotPlanning-isolated,2025/8/27 10:56,,
-1,random-32-32-20.map,random-32-32-20-random-1.scen,40,12400F,GCBS-whoenig,ASTAR-whoenig,1,NULL,NULL,835,0.25066,NULL,https://github.com/ssfc/libMultiRobotPlanning-isolated,2025/8/27 10:56,,
-1,random-32-32-20.map,random-32-32-20-random-1.scen,41,12400F,GCBS-whoenig,ASTAR-whoenig,1,NULL,NULL,853,0.26262,NULL,https://github.com/ssfc/libMultiRobotPlanning-isolated,2025/8/27 10:56,,
-1,random-32-32-20.map,random-32-32-20-random-1.scen,42,12400F,GCBS-whoenig,ASTAR-whoenig,1,NULL,NULL,863,0.271275,NULL,https://github.com/ssfc/libMultiRobotPlanning-isolated,2025/8/27 10:56,,
-1,random-32-32-20.map,random-32-32-20-random-1.scen,43,12400F,GCBS-whoenig,ASTAR-whoenig,1,NULL,NULL,903,0.292256,NULL,https://github.com/ssfc/libMultiRobotPlanning-isolated,2025/8/27 10:56,,
-1,random-32-32-20.map,random-32-32-20-random-1.scen,44,12400F,GCBS-whoenig,ASTAR-whoenig,1,NULL,NULL,942,0.344196,NULL,https://github.com/ssfc/libMultiRobotPlanning-isolated,2025/8/27 10:56,,
-1,random-32-32-20.map,random-32-32-20-random-1.scen,45,12400F,GCBS-whoenig,ASTAR-whoenig,1,NULL,NULL,978,0.357415,NULL,https://github.com/ssfc/libMultiRobotPlanning-isolated,2025/8/27 10:56,,
-1,random-32-32-20.map,random-32-32-20-random-1.scen,46,12400F,GCBS-whoenig,ASTAR-whoenig,1,NULL,NULL,1012,0.477233,NULL,https://github.com/ssfc/libMultiRobotPlanning-isolated,2025/8/27 10:56,,
-1,random-32-32-20.map,random-32-32-20-random-1.scen,47,12400F,GCBS-whoenig,ASTAR-whoenig,1,NULL,NULL,1041,0.50364,NULL,https://github.com/ssfc/libMultiRobotPlanning-isolated,2025/8/27 10:56,,
-1,random-32-32-20.map,random-32-32-20-random-1.scen,48,12400F,GCBS-whoenig,ASTAR-whoenig,1,NULL,NULL,1066,0.741942,NULL,https://github.com/ssfc/libMultiRobotPlanning-isolated,2025/8/27 10:56,,
-1,random-32-32-20.map,random-32-32-20-random-1.scen,49,12400F,GCBS-whoenig,ASTAR-whoenig,1,NULL,NULL,1082,0.834902,NULL,https://github.com/ssfc/libMultiRobotPlanning-isolated,2025/8/27 10:56,,
-1,random-32-32-20.map,random-32-32-20-random-1.scen,50,12400F,GCBS-whoenig,ASTAR-whoenig,1,NULL,NULL,1105,0.593001,NULL,https://github.com/ssfc/libMultiRobotPlanning-isolated,2025/8/27 10:56,,
-1,random-32-32-20.map,random-32-32-20-random-1.scen,51,12400F,GCBS-whoenig,ASTAR-whoenig,1,NULL,NULL,1148,1.15293,NULL,https://github.com/ssfc/libMultiRobotPlanning-isolated,2025/8/27 10:56,,
-1,random-32-32-20.map,random-32-32-20-random-1.scen,52,12400F,GCBS-whoenig,ASTAR-whoenig,1,NULL,NULL,1164,1.18839,NULL,https://github.com/ssfc/libMultiRobotPlanning-isolated,2025/8/27 10:56,,
-1,random-32-32-20.map,random-32-32-20-random-1.scen,53,12400F,GCBS-whoenig,ASTAR-whoenig,1,NULL,NULL,1181,1.22374,NULL,https://github.com/ssfc/libMultiRobotPlanning-isolated,2025/8/27 10:56,,
-1,random-32-32-20.map,random-32-32-20-random-1.scen,54,12400F,GCBS-whoenig,ASTAR-whoenig,1,NULL,NULL,1212,1.54906,NULL,https://github.com/ssfc/libMultiRobotPlanning-isolated,2025/8/27 10:56,,
-1,random-32-32-20.map,random-32-32-20-random-1.scen,55,12400F,GCBS-whoenig,ASTAR-whoenig,1,NULL,NULL,1218,1.27389,NULL,https://github.com/ssfc/libMultiRobotPlanning-isolated,2025/8/27 10:56,,
-1,random-32-32-20.map,random-32-32-20-random-1.scen,56,12400F,GCBS-whoenig,ASTAR-whoenig,1,NULL,NULL,1272,2.37481,NULL,https://github.com/ssfc/libMultiRobotPlanning-isolated,2025/8/27 10:56,,
-1,random-32-32-20.map,random-32-32-20-random-1.scen,57,12400F,GCBS-whoenig,ASTAR-whoenig,1,NULL,NULL,1312,1.69165,NULL,https://github.com/ssfc/libMultiRobotPlanning-isolated,2025/8/27 10:56,,
-1,random-32-32-20.map,random-32-32-20-random-1.scen,58,12400F,GCBS-whoenig,ASTAR-whoenig,1,NULL,NULL,1350,2.00506,NULL,https://github.com/ssfc/libMultiRobotPlanning-isolated,2025/8/27 10:56,,
-1,random-32-32-20.map,random-32-32-20-random-1.scen,59,12400F,GCBS-whoenig,ASTAR-whoenig,1,NULL,NULL,1369,2.44537,NULL,https://github.com/ssfc/libMultiRobotPlanning-isolated,2025/8/27 10:56,,
-1,random-32-32-20.map,random-32-32-20-random-1.scen,60,12400F,GCBS-whoenig,ASTAR-whoenig,1,NULL,NULL,1406,2.29034,NULL,https://github.com/ssfc/libMultiRobotPlanning-isolated,2025/8/27 10:56,,
-1,random-32-32-20.map,random-32-32-20-random-1.scen,61,12400F,GCBS-whoenig,ASTAR-whoenig,1,NULL,NULL,1415,2.22921,NULL,https://github.com/ssfc/libMultiRobotPlanning-isolated,2025/8/27 10:56,,
-1,random-32-32-20.map,random-32-32-20-random-1.scen,62,12400F,GCBS-whoenig,ASTAR-whoenig,1,NULL,NULL,1442,2.2071,NULL,https://github.com/ssfc/libMultiRobotPlanning-isolated,2025/8/27 10:56,,
-1,random-32-32-20.map,random-32-32-20-random-1.scen,63,12400F,GCBS-whoenig,ASTAR-whoenig,1,NULL,NULL,1464,2.92079,NULL,https://github.com/ssfc/libMultiRobotPlanning-isolated,2025/8/27 10:56,,
-1,random-32-32-20.map,random-32-32-20-random-1.scen,64,12400F,GCBS-whoenig,ASTAR-whoenig,1,NULL,NULL,1485,3.76243,NULL,https://github.com/ssfc/libMultiRobotPlanning-isolated,2025/8/27 10:56,,
-1,random-32-32-20.map,random-32-32-20-random-1.scen,65,12400F,GCBS-whoenig,ASTAR-whoenig,1,NULL,NULL,1521,5.24412,NULL,https://github.com/ssfc/libMultiRobotPlanning-isolated,2025/8/27 10:56,,
-1,random-32-32-20.map,random-32-32-20-random-1.scen,66,12400F,GCBS-whoenig,ASTAR-whoenig,1,NULL,NULL,1554,5.6033,NULL,https://github.com/ssfc/libMultiRobotPlanning-isolated,2025/8/27 10:56,,
-1,random-32-32-20.map,random-32-32-20-random-1.scen,67,12400F,GCBS-whoenig,ASTAR-whoenig,1,NULL,NULL,1575,5.74776,NULL,https://github.com/ssfc/libMultiRobotPlanning-isolated,2025/8/27 10:56,,
-1,random-32-32-20.map,random-32-32-20-random-1.scen,68,12400F,GCBS-whoenig,ASTAR-whoenig,1,NULL,NULL,1615,4.54128,NULL,https://github.com/ssfc/libMultiRobotPlanning-isolated,2025/8/27 10:56,,
-1,random-32-32-20.map,random-32-32-20-random-1.scen,69,12400F,GCBS-whoenig,ASTAR-whoenig,1,NULL,NULL,1625,4.6722,NULL,https://github.com/ssfc/libMultiRobotPlanning-isolated,2025/8/27 10:57,,
-1,random-32-32-20.map,random-32-32-20-random-1.scen,70,12400F,GCBS-whoenig,ASTAR-whoenig,1,NULL,NULL,1668,4.89002,NULL,https://github.com/ssfc/libMultiRobotPlanning-isolated,2025/8/27 10:57,,
-1,random-32-32-20.map,random-32-32-20-random-1.scen,71,12400F,GCBS-whoenig,ASTAR-whoenig,1,NULL,NULL,1710,177.989,NULL,https://github.com/ssfc/libMultiRobotPlanning-isolated,2025/8/27 11:00,,
-1,random-32-32-20.map,random-32-32-20-random-1.scen,72,12400F,GCBS-whoenig,ASTAR-whoenig,1,NULL,NULL,1739,9.16349,NULL,https://github.com/ssfc/libMultiRobotPlanning-isolated,2025/8/27 11:00,,
-1,random-32-32-20.map,random-32-32-20-random-1.scen,73,12400F,GCBS-whoenig,ASTAR-whoenig,1,NULL,NULL,1755,9.40366,NULL,https://github.com/ssfc/libMultiRobotPlanning-isolated,2025/8/27 11:00,,
-1,random-32-32-20.map,random-32-32-20-random-1.scen,74,12400F,GCBS-whoenig,ASTAR-whoenig,1,NULL,NULL,1767,9.16282,NULL,https://github.com/ssfc/libMultiRobotPlanning-isolated,2025/8/27 11:00,,
-1,random-32-32-20.map,random-32-32-20-random-1.scen,75,12400F,GCBS-whoenig,ASTAR-whoenig,1,NULL,NULL,1798,305.865,NULL,https://github.com/ssfc/libMultiRobotPlanning-isolated,2025/8/27 11:05,,
-1,random-32-32-20.map,random-32-32-20-random-1.scen,76,12400F,GCBS-whoenig,ASTAR-whoenig,1,NULL,NULL,1818,299.784,NULL,https://github.com/ssfc/libMultiRobotPlanning-isolated,2025/8/27 11:10,,
-1,random-32-32-20.map,random-32-32-20-random-1.scen,77,12400F,GCBS-whoenig,ASTAR-whoenig,1,NULL,NULL,1830,306.942,NULL,https://github.com/ssfc/libMultiRobotPlanning-isolated,2025/8/27 11:15,,
-1,random-32-32-20.map,random-32-32-20-random-1.scen,78,12400F,GCBS-whoenig,ASTAR-whoenig,1,NULL,NULL,1837,26.4958,NULL,https://github.com/ssfc/libMultiRobotPlanning-isolated,2025/8/27 11:16,,
-1,random-32-32-20.map,random-32-32-20-random-1.scen,79,12400F,GCBS-whoenig,ASTAR-whoenig,1,NULL,NULL,1848,27.1953,NULL,https://github.com/ssfc/libMultiRobotPlanning-isolated,2025/8/27 11:16,,
-1,random-32-32-20.map,random-32-32-20-random-1.scen,80,12400F,GCBS-whoenig,ASTAR-whoenig,1,NULL,NULL,INF,1800.15,NULL,https://github.com/ssfc/libMultiRobotPlanning-isolated,2025/8/27 11:46,,
-1,random-32-32-20.map,random-32-32-20-random-1.scen,81,12400F,GCBS-whoenig,ASTAR-whoenig,1,NULL,NULL,1915,18.6925,NULL,https://github.com/ssfc/libMultiRobotPlanning-isolated,2025/8/27 11:46,,
-1,random-32-32-20.map,random-32-32-20-random-1.scen,82,12400F,GCBS-whoenig,ASTAR-whoenig,1,NULL,NULL,1934,16.557,NULL,https://github.com/ssfc/libMultiRobotPlanning-isolated,2025/8/27 11:47,,
-1,random-32-32-20.map,random-32-32-20-random-1.scen,83,12400F,GCBS-whoenig,ASTAR-whoenig,1,NULL,NULL,1944,26.2414,NULL,https://github.com/ssfc/libMultiRobotPlanning-isolated,2025/8/27 11:47,,
-1,random-32-32-20.map,random-32-32-20-random-1.scen,84,12400F,GCBS-whoenig,ASTAR-whoenig,1,NULL,NULL,1986,31.6601,NULL,https://github.com/ssfc/libMultiRobotPlanning-isolated,2025/8/27 11:48,,
-1,random-32-32-20.map,random-32-32-20-random-1.scen,85,12400F,GCBS-whoenig,ASTAR-whoenig,1,NULL,NULL,2024,26.6752,NULL,https://github.com/ssfc/libMultiRobotPlanning-isolated,2025/8/27 11:48,,
-1,random-32-32-20.map,random-32-32-20-random-1.scen,86,12400F,GCBS-whoenig,ASTAR-whoenig,1,NULL,NULL,2042,20.7745,NULL,https://github.com/ssfc/libMultiRobotPlanning-isolated,2025/8/27 11:49,,
-1,random-32-32-20.map,random-32-32-20-random-1.scen,87,12400F,GCBS-whoenig,ASTAR-whoenig,1,NULL,NULL,INF,1800.09,NULL,https://github.com/ssfc/libMultiRobotPlanning-isolated,2025/8/27 12:19,,
-1,random-32-32-20.map,random-32-32-20-random-1.scen,88,12400F,GCBS-whoenig,ASTAR-whoenig,1,NULL,NULL,2103,620.034,NULL,https://github.com/ssfc/libMultiRobotPlanning-isolated,2025/8/27 12:29,,
-1,random-32-32-20.map,random-32-32-20-random-1.scen,89,12400F,GCBS-whoenig,ASTAR-whoenig,1,NULL,NULL,INF,1800.23,NULL,https://github.com/ssfc/libMultiRobotPlanning-isolated,2025/8/27 12:59,,
-1,random-32-32-20.map,random-32-32-20-random-1.scen,90,12400F,GCBS-whoenig,ASTAR-whoenig,1,NULL,NULL,INF,1800.14,NULL,https://github.com/ssfc/libMultiRobotPlanning-isolated,2025/8/27 13:29,,
-1,random-32-32-20.map,random-32-32-20-random-1.scen,91,12400F,GCBS-whoenig,ASTAR-whoenig,1,NULL,NULL,INF,1800.01,NULL,https://github.com/ssfc/libMultiRobotPlanning-isolated,2025/8/27 13:59,,
-1,random-32-32-20.map,random-32-32-20-random-1.scen,92,12400F,GCBS-whoenig,ASTAR-whoenig,1,NULL,NULL,INF,1800.08,NULL,https://github.com/ssfc/libMultiRobotPlanning-isolated,2025/8/27 14:29,,
-1,random-32-32-20.map,random-32-32-20-random-1.scen,93,12400F,GCBS-whoenig,ASTAR-whoenig,1,NULL,NULL,INF,1800.08,NULL,https://github.com/ssfc/libMultiRobotPlanning-isolated,2025/8/27 14:59,,
-1,random-32-32-20.map,random-32-32-20-random-1.scen,94,12400F,GCBS-whoenig,ASTAR-whoenig,1,NULL,NULL,INF,1800.05,NULL,https://github.com/ssfc/libMultiRobotPlanning-isolated,2025/8/27 15:29,,
-1,random-32-32-20.map,random-32-32-20-random-1.scen,95,12400F,GCBS-whoenig,ASTAR-whoenig,1,NULL,NULL,INF,1800.04,NULL,https://github.com/ssfc/libMultiRobotPlanning-isolated,2025/8/27 15:59,,
-1,random-32-32-20.map,random-32-32-20-random-1.scen,96,12400F,GCBS-whoenig,ASTAR-whoenig,1,NULL,NULL,INF,1800.35,NULL,https://github.com/ssfc/libMultiRobotPlanning-isolated,2025/8/27 16:29,,
-1,random-32-32-20.map,random-32-32-20-random-1.scen,97,12400F,GCBS-whoenig,ASTAR-whoenig,1,NULL,NULL,2316,916.211,NULL,https://github.com/ssfc/libMultiRobotPlanning-isolated,2025/8/27 16:44,,
-1,random-32-32-20.map,random-32-32-20-random-1.scen,98,12400F,GCBS-whoenig,ASTAR-whoenig,1,NULL,NULL,INF,1800.29,NULL,https://github.com/ssfc/libMultiRobotPlanning-isolated,2025/8/27 17:14,,
-1,random-32-32-20.map,random-32-32-20-random-1.scen,99,12400F,GCBS-whoenig,ASTAR-whoenig,1,NULL,NULL,INF,1800.3,NULL,https://github.com/ssfc/libMultiRobotPlanning-isolated,2025/8/27 17:44,,
-1,random-32-32-20.map,random-32-32-20-random-1.scen,100,12400F,GCBS-whoenig,ASTAR-whoenig,1,NULL,NULL,INF,1800.17,NULL,https://github.com/ssfc/libMultiRobotPlanning-isolated,2025/8/27 18:14,,
-1,random-32-32-20.map,random-32-32-20-random-1.scen,1,12400F,CBSDepthUpdateOrder,ASTAR-whoenig,1,NULL,NULL,38,0.001034,NULL,https://github.com/ssfc/libMultiRobotPlanning-isolated,2025/9/1 16:55,,
-1,random-32-32-20.map,random-32-32-20-random-1.scen,2,12400F,CBSDepthUpdateOrder,ASTAR-whoenig,1,NULL,NULL,52,0.002575,NULL,https://github.com/ssfc/libMultiRobotPlanning-isolated,2025/9/1 16:55,,
-1,random-32-32-20.map,random-32-32-20-random-1.scen,3,12400F,CBSDepthUpdateOrder,ASTAR-whoenig,1,NULL,NULL,83,0.005901,NULL,https://github.com/ssfc/libMultiRobotPlanning-isolated,2025/9/1 16:55,,
-1,random-32-32-20.map,random-32-32-20-random-1.scen,4,12400F,CBSDepthUpdateOrder,ASTAR-whoenig,1,NULL,NULL,105,0.010855,NULL,https://github.com/ssfc/libMultiRobotPlanning-isolated,2025/9/1 16:55,,
-1,random-32-32-20.map,random-32-32-20-random-1.scen,5,12400F,CBSDepthUpdateOrder,ASTAR-whoenig,1,NULL,NULL,138,0.006413,NULL,https://github.com/ssfc/libMultiRobotPlanning-isolated,2025/9/1 16:55,,
-1,random-32-32-20.map,random-32-32-20-random-1.scen,6,12400F,CBSDepthUpdateOrder,ASTAR-whoenig,1,NULL,NULL,164,0.008172,NULL,https://github.com/ssfc/libMultiRobotPlanning-isolated,2025/9/1 16:55,,
-1,random-32-32-20.map,random-32-32-20-random-1.scen,7,12400F,CBSDepthUpdateOrder,ASTAR-whoenig,1,NULL,NULL,181,0.00711,NULL,https://github.com/ssfc/libMultiRobotPlanning-isolated,2025/9/1 16:55,,
-1,random-32-32-20.map,random-32-32-20-random-1.scen,8,12400F,CBSDepthUpdateOrder,ASTAR-whoenig,1,NULL,NULL,193,0.007361,NULL,https://github.com/ssfc/libMultiRobotPlanning-isolated,2025/9/1 16:55,,
-1,random-32-32-20.map,random-32-32-20-random-1.scen,9,12400F,CBSDepthUpdateOrder,ASTAR-whoenig,1,NULL,NULL,199,0.014516,NULL,https://github.com/ssfc/libMultiRobotPlanning-isolated,2025/9/1 16:55,,
-1,random-32-32-20.map,random-32-32-20-random-1.scen,10,12400F,CBSDepthUpdateOrder,ASTAR-whoenig,1,NULL,NULL,216,0.011078,NULL,https://github.com/ssfc/libMultiRobotPlanning-isolated,2025/9/1 16:55,,
-1,random-32-32-20.map,random-32-32-20-random-1.scen,11,12400F,CBSDepthUpdateOrder,ASTAR-whoenig,1,NULL,NULL,240,0.01038,NULL,https://github.com/ssfc/libMultiRobotPlanning-isolated,2025/9/1 16:55,,
-1,random-32-32-20.map,random-32-32-20-random-1.scen,12,12400F,CBSDepthUpdateOrder,ASTAR-whoenig,1,NULL,NULL,265,0.011113,NULL,https://github.com/ssfc/libMultiRobotPlanning-isolated,2025/9/1 16:55,,
-1,random-32-32-20.map,random-32-32-20-random-1.scen,13,12400F,CBSDepthUpdateOrder,ASTAR-whoenig,1,NULL,NULL,282,0.017617,NULL,https://github.com/ssfc/libMultiRobotPlanning-isolated,2025/9/1 16:55,,
-1,random-32-32-20.map,random-32-32-20-random-1.scen,14,12400F,CBSDepthUpdateOrder,ASTAR-whoenig,1,NULL,NULL,332,0.019883,NULL,https://github.com/ssfc/libMultiRobotPlanning-isolated,2025/9/1 16:55,,
-1,random-32-32-20.map,random-32-32-20-random-1.scen,15,12400F,CBSDepthUpdateOrder,ASTAR-whoenig,1,NULL,NULL,357,0.021615,NULL,https://github.com/ssfc/libMultiRobotPlanning-isolated,2025/9/1 16:55,,
-1,random-32-32-20.map,random-32-32-20-random-1.scen,16,12400F,CBSDepthUpdateOrder,ASTAR-whoenig,1,NULL,NULL,397,0.026202,NULL,https://github.com/ssfc/libMultiRobotPlanning-isolated,2025/9/1 16:55,,
-1,random-32-32-20.map,random-32-32-20-random-1.scen,17,12400F,CBSDepthUpdateOrder,ASTAR-whoenig,1,NULL,NULL,417,0.025549,NULL,https://github.com/ssfc/libMultiRobotPlanning-isolated,2025/9/1 16:55,,
-1,random-32-32-20.map,random-32-32-20-random-1.scen,18,12400F,CBSDepthUpdateOrder,ASTAR-whoenig,1,NULL,NULL,426,0.027109,NULL,https://github.com/ssfc/libMultiRobotPlanning-isolated,2025/9/1 16:55,,
-1,random-32-32-20.map,random-32-32-20-random-1.scen,19,12400F,CBSDepthUpdateOrder,ASTAR-whoenig,1,NULL,NULL,440,0.029693,NULL,https://github.com/ssfc/libMultiRobotPlanning-isolated,2025/9/1 16:55,,
-1,random-32-32-20.map,random-32-32-20-random-1.scen,20,12400F,CBSDepthUpdateOrder,ASTAR-whoenig,1,NULL,NULL,450,0.028841,NULL,https://github.com/ssfc/libMultiRobotPlanning-isolated,2025/9/1 16:55,,
-1,random-32-32-20.map,random-32-32-20-random-1.scen,21,12400F,CBSDepthUpdateOrder,ASTAR-whoenig,1,NULL,NULL,483,0.030328,NULL,https://github.com/ssfc/libMultiRobotPlanning-isolated,2025/9/1 16:55,,
-1,random-32-32-20.map,random-32-32-20-random-1.scen,22,12400F,CBSDepthUpdateOrder,ASTAR-whoenig,1,NULL,NULL,495,0.035217,NULL,https://github.com/ssfc/libMultiRobotPlanning-isolated,2025/9/1 16:55,,
-1,random-32-32-20.map,random-32-32-20-random-1.scen,23,12400F,CBSDepthUpdateOrder,ASTAR-whoenig,1,NULL,NULL,511,0.036951,NULL,https://github.com/ssfc/libMultiRobotPlanning-isolated,2025/9/1 16:55,,
-1,random-32-32-20.map,random-32-32-20-random-1.scen,24,12400F,CBSDepthUpdateOrder,ASTAR-whoenig,1,NULL,NULL,560,0.040432,NULL,https://github.com/ssfc/libMultiRobotPlanning-isolated,2025/9/1 16:55,,
-1,random-32-32-20.map,random-32-32-20-random-1.scen,25,12400F,CBSDepthUpdateOrder,ASTAR-whoenig,1,NULL,NULL,576,0.04427,NULL,https://github.com/ssfc/libMultiRobotPlanning-isolated,2025/9/1 16:55,,
-1,random-32-32-20.map,random-32-32-20-random-1.scen,26,12400F,CBSDepthUpdateOrder,ASTAR-whoenig,1,NULL,NULL,611,0.045951,NULL,https://github.com/ssfc/libMultiRobotPlanning-isolated,2025/9/1 16:55,,
-1,random-32-32-20.map,random-32-32-20-random-1.scen,27,12400F,CBSDepthUpdateOrder,ASTAR-whoenig,1,NULL,NULL,646,0.074007,NULL,https://github.com/ssfc/libMultiRobotPlanning-isolated,2025/9/1 16:55,,
-1,random-32-32-20.map,random-32-32-20-random-1.scen,28,12400F,CBSDepthUpdateOrder,ASTAR-whoenig,1,NULL,NULL,654,0.075883,NULL,https://github.com/ssfc/libMultiRobotPlanning-isolated,2025/9/1 16:55,,
-1,random-32-32-20.map,random-32-32-20-random-1.scen,29,12400F,CBSDepthUpdateOrder,ASTAR-whoenig,1,NULL,NULL,662,0.078133,NULL,https://github.com/ssfc/libMultiRobotPlanning-isolated,2025/9/1 16:55,,
-1,random-32-32-20.map,random-32-32-20-random-1.scen,30,12400F,CBSDepthUpdateOrder,ASTAR-whoenig,1,NULL,NULL,693,0.083195,NULL,https://github.com/ssfc/libMultiRobotPlanning-isolated,2025/9/1 16:55,,
-1,random-32-32-20.map,random-32-32-20-random-1.scen,31,12400F,CBSDepthUpdateOrder,ASTAR-whoenig,1,NULL,NULL,715,0.101893,NULL,https://github.com/ssfc/libMultiRobotPlanning-isolated,2025/9/1 16:55,,
-1,random-32-32-20.map,random-32-32-20-random-1.scen,32,12400F,CBSDepthUpdateOrder,ASTAR-whoenig,1,NULL,NULL,737,0.107365,NULL,https://github.com/ssfc/libMultiRobotPlanning-isolated,2025/9/1 16:55,,
-1,random-32-32-20.map,random-32-32-20-random-1.scen,33,12400F,CBSDepthUpdateOrder,ASTAR-whoenig,1,NULL,NULL,747,0.110476,NULL,https://github.com/ssfc/libMultiRobotPlanning-isolated,2025/9/1 16:55,,
-1,random-32-32-20.map,random-32-32-20-random-1.scen,34,12400F,CBSDepthUpdateOrder,ASTAR-whoenig,1,NULL,NULL,775,0.116986,NULL,https://github.com/ssfc/libMultiRobotPlanning-isolated,2025/9/1 16:55,,
-1,random-32-32-20.map,random-32-32-20-random-1.scen,35,12400F,CBSDepthUpdateOrder,ASTAR-whoenig,1,NULL,NULL,803,0.118594,NULL,https://github.com/ssfc/libMultiRobotPlanning-isolated,2025/9/1 16:55,,
-1,random-32-32-20.map,random-32-32-20-random-1.scen,36,12400F,CBSDepthUpdateOrder,ASTAR-whoenig,1,NULL,NULL,848,0.134189,NULL,https://github.com/ssfc/libMultiRobotPlanning-isolated,2025/9/1 16:55,,
-1,random-32-32-20.map,random-32-32-20-random-1.scen,37,12400F,CBSDepthUpdateOrder,ASTAR-whoenig,1,NULL,NULL,856,0.138127,NULL,https://github.com/ssfc/libMultiRobotPlanning-isolated,2025/9/1 16:55,,
-1,random-32-32-20.map,random-32-32-20-random-1.scen,38,12400F,CBSDepthUpdateOrder,ASTAR-whoenig,1,NULL,NULL,867,0.146207,NULL,https://github.com/ssfc/libMultiRobotPlanning-isolated,2025/9/1 16:55,,
-1,random-32-32-20.map,random-32-32-20-random-1.scen,39,12400F,CBSDepthUpdateOrder,ASTAR-whoenig,1,NULL,NULL,884,0.207565,NULL,https://github.com/ssfc/libMultiRobotPlanning-isolated,2025/9/1 16:55,,
-1,random-32-32-20.map,random-32-32-20-random-1.scen,40,12400F,CBSDepthUpdateOrder,ASTAR-whoenig,1,NULL,NULL,914,0.283502,NULL,https://github.com/ssfc/libMultiRobotPlanning-isolated,2025/9/1 16:55,,
-1,random-32-32-20.map,random-32-32-20-random-1.scen,41,12400F,CBSDepthUpdateOrder,ASTAR-whoenig,1,NULL,NULL,934,0.291282,NULL,https://github.com/ssfc/libMultiRobotPlanning-isolated,2025/9/1 16:55,,
-1,random-32-32-20.map,random-32-32-20-random-1.scen,42,12400F,CBSDepthUpdateOrder,ASTAR-whoenig,1,NULL,NULL,946,0.300211,NULL,https://github.com/ssfc/libMultiRobotPlanning-isolated,2025/9/1 16:55,,
-1,random-32-32-20.map,random-32-32-20-random-1.scen,43,12400F,CBSDepthUpdateOrder,ASTAR-whoenig,1,NULL,NULL,988,0.290894,NULL,https://github.com/ssfc/libMultiRobotPlanning-isolated,2025/9/1 16:55,,
-1,random-32-32-20.map,random-32-32-20-random-1.scen,44,12400F,CBSDepthUpdateOrder,ASTAR-whoenig,1,NULL,NULL,1034,0.434387,NULL,https://github.com/ssfc/libMultiRobotPlanning-isolated,2025/9/1 16:55,,
-1,random-32-32-20.map,random-32-32-20-random-1.scen,45,12400F,CBSDepthUpdateOrder,ASTAR-whoenig,1,NULL,NULL,1072,0.447316,NULL,https://github.com/ssfc/libMultiRobotPlanning-isolated,2025/9/1 16:55,,
-1,random-32-32-20.map,random-32-32-20-random-1.scen,46,12400F,CBSDepthUpdateOrder,ASTAR-whoenig,1,NULL,NULL,1104,0.474502,NULL,https://github.com/ssfc/libMultiRobotPlanning-isolated,2025/9/1 16:55,,
-1,random-32-32-20.map,random-32-32-20-random-1.scen,47,12400F,CBSDepthUpdateOrder,ASTAR-whoenig,1,NULL,NULL,1133,0.453678,NULL,https://github.com/ssfc/libMultiRobotPlanning-isolated,2025/9/1 16:55,,
-1,random-32-32-20.map,random-32-32-20-random-1.scen,48,12400F,CBSDepthUpdateOrder,ASTAR-whoenig,1,NULL,NULL,1165,0.615043,NULL,https://github.com/ssfc/libMultiRobotPlanning-isolated,2025/9/1 16:55,,
-1,random-32-32-20.map,random-32-32-20-random-1.scen,49,12400F,CBSDepthUpdateOrder,ASTAR-whoenig,1,NULL,NULL,1181,0.638775,NULL,https://github.com/ssfc/libMultiRobotPlanning-isolated,2025/9/1 16:55,,
-1,random-32-32-20.map,random-32-32-20-random-1.scen,50,12400F,CBSDepthUpdateOrder,ASTAR-whoenig,1,NULL,NULL,1216,0.944138,NULL,https://github.com/ssfc/libMultiRobotPlanning-isolated,2025/9/1 16:55,,
-1,random-32-32-20.map,random-32-32-20-random-1.scen,51,12400F,CBSDepthUpdateOrder,ASTAR-whoenig,1,NULL,NULL,1250,0.830936,NULL,https://github.com/ssfc/libMultiRobotPlanning-isolated,2025/9/1 16:55,,
-1,random-32-32-20.map,random-32-32-20-random-1.scen,52,12400F,CBSDepthUpdateOrder,ASTAR-whoenig,1,NULL,NULL,1268,0.859881,NULL,https://github.com/ssfc/libMultiRobotPlanning-isolated,2025/9/1 16:55,,
-1,random-32-32-20.map,random-32-32-20-random-1.scen,53,12400F,CBSDepthUpdateOrder,ASTAR-whoenig,1,NULL,NULL,1288,0.896268,NULL,https://github.com/ssfc/libMultiRobotPlanning-isolated,2025/9/1 16:55,,
-1,random-32-32-20.map,random-32-32-20-random-1.scen,54,12400F,CBSDepthUpdateOrder,ASTAR-whoenig,1,NULL,NULL,1318,0.964027,NULL,https://github.com/ssfc/libMultiRobotPlanning-isolated,2025/9/1 16:55,,
-1,random-32-32-20.map,random-32-32-20-random-1.scen,55,12400F,CBSDepthUpdateOrder,ASTAR-whoenig,1,NULL,NULL,1332,1.01387,NULL,https://github.com/ssfc/libMultiRobotPlanning-isolated,2025/9/1 16:55,,
-1,random-32-32-20.map,random-32-32-20-random-1.scen,56,12400F,CBSDepthUpdateOrder,ASTAR-whoenig,1,NULL,NULL,1372,1.06664,NULL,https://github.com/ssfc/libMultiRobotPlanning-isolated,2025/9/1 16:55,,
-1,random-32-32-20.map,random-32-32-20-random-1.scen,57,12400F,CBSDepthUpdateOrder,ASTAR-whoenig,1,NULL,NULL,1418,1.12633,NULL,https://github.com/ssfc/libMultiRobotPlanning-isolated,2025/9/1 16:55,,
-1,random-32-32-20.map,random-32-32-20-random-1.scen,58,12400F,CBSDepthUpdateOrder,ASTAR-whoenig,1,NULL,NULL,1465,1.59841,NULL,https://github.com/ssfc/libMultiRobotPlanning-isolated,2025/9/1 16:55,,
-1,random-32-32-20.map,random-32-32-20-random-1.scen,59,12400F,CBSDepthUpdateOrder,ASTAR-whoenig,1,NULL,NULL,1494,1.83451,NULL,https://github.com/ssfc/libMultiRobotPlanning-isolated,2025/9/1 16:55,,
-1,random-32-32-20.map,random-32-32-20-random-1.scen,60,12400F,CBSDepthUpdateOrder,ASTAR-whoenig,1,NULL,NULL,1538,1.95532,NULL,https://github.com/ssfc/libMultiRobotPlanning-isolated,2025/9/1 16:55,,
-1,random-32-32-20.map,random-32-32-20-random-1.scen,61,12400F,CBSDepthUpdateOrder,ASTAR-whoenig,1,NULL,NULL,1553,2.00614,NULL,https://github.com/ssfc/libMultiRobotPlanning-isolated,2025/9/1 16:55,,
-1,random-32-32-20.map,random-32-32-20-random-1.scen,62,12400F,CBSDepthUpdateOrder,ASTAR-whoenig,1,NULL,NULL,1584,2.39192,NULL,https://github.com/ssfc/libMultiRobotPlanning-isolated,2025/9/1 16:55,,
-1,random-32-32-20.map,random-32-32-20-random-1.scen,63,12400F,CBSDepthUpdateOrder,ASTAR-whoenig,1,NULL,NULL,1605,2.28764,NULL,https://github.com/ssfc/libMultiRobotPlanning-isolated,2025/9/1 16:55,,
-1,random-32-32-20.map,random-32-32-20-random-1.scen,64,12400F,CBSDepthUpdateOrder,ASTAR-whoenig,1,NULL,NULL,1625,2.35048,NULL,https://github.com/ssfc/libMultiRobotPlanning-isolated,2025/9/1 16:55,,
-1,random-32-32-20.map,random-32-32-20-random-1.scen,65,12400F,CBSDepthUpdateOrder,ASTAR-whoenig,1,NULL,NULL,1656,3.01983,NULL,https://github.com/ssfc/libMultiRobotPlanning-isolated,2025/9/1 16:55,,
-1,random-32-32-20.map,random-32-32-20-random-1.scen,66,12400F,CBSDepthUpdateOrder,ASTAR-whoenig,1,NULL,NULL,1687,2.56608,NULL,https://github.com/ssfc/libMultiRobotPlanning-isolated,2025/9/1 16:55,,
-1,random-32-32-20.map,random-32-32-20-random-1.scen,67,12400F,CBSDepthUpdateOrder,ASTAR-whoenig,1,NULL,NULL,1710,2.62717,NULL,https://github.com/ssfc/libMultiRobotPlanning-isolated,2025/9/1 16:55,,
-1,random-32-32-20.map,random-32-32-20-random-1.scen,68,12400F,CBSDepthUpdateOrder,ASTAR-whoenig,1,NULL,NULL,1753,2.91978,NULL,https://github.com/ssfc/libMultiRobotPlanning-isolated,2025/9/1 16:55,,
-1,random-32-32-20.map,random-32-32-20-random-1.scen,69,12400F,CBSDepthUpdateOrder,ASTAR-whoenig,1,NULL,NULL,1765,2.99698,NULL,https://github.com/ssfc/libMultiRobotPlanning-isolated,2025/9/1 16:56,,
-1,random-32-32-20.map,random-32-32-20-random-1.scen,70,12400F,CBSDepthUpdateOrder,ASTAR-whoenig,1,NULL,NULL,1807,2.9087,NULL,https://github.com/ssfc/libMultiRobotPlanning-isolated,2025/9/1 16:56,,
-1,random-32-32-20.map,random-32-32-20-random-1.scen,71,12400F,CBSDepthUpdateOrder,ASTAR-whoenig,1,NULL,NULL,1847,4.47931,NULL,https://github.com/ssfc/libMultiRobotPlanning-isolated,2025/9/1 16:56,,
-1,random-32-32-20.map,random-32-32-20-random-1.scen,72,12400F,CBSDepthUpdateOrder,ASTAR-whoenig,1,NULL,NULL,1877,3.43288,NULL,https://github.com/ssfc/libMultiRobotPlanning-isolated,2025/9/1 16:56,,
-1,random-32-32-20.map,random-32-32-20-random-1.scen,73,12400F,CBSDepthUpdateOrder,ASTAR-whoenig,1,NULL,NULL,1895,3.51974,NULL,https://github.com/ssfc/libMultiRobotPlanning-isolated,2025/9/1 16:56,,
-1,random-32-32-20.map,random-32-32-20-random-1.scen,74,12400F,CBSDepthUpdateOrder,ASTAR-whoenig,1,NULL,NULL,1909,3.59677,NULL,https://github.com/ssfc/libMultiRobotPlanning-isolated,2025/9/1 16:56,,
-1,random-32-32-20.map,random-32-32-20-random-1.scen,75,12400F,CBSDepthUpdateOrder,ASTAR-whoenig,1,NULL,NULL,1931,3.683,NULL,https://github.com/ssfc/libMultiRobotPlanning-isolated,2025/9/1 16:56,,
-1,random-32-32-20.map,random-32-32-20-random-1.scen,76,12400F,CBSDepthUpdateOrder,ASTAR-whoenig,1,NULL,NULL,1950,3.56986,NULL,https://github.com/ssfc/libMultiRobotPlanning-isolated,2025/9/1 16:56,,
-1,random-32-32-20.map,random-32-32-20-random-1.scen,77,12400F,CBSDepthUpdateOrder,ASTAR-whoenig,1,NULL,NULL,1964,3.66582,NULL,https://github.com/ssfc/libMultiRobotPlanning-isolated,2025/9/1 16:56,,
-1,random-32-32-20.map,random-32-32-20-random-1.scen,78,12400F,CBSDepthUpdateOrder,ASTAR-whoenig,1,NULL,NULL,1987,3.73491,NULL,https://github.com/ssfc/libMultiRobotPlanning-isolated,2025/9/1 16:56,,
-1,random-32-32-20.map,random-32-32-20-random-1.scen,79,12400F,CBSDepthUpdateOrder,ASTAR-whoenig,1,NULL,NULL,2000,3.82395,NULL,https://github.com/ssfc/libMultiRobotPlanning-isolated,2025/9/1 16:56,,
-1,random-32-32-20.map,random-32-32-20-random-1.scen,80,12400F,CBSDepthUpdateOrder,ASTAR-whoenig,1,NULL,NULL,2047,4.256,NULL,https://github.com/ssfc/libMultiRobotPlanning-isolated,2025/9/1 16:56,,
-1,random-32-32-20.map,random-32-32-20-random-1.scen,81,12400F,CBSDepthUpdateOrder,ASTAR-whoenig,1,NULL,NULL,2072,4.39039,NULL,https://github.com/ssfc/libMultiRobotPlanning-isolated,2025/9/1 16:56,,
-1,random-32-32-20.map,random-32-32-20-random-1.scen,82,12400F,CBSDepthUpdateOrder,ASTAR-whoenig,1,NULL,NULL,2094,4.48947,NULL,https://github.com/ssfc/libMultiRobotPlanning-isolated,2025/9/1 16:56,,
-1,random-32-32-20.map,random-32-32-20-random-1.scen,83,12400F,CBSDepthUpdateOrder,ASTAR-whoenig,1,NULL,NULL,2114,4.79263,NULL,https://github.com/ssfc/libMultiRobotPlanning-isolated,2025/9/1 16:56,,
-1,random-32-32-20.map,random-32-32-20-random-1.scen,84,12400F,CBSDepthUpdateOrder,ASTAR-whoenig,1,NULL,NULL,2161,5.55212,NULL,https://github.com/ssfc/libMultiRobotPlanning-isolated,2025/9/1 16:57,,
-1,random-32-32-20.map,random-32-32-20-random-1.scen,85,12400F,CBSDepthUpdateOrder,ASTAR-whoenig,1,NULL,NULL,2201,5.80558,NULL,https://github.com/ssfc/libMultiRobotPlanning-isolated,2025/9/1 16:57,,
-1,random-32-32-20.map,random-32-32-20-random-1.scen,86,12400F,CBSDepthUpdateOrder,ASTAR-whoenig,1,NULL,NULL,2231,6.01397,NULL,https://github.com/ssfc/libMultiRobotPlanning-isolated,2025/9/1 16:57,,
-1,random-32-32-20.map,random-32-32-20-random-1.scen,87,12400F,CBSDepthUpdateOrder,ASTAR-whoenig,1,NULL,NULL,2252,5.9549,NULL,https://github.com/ssfc/libMultiRobotPlanning-isolated,2025/9/1 16:57,,
-1,random-32-32-20.map,random-32-32-20-random-1.scen,88,12400F,CBSDepthUpdateOrder,ASTAR-whoenig,1,NULL,NULL,2269,5.16796,NULL,https://github.com/ssfc/libMultiRobotPlanning-isolated,2025/9/1 16:57,,
-1,random-32-32-20.map,random-32-32-20-random-1.scen,89,12400F,CBSDepthUpdateOrder,ASTAR-whoenig,1,NULL,NULL,2305,6.51792,NULL,https://github.com/ssfc/libMultiRobotPlanning-isolated,2025/9/1 16:57,,
-1,random-32-32-20.map,random-32-32-20-random-1.scen,90,12400F,CBSDepthUpdateOrder,ASTAR-whoenig,1,NULL,NULL,2336,8.04894,NULL,https://github.com/ssfc/libMultiRobotPlanning-isolated,2025/9/1 16:57,,
-1,random-32-32-20.map,random-32-32-20-random-1.scen,91,12400F,CBSDepthUpdateOrder,ASTAR-whoenig,1,NULL,NULL,2352,8.36079,NULL,https://github.com/ssfc/libMultiRobotPlanning-isolated,2025/9/1 16:57,,
-1,random-32-32-20.map,random-32-32-20-random-1.scen,92,12400F,CBSDepthUpdateOrder,ASTAR-whoenig,1,NULL,NULL,2382,7.76829,NULL,https://github.com/ssfc/libMultiRobotPlanning-isolated,2025/9/1 16:57,,
-1,random-32-32-20.map,random-32-32-20-random-1.scen,93,12400F,CBSDepthUpdateOrder,ASTAR-whoenig,1,NULL,NULL,2441,10.1688,NULL,https://github.com/ssfc/libMultiRobotPlanning-isolated,2025/9/1 16:58,,
-1,random-32-32-20.map,random-32-32-20-random-1.scen,94,12400F,CBSDepthUpdateOrder,ASTAR-whoenig,1,NULL,NULL,2452,9.90728,NULL,https://github.com/ssfc/libMultiRobotPlanning-isolated,2025/9/1 16:58,,
-1,random-32-32-20.map,random-32-32-20-random-1.scen,95,12400F,CBSDepthUpdateOrder,ASTAR-whoenig,1,NULL,NULL,2484,11.6605,NULL,https://github.com/ssfc/libMultiRobotPlanning-isolated,2025/9/1 16:58,,
-1,random-32-32-20.map,random-32-32-20-random-1.scen,96,12400F,CBSDepthUpdateOrder,ASTAR-whoenig,1,NULL,NULL,2492,11.8881,NULL,https://github.com/ssfc/libMultiRobotPlanning-isolated,2025/9/1 16:58,,
-1,random-32-32-20.map,random-32-32-20-random-1.scen,97,12400F,CBSDepthUpdateOrder,ASTAR-whoenig,1,NULL,NULL,2527,13.2643,NULL,https://github.com/ssfc/libMultiRobotPlanning-isolated,2025/9/1 16:58,,
-1,random-32-32-20.map,random-32-32-20-random-1.scen,98,12400F,CBSDepthUpdateOrder,ASTAR-whoenig,1,NULL,NULL,2545,13.6053,NULL,https://github.com/ssfc/libMultiRobotPlanning-isolated,2025/9/1 16:59,,
-1,random-32-32-20.map,random-32-32-20-random-1.scen,99,12400F,CBSDepthUpdateOrder,ASTAR-whoenig,1,NULL,NULL,2574,13.8969,NULL,https://github.com/ssfc/libMultiRobotPlanning-isolated,2025/9/1 16:59,,
-1,random-32-32-20.map,random-32-32-20-random-1.scen,100,12400F,CBSDepthUpdateOrder,ASTAR-whoenig,1,NULL,NULL,2583,14.2347,NULL,https://github.com/ssfc/libMultiRobotPlanning-isolated,2025/9/1 16:59,,
-1,random-32-32-20.map,random-32-32-20-random-1.scen,101,12400F,CBSDepthUpdateOrder,ASTAR-whoenig,1,NULL,NULL,2625,15.4441,NULL,https://github.com/ssfc/libMultiRobotPlanning-isolated,2025/9/1 16:59,,
-1,random-32-32-20.map,random-32-32-20-random-1.scen,102,12400F,CBSDepthUpdateOrder,ASTAR-whoenig,1,NULL,NULL,2678,15.781,NULL,https://github.com/ssfc/libMultiRobotPlanning-isolated,2025/9/1 17:00,,
-1,random-32-32-20.map,random-32-32-20-random-1.scen,103,12400F,CBSDepthUpdateOrder,ASTAR-whoenig,1,NULL,NULL,2688,16.0926,NULL,https://github.com/ssfc/libMultiRobotPlanning-isolated,2025/9/1 17:00,,
-1,random-32-32-20.map,random-32-32-20-random-1.scen,104,12400F,CBSDepthUpdateOrder,ASTAR-whoenig,1,NULL,NULL,2733,19.1719,NULL,https://github.com/ssfc/libMultiRobotPlanning-isolated,2025/9/1 17:00,,
-1,random-32-32-20.map,random-32-32-20-random-1.scen,105,12400F,CBSDepthUpdateOrder,ASTAR-whoenig,1,NULL,NULL,2747,18.4101,NULL,https://github.com/ssfc/libMultiRobotPlanning-isolated,2025/9/1 17:00,,
-1,random-32-32-20.map,random-32-32-20-random-1.scen,106,12400F,CBSDepthUpdateOrder,ASTAR-whoenig,1,NULL,NULL,2784,18.7235,NULL,https://github.com/ssfc/libMultiRobotPlanning-isolated,2025/9/1 17:01,,
-1,random-32-32-20.map,random-32-32-20-random-1.scen,107,12400F,CBSDepthUpdateOrder,ASTAR-whoenig,1,NULL,NULL,2809,18.6437,NULL,https://github.com/ssfc/libMultiRobotPlanning-isolated,2025/9/1 17:01,,
-1,random-32-32-20.map,random-32-32-20-random-1.scen,108,12400F,CBSDepthUpdateOrder,ASTAR-whoenig,1,NULL,NULL,2848,19.6549,NULL,https://github.com/ssfc/libMultiRobotPlanning-isolated,2025/9/1 17:01,,
-1,random-32-32-20.map,random-32-32-20-random-1.scen,109,12400F,CBSDepthUpdateOrder,ASTAR-whoenig,1,NULL,NULL,2868,19.9857,NULL,https://github.com/ssfc/libMultiRobotPlanning-isolated,2025/9/1 17:02,,
-1,random-32-32-20.map,random-32-32-20-random-1.scen,110,12400F,CBSDepthUpdateOrder,ASTAR-whoenig,1,NULL,NULL,2898,20.4228,NULL,https://github.com/ssfc/libMultiRobotPlanning-isolated,2025/9/1 17:02,,
-1,random-32-32-20.map,random-32-32-20-random-1.scen,111,12400F,CBSDepthUpdateOrder,ASTAR-whoenig,1,NULL,NULL,2919,18.0637,NULL,https://github.com/ssfc/libMultiRobotPlanning-isolated,2025/9/1 17:02,,
-1,random-32-32-20.map,random-32-32-20-random-1.scen,112,12400F,CBSDepthUpdateOrder,ASTAR-whoenig,1,NULL,NULL,2963,18.9317,NULL,https://github.com/ssfc/libMultiRobotPlanning-isolated,2025/9/1 17:03,,
-1,random-32-32-20.map,random-32-32-20-random-1.scen,113,12400F,CBSDepthUpdateOrder,ASTAR-whoenig,1,NULL,NULL,2993,20.6292,NULL,https://github.com/ssfc/libMultiRobotPlanning-isolated,2025/9/1 17:03,,
-1,random-32-32-20.map,random-32-32-20-random-1.scen,114,12400F,CBSDepthUpdateOrder,ASTAR-whoenig,1,NULL,NULL,3025,21.6455,NULL,https://github.com/ssfc/libMultiRobotPlanning-isolated,2025/9/1 17:03,,
-1,random-32-32-20.map,random-32-32-20-random-1.scen,115,12400F,CBSDepthUpdateOrder,ASTAR-whoenig,1,NULL,NULL,3065,24.2794,NULL,https://github.com/ssfc/libMultiRobotPlanning-isolated,2025/9/1 17:04,,
-1,random-32-32-20.map,random-32-32-20-random-1.scen,116,12400F,CBSDepthUpdateOrder,ASTAR-whoenig,1,NULL,NULL,3095,26.1342,NULL,https://github.com/ssfc/libMultiRobotPlanning-isolated,2025/9/1 17:04,,
-1,random-32-32-20.map,random-32-32-20-random-1.scen,117,12400F,CBSDepthUpdateOrder,ASTAR-whoenig,1,NULL,NULL,3138,52.3916,NULL,https://github.com/ssfc/libMultiRobotPlanning-isolated,2025/9/1 17:05,,
-1,random-32-32-20.map,random-32-32-20-random-1.scen,118,12400F,CBSDepthUpdateOrder,ASTAR-whoenig,1,NULL,NULL,3166,51.5193,NULL,https://github.com/ssfc/libMultiRobotPlanning-isolated,2025/9/1 17:06,,
-1,random-32-32-20.map,random-32-32-20-random-1.scen,119,12400F,CBSDepthUpdateOrder,ASTAR-whoenig,1,NULL,NULL,3212,53.116,NULL,https://github.com/ssfc/libMultiRobotPlanning-isolated,2025/9/1 17:07,,
-1,random-32-32-20.map,random-32-32-20-random-1.scen,120,12400F,CBSDepthUpdateOrder,ASTAR-whoenig,1,NULL,NULL,3264,67.6533,NULL,https://github.com/ssfc/libMultiRobotPlanning-isolated,2025/9/1 17:08,,
-1,random-32-32-20.map,random-32-32-20-random-1.scen,121,12400F,CBSDepthUpdateOrder,ASTAR-whoenig,1,NULL,NULL,3273,67.3211,NULL,https://github.com/ssfc/libMultiRobotPlanning-isolated,2025/9/1 17:09,,
-1,random-32-32-20.map,random-32-32-20-random-1.scen,122,12400F,CBSDepthUpdateOrder,ASTAR-whoenig,1,NULL,NULL,3284,63.2652,NULL,https://github.com/ssfc/libMultiRobotPlanning-isolated,2025/9/1 17:10,,
-1,random-32-32-20.map,random-32-32-20-random-1.scen,123,12400F,CBSDepthUpdateOrder,ASTAR-whoenig,1,NULL,NULL,3315,64.7198,NULL,https://github.com/ssfc/libMultiRobotPlanning-isolated,2025/9/1 17:11,,
-1,random-32-32-20.map,random-32-32-20-random-1.scen,124,12400F,CBSDepthUpdateOrder,ASTAR-whoenig,1,NULL,NULL,3350,64.3257,NULL,https://github.com/ssfc/libMultiRobotPlanning-isolated,2025/9/1 17:12,,
-1,random-32-32-20.map,random-32-32-20-random-1.scen,125,12400F,CBSDepthUpdateOrder,ASTAR-whoenig,1,NULL,NULL,3379,66.5082,NULL,https://github.com/ssfc/libMultiRobotPlanning-isolated,2025/9/1 17:13,,
-1,random-32-32-20.map,random-32-32-20-random-1.scen,126,12400F,CBSDepthUpdateOrder,ASTAR-whoenig,1,NULL,NULL,3389,65.363,NULL,https://github.com/ssfc/libMultiRobotPlanning-isolated,2025/9/1 17:15,,
-1,random-32-32-20.map,random-32-32-20-random-1.scen,127,12400F,CBSDepthUpdateOrder,ASTAR-whoenig,1,NULL,NULL,3409,100.666,NULL,https://github.com/ssfc/libMultiRobotPlanning-isolated,2025/9/1 17:16,,
-1,random-32-32-20.map,random-32-32-20-random-1.scen,128,12400F,CBSDepthUpdateOrder,ASTAR-whoenig,1,NULL,NULL,3417,103.759,NULL,https://github.com/ssfc/libMultiRobotPlanning-isolated,2025/9/1 17:18,,
-1,random-32-32-20.map,random-32-32-20-random-1.scen,129,12400F,CBSDepthUpdateOrder,ASTAR-whoenig,1,NULL,NULL,3466,107.221,NULL,https://github.com/ssfc/libMultiRobotPlanning-isolated,2025/9/1 17:20,,
-1,random-32-32-20.map,random-32-32-20-random-1.scen,130,12400F,CBSDepthUpdateOrder,ASTAR-whoenig,1,NULL,NULL,3494,119.085,NULL,https://github.com/ssfc/libMultiRobotPlanning-isolated,2025/9/1 17:22,,
-1,random-32-32-20.map,random-32-32-20-random-1.scen,131,12400F,CBSDepthUpdateOrder,ASTAR-whoenig,1,NULL,NULL,3513,125.605,NULL,https://github.com/ssfc/libMultiRobotPlanning-isolated,2025/9/1 17:24,,
-1,random-32-32-20.map,random-32-32-20-random-1.scen,132,12400F,CBSDepthUpdateOrder,ASTAR-whoenig,1,NULL,NULL,3535,208.461,NULL,https://github.com/ssfc/libMultiRobotPlanning-isolated,2025/9/1 17:27,,
-1,random-32-32-20.map,random-32-32-20-random-1.scen,133,12400F,CBSDepthUpdateOrder,ASTAR-whoenig,1,NULL,NULL,3564,386.165,NULL,https://github.com/ssfc/libMultiRobotPlanning-isolated,2025/9/1 17:34,,
-1,random-32-32-20.map,random-32-32-20-random-1.scen,134,12400F,CBSDepthUpdateOrder,ASTAR-whoenig,1,NULL,NULL,3625,436.005,NULL,https://github.com/ssfc/libMultiRobotPlanning-isolated,2025/9/1 17:41,,
-1,random-32-32-20.map,random-32-32-20-random-1.scen,135,12400F,CBSDepthUpdateOrder,ASTAR-whoenig,1,NULL,NULL,3642,442.063,NULL,https://github.com/ssfc/libMultiRobotPlanning-isolated,2025/9/1 17:48,,
-1,random-32-32-20.map,random-32-32-20-random-1.scen,136,12400F,CBSDepthUpdateOrder,ASTAR-whoenig,1,NULL,NULL,3700,469.572,NULL,https://github.com/ssfc/libMultiRobotPlanning-isolated,2025/9/1 17:56,,
-1,random-32-32-20.map,random-32-32-20-random-1.scen,137,12400F,CBSDepthUpdateOrder,ASTAR-whoenig,1,NULL,NULL,3714,483.077,NULL,https://github.com/ssfc/libMultiRobotPlanning-isolated,2025/9/1 18:04,,
-1,random-32-32-20.map,random-32-32-20-random-1.scen,138,12400F,CBSDepthUpdateOrder,ASTAR-whoenig,1,NULL,NULL,3788,500.749,NULL,https://github.com/ssfc/libMultiRobotPlanning-isolated,2025/9/1 18:13,,
-1,random-32-32-20.map,random-32-32-20-random-1.scen,139,12400F,CBSDepthUpdateOrder,ASTAR-whoenig,1,NULL,NULL,3730,59.9303,NULL,https://github.com/ssfc/libMultiRobotPlanning-isolated,2025/9/1 18:14,,
-1,random-32-32-20.map,random-32-32-20-random-1.scen,140,12400F,CBSDepthUpdateOrder,ASTAR-whoenig,1,NULL,NULL,3776,60.6834,NULL,https://github.com/ssfc/libMultiRobotPlanning-isolated,2025/9/1 18:15,,
-1,random-32-32-20.map,random-32-32-20-random-1.scen,141,12400F,CBSDepthUpdateOrder,ASTAR-whoenig,1,NULL,NULL,3850,75.1777,NULL,https://github.com/ssfc/libMultiRobotPlanning-isolated,2025/9/1 18:16,,
-1,random-32-32-20.map,random-32-32-20-random-1.scen,142,12400F,CBSDepthUpdateOrder,ASTAR-whoenig,1,NULL,NULL,3863,82.0719,NULL,https://github.com/ssfc/libMultiRobotPlanning-isolated,2025/9/1 18:17,,
-1,random-32-32-20.map,random-32-32-20-random-1.scen,143,12400F,CBSDepthUpdateOrder,ASTAR-whoenig,1,NULL,NULL,3891,82.2595,NULL,https://github.com/ssfc/libMultiRobotPlanning-isolated,2025/9/1 18:19,,
-1,random-32-32-20.map,random-32-32-20-random-1.scen,144,12400F,CBSDepthUpdateOrder,ASTAR-whoenig,1,NULL,NULL,3912,75.9344,NULL,https://github.com/ssfc/libMultiRobotPlanning-isolated,2025/9/1 18:20,,
-1,random-32-32-20.map,random-32-32-20-random-1.scen,145,12400F,CBSDepthUpdateOrder,ASTAR-whoenig,1,NULL,NULL,3925,73.5099,NULL,https://github.com/ssfc/libMultiRobotPlanning-isolated,2025/9/1 18:21,,
-1,random-32-32-20.map,random-32-32-20-random-1.scen,146,12400F,CBSDepthUpdateOrder,ASTAR-whoenig,1,NULL,NULL,3968,86.6542,NULL,https://github.com/ssfc/libMultiRobotPlanning-isolated,2025/9/1 18:23,,
-1,random-32-32-20.map,random-32-32-20-random-1.scen,147,12400F,CBSDepthUpdateOrder,ASTAR-whoenig,1,NULL,NULL,3993,77.1979,NULL,https://github.com/ssfc/libMultiRobotPlanning-isolated,2025/9/1 18:24,,
-1,random-32-32-20.map,random-32-32-20-random-1.scen,148,12400F,CBSDepthUpdateOrder,ASTAR-whoenig,1,NULL,NULL,4030,79.055,NULL,https://github.com/ssfc/libMultiRobotPlanning-isolated,2025/9/1 18:25,,
-1,random-32-32-20.map,random-32-32-20-random-1.scen,149,12400F,CBSDepthUpdateOrder,ASTAR-whoenig,1,NULL,NULL,4052,84.9526,NULL,https://github.com/ssfc/libMultiRobotPlanning-isolated,2025/9/1 18:27,,
-1,random-32-32-20.map,random-32-32-20-random-1.scen,150,12400F,CBSDepthUpdateOrder,ASTAR-whoenig,1,NULL,NULL,4089,103.845,NULL,https://github.com/ssfc/libMultiRobotPlanning-isolated,2025/9/1 18:28,,
-1,random-32-32-20.map,random-32-32-20-random-1.scen,151,12400F,CBSDepthUpdateOrder,ASTAR-whoenig,1,NULL,NULL,4105,104.949,NULL,https://github.com/ssfc/libMultiRobotPlanning-isolated,2025/9/1 18:30,,
-1,random-32-32-20.map,random-32-32-20-random-1.scen,152,12400F,CBSDepthUpdateOrder,ASTAR-whoenig,1,NULL,NULL,4122,84.8197,NULL,https://github.com/ssfc/libMultiRobotPlanning-isolated,2025/9/1 18:31,,
-1,random-32-32-20.map,random-32-32-20-random-1.scen,153,12400F,CBSDepthUpdateOrder,ASTAR-whoenig,1,NULL,NULL,4180,114.859,NULL,https://github.com/ssfc/libMultiRobotPlanning-isolated,2025/9/1 18:33,,
-1,random-32-32-20.map,random-32-32-20-random-1.scen,154,12400F,CBSDepthUpdateOrder,ASTAR-whoenig,1,NULL,NULL,4266,145.998,NULL,https://github.com/ssfc/libMultiRobotPlanning-isolated,2025/9/1 18:36,,
-1,random-32-32-20.map,random-32-32-20-random-1.scen,155,12400F,CBSDepthUpdateOrder,ASTAR-whoenig,1,NULL,NULL,4236,126.009,NULL,https://github.com/ssfc/libMultiRobotPlanning-isolated,2025/9/1 18:38,,
-1,random-32-32-20.map,random-32-32-20-random-1.scen,156,12400F,CBSDepthUpdateOrder,ASTAR-whoenig,1,NULL,NULL,4310,196.824,NULL,https://github.com/ssfc/libMultiRobotPlanning-isolated,2025/9/1 18:41,,
-1,random-32-32-20.map,random-32-32-20-random-1.scen,157,12400F,CBSDepthUpdateOrder,ASTAR-whoenig,1,NULL,NULL,4341,172.592,NULL,https://github.com/ssfc/libMultiRobotPlanning-isolated,2025/9/1 18:44,,
-1,random-32-32-20.map,random-32-32-20-random-1.scen,158,12400F,CBSDepthUpdateOrder,ASTAR-whoenig,1,NULL,NULL,4355,165.263,NULL,https://github.com/ssfc/libMultiRobotPlanning-isolated,2025/9/1 18:47,,
-1,random-32-32-20.map,random-32-32-20-random-1.scen,159,12400F,CBSDepthUpdateOrder,ASTAR-whoenig,1,NULL,NULL,4371,171.8,NULL,https://github.com/ssfc/libMultiRobotPlanning-isolated,2025/9/1 18:50,,
-1,random-32-32-20.map,random-32-32-20-random-1.scen,160,12400F,CBSDepthUpdateOrder,ASTAR-whoenig,1,NULL,NULL,4376,173.872,NULL,https://github.com/ssfc/libMultiRobotPlanning-isolated,2025/9/1 18:53,,
-1,random-32-32-20.map,random-32-32-20-random-1.scen,161,12400F,CBSDepthUpdateOrder,ASTAR-whoenig,1,NULL,NULL,4393,175.588,NULL,https://github.com/ssfc/libMultiRobotPlanning-isolated,2025/9/1 18:56,,
-1,random-32-32-20.map,random-32-32-20-random-1.scen,162,12400F,CBSDepthUpdateOrder,ASTAR-whoenig,1,NULL,NULL,4405,189.76,NULL,https://github.com/ssfc/libMultiRobotPlanning-isolated,2025/9/1 18:59,,
-1,random-32-32-20.map,random-32-32-20-random-1.scen,163,12400F,CBSDepthUpdateOrder,ASTAR-whoenig,1,NULL,NULL,4421,288.144,NULL,https://github.com/ssfc/libMultiRobotPlanning-isolated,2025/9/1 19:04,,
-1,random-32-32-20.map,random-32-32-20-random-1.scen,164,12400F,CBSDepthUpdateOrder,ASTAR-whoenig,1,NULL,NULL,INF,1800.44,NULL,https://github.com/ssfc/libMultiRobotPlanning-isolated,2025/9/1 19:34,,
-1,random-32-32-20.map,random-32-32-20-random-1.scen,165,12400F,CBSDepthUpdateOrder,ASTAR-whoenig,1,NULL,NULL,4471,1220.65,NULL,https://github.com/ssfc/libMultiRobotPlanning-isolated,2025/9/1 19:54,,
-1,random-32-32-20.map,random-32-32-20-random-1.scen,166,12400F,CBSDepthUpdateOrder,ASTAR-whoenig,1,NULL,NULL,4568,785.717,NULL,https://github.com/ssfc/libMultiRobotPlanning-isolated,2025/9/1 20:07,,
-1,random-32-32-20.map,random-32-32-20-random-1.scen,167,12400F,CBSDepthUpdateOrder,ASTAR-whoenig,1,NULL,NULL,4533,818.869,NULL,https://github.com/ssfc/libMultiRobotPlanning-isolated,2025/9/1 20:21,,
-1,random-32-32-20.map,random-32-32-20-random-1.scen,168,12400F,CBSDepthUpdateOrder,ASTAR-whoenig,1,NULL,NULL,4554,917.112,NULL,https://github.com/ssfc/libMultiRobotPlanning-isolated,2025/9/1 20:36,,
-1,random-32-32-20.map,random-32-32-20-random-1.scen,169,12400F,CBSDepthUpdateOrder,ASTAR-whoenig,1,NULL,NULL,4626,912.302,NULL,https://github.com/ssfc/libMultiRobotPlanning-isolated,2025/9/1 20:51,,
-1,random-32-32-20.map,random-32-32-20-random-1.scen,170,12400F,CBSDepthUpdateOrder,ASTAR-whoenig,1,NULL,NULL,INF,1800.17,NULL,https://github.com/ssfc/libMultiRobotPlanning-isolated,2025/9/1 21:21,,
-1,random-32-32-20.map,random-32-32-20-random-1.scen,171,12400F,CBSDepthUpdateOrder,ASTAR-whoenig,1,NULL,NULL,INF,1800.35,NULL,https://github.com/ssfc/libMultiRobotPlanning-isolated,2025/9/1 21:51,,
-1,random-32-32-20.map,random-32-32-20-random-1.scen,172,12400F,CBSDepthUpdateOrder,ASTAR-whoenig,1,NULL,NULL,INF,1800.27,NULL,https://github.com/ssfc/libMultiRobotPlanning-isolated,2025/9/1 22:21,,
-1,random-32-32-20.map,random-32-32-20-random-1.scen,173,12400F,CBSDepthUpdateOrder,ASTAR-whoenig,1,NULL,NULL,INF,1800.6,NULL,https://github.com/ssfc/libMultiRobotPlanning-isolated,2025/9/1 22:51,,
-1,random-32-32-20.map,random-32-32-20-random-1.scen,174,12400F,CBSDepthUpdateOrder,ASTAR-whoenig,1,NULL,NULL,INF,1800.13,NULL,https://github.com/ssfc/libMultiRobotPlanning-isolated,2025/9/1 23:21,,
-1,random-32-32-20.map,random-32-32-20-random-1.scen,1,12400F,CBSDepth-whoenig,ASTAR-whoenig,1,NULL,NULL,38,0.005128,NULL,https://github.com/ssfc/libMultiRobotPlanning-isolated,2025/9/1 23:51,1,168
-1,random-32-32-20.map,random-32-32-20-random-1.scen,2,12400F,CBSDepth-whoenig,ASTAR-whoenig,1,NULL,NULL,52,0.005083,NULL,https://github.com/ssfc/libMultiRobotPlanning-isolated,2025/9/1 23:51,1,210
-1,random-32-32-20.map,random-32-32-20-random-1.scen,3,12400F,CBSDepth-whoenig,ASTAR-whoenig,1,NULL,NULL,83,0.009255,NULL,https://github.com/ssfc/libMultiRobotPlanning-isolated,2025/9/1 23:51,1,518
-1,random-32-32-20.map,random-32-32-20-random-1.scen,4,12400F,CBSDepth-whoenig,ASTAR-whoenig,1,NULL,NULL,105,0.005765,NULL,https://github.com/ssfc/libMultiRobotPlanning-isolated,2025/9/1 23:51,1,579
-1,random-32-32-20.map,random-32-32-20-random-1.scen,5,12400F,CBSDepth-whoenig,ASTAR-whoenig,1,NULL,NULL,138,0.007323,NULL,https://github.com/ssfc/libMultiRobotPlanning-isolated,2025/9/1 23:51,1,692
-1,random-32-32-20.map,random-32-32-20-random-1.scen,6,12400F,CBSDepth-whoenig,ASTAR-whoenig,1,NULL,NULL,164,0.007376,NULL,https://github.com/ssfc/libMultiRobotPlanning-isolated,2025/9/1 23:51,1,779
-1,random-32-32-20.map,random-32-32-20-random-1.scen,7,12400F,CBSDepth-whoenig,ASTAR-whoenig,1,NULL,NULL,181,0.006858,NULL,https://github.com/ssfc/libMultiRobotPlanning-isolated,2025/9/1 23:51,1,814
-1,random-32-32-20.map,random-32-32-20-random-1.scen,8,12400F,CBSDepth-whoenig,ASTAR-whoenig,1,NULL,NULL,193,0.008717,NULL,https://github.com/ssfc/libMultiRobotPlanning-isolated,2025/9/1 23:51,2,881
-1,random-32-32-20.map,random-32-32-20-random-1.scen,9,12400F,CBSDepth-whoenig,ASTAR-whoenig,1,NULL,NULL,199,0.012316,NULL,https://github.com/ssfc/libMultiRobotPlanning-isolated,2025/9/1 23:51,2,886
-1,random-32-32-20.map,random-32-32-20-random-1.scen,10,12400F,CBSDepth-whoenig,ASTAR-whoenig,1,NULL,NULL,216,0.009742,NULL,https://github.com/ssfc/libMultiRobotPlanning-isolated,2025/9/1 23:51,2,903
-1,random-32-32-20.map,random-32-32-20-random-1.scen,11,12400F,CBSDepth-whoenig,ASTAR-whoenig,1,NULL,NULL,240,0.012954,NULL,https://github.com/ssfc/libMultiRobotPlanning-isolated,2025/9/1 23:51,3,1118
-1,random-32-32-20.map,random-32-32-20-random-1.scen,12,12400F,CBSDepth-whoenig,ASTAR-whoenig,1,NULL,NULL,265,0.010917,NULL,https://github.com/ssfc/libMultiRobotPlanning-isolated,2025/9/1 23:51,3,1158
-1,random-32-32-20.map,random-32-32-20-random-1.scen,13,12400F,CBSDepth-whoenig,ASTAR-whoenig,1,NULL,NULL,283,0.033411,NULL,https://github.com/ssfc/libMultiRobotPlanning-isolated,2025/9/1 23:51,10,4547
-1,random-32-32-20.map,random-32-32-20-random-1.scen,14,12400F,CBSDepth-whoenig,ASTAR-whoenig,1,NULL,NULL,333,0.034499,NULL,https://github.com/ssfc/libMultiRobotPlanning-isolated,2025/9/1 23:51,11,4859
-1,random-32-32-20.map,random-32-32-20-random-1.scen,15,12400F,CBSDepth-whoenig,ASTAR-whoenig,1,NULL,NULL,358,0.033744,NULL,https://github.com/ssfc/libMultiRobotPlanning-isolated,2025/9/1 23:51,11,4905
-1,random-32-32-20.map,random-32-32-20-random-1.scen,16,12400F,CBSDepth-whoenig,ASTAR-whoenig,1,NULL,NULL,400,0.041547,NULL,https://github.com/ssfc/libMultiRobotPlanning-isolated,2025/9/1 23:51,13,6208
-1,random-32-32-20.map,random-32-32-20-random-1.scen,17,12400F,CBSDepth-whoenig,ASTAR-whoenig,1,NULL,NULL,420,0.040968,NULL,https://github.com/ssfc/libMultiRobotPlanning-isolated,2025/9/1 23:51,13,6228
-1,random-32-32-20.map,random-32-32-20-random-1.scen,18,12400F,CBSDepth-whoenig,ASTAR-whoenig,1,NULL,NULL,429,0.042272,NULL,https://github.com/ssfc/libMultiRobotPlanning-isolated,2025/9/1 23:51,13,6236
-1,random-32-32-20.map,random-32-32-20-random-1.scen,19,12400F,CBSDepth-whoenig,ASTAR-whoenig,1,NULL,NULL,443,0.042785,NULL,https://github.com/ssfc/libMultiRobotPlanning-isolated,2025/9/1 23:51,13,6254
-1,random-32-32-20.map,random-32-32-20-random-1.scen,20,12400F,CBSDepth-whoenig,ASTAR-whoenig,1,NULL,NULL,453,0.04219,NULL,https://github.com/ssfc/libMultiRobotPlanning-isolated,2025/9/1 23:51,13,6263
-1,random-32-32-20.map,random-32-32-20-random-1.scen,21,12400F,CBSDepth-whoenig,ASTAR-whoenig,1,NULL,NULL,486,0.042895,NULL,https://github.com/ssfc/libMultiRobotPlanning-isolated,2025/9/1 23:51,13,6329
-1,random-32-32-20.map,random-32-32-20-random-1.scen,22,12400F,CBSDepth-whoenig,ASTAR-whoenig,1,NULL,NULL,498,0.048352,NULL,https://github.com/ssfc/libMultiRobotPlanning-isolated,2025/9/1 23:51,17,6614
-1,random-32-32-20.map,random-32-32-20-random-1.scen,23,12400F,CBSDepth-whoenig,ASTAR-whoenig,1,NULL,NULL,512,0.04412,NULL,https://github.com/ssfc/libMultiRobotPlanning-isolated,2025/9/1 23:51,17,6014
-1,random-32-32-20.map,random-32-32-20-random-1.scen,24,12400F,CBSDepth-whoenig,ASTAR-whoenig,1,NULL,NULL,563,0.055948,NULL,https://github.com/ssfc/libMultiRobotPlanning-isolated,2025/9/1 23:51,21,7404
-1,random-32-32-20.map,random-32-32-20-random-1.scen,25,12400F,CBSDepth-whoenig,ASTAR-whoenig,1,NULL,NULL,579,0.057784,NULL,https://github.com/ssfc/libMultiRobotPlanning-isolated,2025/9/1 23:51,21,7471
-1,random-32-32-20.map,random-32-32-20-random-1.scen,26,12400F,CBSDepth-whoenig,ASTAR-whoenig,1,NULL,NULL,614,0.059408,NULL,https://github.com/ssfc/libMultiRobotPlanning-isolated,2025/9/1 23:51,21,7742
-1,random-32-32-20.map,random-32-32-20-random-1.scen,27,12400F,CBSDepth-whoenig,ASTAR-whoenig,1,NULL,NULL,647,0.067098,NULL,https://github.com/ssfc/libMultiRobotPlanning-isolated,2025/9/1 23:51,22,8993
-1,random-32-32-20.map,random-32-32-20-random-1.scen,28,12400F,CBSDepth-whoenig,ASTAR-whoenig,1,NULL,NULL,655,0.06807,NULL,https://github.com/ssfc/libMultiRobotPlanning-isolated,2025/9/1 23:51,22,9000
-1,random-32-32-20.map,random-32-32-20-random-1.scen,29,12400F,CBSDepth-whoenig,ASTAR-whoenig,1,NULL,NULL,663,0.068496,NULL,https://github.com/ssfc/libMultiRobotPlanning-isolated,2025/9/1 23:51,22,9010
-1,random-32-32-20.map,random-32-32-20-random-1.scen,30,12400F,CBSDepth-whoenig,ASTAR-whoenig,1,NULL,NULL,697,0.098203,NULL,https://github.com/ssfc/libMultiRobotPlanning-isolated,2025/9/1 23:51,32,12612
-1,random-32-32-20.map,random-32-32-20-random-1.scen,31,12400F,CBSDepth-whoenig,ASTAR-whoenig,1,NULL,NULL,724,0.118762,NULL,https://github.com/ssfc/libMultiRobotPlanning-isolated,2025/9/1 23:51,41,15020
-1,random-32-32-20.map,random-32-32-20-random-1.scen,32,12400F,CBSDepth-whoenig,ASTAR-whoenig,1,NULL,NULL,746,0.121042,NULL,https://github.com/ssfc/libMultiRobotPlanning-isolated,2025/9/1 23:51,41,15041
-1,random-32-32-20.map,random-32-32-20-random-1.scen,33,12400F,CBSDepth-whoenig,ASTAR-whoenig,1,NULL,NULL,756,0.120844,NULL,https://github.com/ssfc/libMultiRobotPlanning-isolated,2025/9/1 23:51,41,15050
-1,random-32-32-20.map,random-32-32-20-random-1.scen,34,12400F,CBSDepth-whoenig,ASTAR-whoenig,1,NULL,NULL,789,0.159135,NULL,https://github.com/ssfc/libMultiRobotPlanning-isolated,2025/9/1 23:51,59,19054
-1,random-32-32-20.map,random-32-32-20-random-1.scen,35,12400F,CBSDepth-whoenig,ASTAR-whoenig,1,NULL,NULL,817,0.161005,NULL,https://github.com/ssfc/libMultiRobotPlanning-isolated,2025/9/1 23:51,59,19081
-1,random-32-32-20.map,random-32-32-20-random-1.scen,36,12400F,CBSDepth-whoenig,ASTAR-whoenig,1,NULL,NULL,870,0.239633,NULL,https://github.com/ssfc/libMultiRobotPlanning-isolated,2025/9/1 23:51,85,29887
-1,random-32-32-20.map,random-32-32-20-random-1.scen,37,12400F,CBSDepth-whoenig,ASTAR-whoenig,1,NULL,NULL,878,0.241717,NULL,https://github.com/ssfc/libMultiRobotPlanning-isolated,2025/9/1 23:51,85,29894
-1,random-32-32-20.map,random-32-32-20-random-1.scen,38,12400F,CBSDepth-whoenig,ASTAR-whoenig,1,NULL,NULL,892,0.249562,NULL,https://github.com/ssfc/libMultiRobotPlanning-isolated,2025/9/1 23:51,89,30100
-1,random-32-32-20.map,random-32-32-20-random-1.scen,39,12400F,CBSDepth-whoenig,ASTAR-whoenig,1,NULL,NULL,912,0.262578,NULL,https://github.com/ssfc/libMultiRobotPlanning-isolated,2025/9/1 23:51,95,30793
-1,random-32-32-20.map,random-32-32-20-random-1.scen,40,12400F,CBSDepth-whoenig,ASTAR-whoenig,1,NULL,NULL,946,0.28105,NULL,https://github.com/ssfc/libMultiRobotPlanning-isolated,2025/9/1 23:51,104,31662
-1,random-32-32-20.map,random-32-32-20-random-1.scen,41,12400F,CBSDepth-whoenig,ASTAR-whoenig,1,NULL,NULL,966,0.285571,NULL,https://github.com/ssfc/libMultiRobotPlanning-isolated,2025/9/1 23:51,104,31695
-1,random-32-32-20.map,random-32-32-20-random-1.scen,42,12400F,CBSDepth-whoenig,ASTAR-whoenig,1,NULL,NULL,978,0.289178,NULL,https://github.com/ssfc/libMultiRobotPlanning-isolated,2025/9/1 23:51,104,31713
-1,random-32-32-20.map,random-32-32-20-random-1.scen,43,12400F,CBSDepth-whoenig,ASTAR-whoenig,1,NULL,NULL,1020,0.299503,NULL,https://github.com/ssfc/libMultiRobotPlanning-isolated,2025/9/1 23:51,106,32605
-1,random-32-32-20.map,random-32-32-20-random-1.scen,44,12400F,CBSDepth-whoenig,ASTAR-whoenig,1,NULL,NULL,1061,0.312159,NULL,https://github.com/ssfc/libMultiRobotPlanning-isolated,2025/9/1 23:51,108,33634
-1,random-32-32-20.map,random-32-32-20-random-1.scen,45,12400F,CBSDepth-whoenig,ASTAR-whoenig,1,NULL,NULL,1099,0.317741,NULL,https://github.com/ssfc/libMultiRobotPlanning-isolated,2025/9/1 23:51,108,33722
-1,random-32-32-20.map,random-32-32-20-random-1.scen,46,12400F,CBSDepth-whoenig,ASTAR-whoenig,1,NULL,NULL,1133,0.340228,NULL,https://github.com/ssfc/libMultiRobotPlanning-isolated,2025/9/1 23:51,112,35666
-1,random-32-32-20.map,random-32-32-20-random-1.scen,47,12400F,CBSDepth-whoenig,ASTAR-whoenig,1,NULL,NULL,1170,0.390892,NULL,https://github.com/ssfc/libMultiRobotPlanning-isolated,2025/9/1 23:51,130,40995
-1,random-32-32-20.map,random-32-32-20-random-1.scen,48,12400F,CBSDepth-whoenig,ASTAR-whoenig,1,NULL,NULL,1194,0.399366,NULL,https://github.com/ssfc/libMultiRobotPlanning-isolated,2025/9/1 23:51,135,40197
-1,random-32-32-20.map,random-32-32-20-random-1.scen,49,12400F,CBSDepth-whoenig,ASTAR-whoenig,1,NULL,NULL,1210,0.406125,NULL,https://github.com/ssfc/libMultiRobotPlanning-isolated,2025/9/1 23:51,136,40456
-1,random-32-32-20.map,random-32-32-20-random-1.scen,50,12400F,CBSDepth-whoenig,ASTAR-whoenig,1,NULL,NULL,1239,0.42438,NULL,https://github.com/ssfc/libMultiRobotPlanning-isolated,2025/9/1 23:51,143,41781
-1,random-32-32-20.map,random-32-32-20-random-1.scen,51,12400F,CBSDepth-whoenig,ASTAR-whoenig,1,NULL,NULL,1278,0.451111,NULL,https://github.com/ssfc/libMultiRobotPlanning-isolated,2025/9/1 23:51,148,43853
-1,random-32-32-20.map,random-32-32-20-random-1.scen,52,12400F,CBSDepth-whoenig,ASTAR-whoenig,1,NULL,NULL,1296,0.458007,NULL,https://github.com/ssfc/libMultiRobotPlanning-isolated,2025/9/1 23:51,148,43870
-1,random-32-32-20.map,random-32-32-20-random-1.scen,53,12400F,CBSDepth-whoenig,ASTAR-whoenig,1,NULL,NULL,1314,0.468149,NULL,https://github.com/ssfc/libMultiRobotPlanning-isolated,2025/9/1 23:51,149,43939
-1,random-32-32-20.map,random-32-32-20-random-1.scen,54,12400F,CBSDepth-whoenig,ASTAR-whoenig,1,NULL,NULL,1345,0.496627,NULL,https://github.com/ssfc/libMultiRobotPlanning-isolated,2025/9/1 23:51,154,46628
-1,random-32-32-20.map,random-32-32-20-random-1.scen,55,12400F,CBSDepth-whoenig,ASTAR-whoenig,1,NULL,NULL,1362,0.517945,NULL,https://github.com/ssfc/libMultiRobotPlanning-isolated,2025/9/1 23:51,158,48281
-1,random-32-32-20.map,random-32-32-20-random-1.scen,56,12400F,CBSDepth-whoenig,ASTAR-whoenig,1,NULL,NULL,1404,0.54567,NULL,https://github.com/ssfc/libMultiRobotPlanning-isolated,2025/9/1 23:51,162,49464
-1,random-32-32-20.map,random-32-32-20-random-1.scen,57,12400F,CBSDepth-whoenig,ASTAR-whoenig,1,NULL,NULL,1468,0.951483,NULL,https://github.com/ssfc/libMultiRobotPlanning-isolated,2025/9/1 23:51,265,82781
-1,random-32-32-20.map,random-32-32-20-random-1.scen,58,12400F,CBSDepth-whoenig,ASTAR-whoenig,1,NULL,NULL,1512,1.23406,NULL,https://github.com/ssfc/libMultiRobotPlanning-isolated,2025/9/1 23:51,307,112229
-1,random-32-32-20.map,random-32-32-20-random-1.scen,59,12400F,CBSDepth-whoenig,ASTAR-whoenig,1,NULL,NULL,1535,1.22668,NULL,https://github.com/ssfc/libMultiRobotPlanning-isolated,2025/9/1 23:51,305,110570
-1,random-32-32-20.map,random-32-32-20-random-1.scen,60,12400F,CBSDepth-whoenig,ASTAR-whoenig,1,NULL,NULL,1580,1.22907,NULL,https://github.com/ssfc/libMultiRobotPlanning-isolated,2025/9/1 23:51,303,107786
-1,random-32-32-20.map,random-32-32-20-random-1.scen,61,12400F,CBSDepth-whoenig,ASTAR-whoenig,1,NULL,NULL,1595,1.24643,NULL,https://github.com/ssfc/libMultiRobotPlanning-isolated,2025/9/1 23:51,304,107853
-1,random-32-32-20.map,random-32-32-20-random-1.scen,62,12400F,CBSDepth-whoenig,ASTAR-whoenig,1,NULL,NULL,1623,1.16442,NULL,https://github.com/ssfc/libMultiRobotPlanning-isolated,2025/9/1 23:51,297,94992
-1,random-32-32-20.map,random-32-32-20-random-1.scen,63,12400F,CBSDepth-whoenig,ASTAR-whoenig,1,NULL,NULL,1647,1.25848,NULL,https://github.com/ssfc/libMultiRobotPlanning-isolated,2025/9/1 23:51,316,100642
-1,random-32-32-20.map,random-32-32-20-random-1.scen,64,12400F,CBSDepth-whoenig,ASTAR-whoenig,1,NULL,NULL,1666,1.29057,NULL,https://github.com/ssfc/libMultiRobotPlanning-isolated,2025/9/1 23:51,324,101048
-1,random-32-32-20.map,random-32-32-20-random-1.scen,65,12400F,CBSDepth-whoenig,ASTAR-whoenig,1,NULL,NULL,1708,1.57425,NULL,https://github.com/ssfc/libMultiRobotPlanning-isolated,2025/9/1 23:51,380,123873
-1,random-32-32-20.map,random-32-32-20-random-1.scen,66,12400F,CBSDepth-whoenig,ASTAR-whoenig,1,NULL,NULL,1743,1.60433,NULL,https://github.com/ssfc/libMultiRobotPlanning-isolated,2025/9/1 23:51,381,124088
-1,random-32-32-20.map,random-32-32-20-random-1.scen,67,12400F,CBSDepth-whoenig,ASTAR-whoenig,1,NULL,NULL,1766,1.62828,NULL,https://github.com/ssfc/libMultiRobotPlanning-isolated,2025/9/1 23:51,381,124110
-1,random-32-32-20.map,random-32-32-20-random-1.scen,68,12400F,CBSDepth-whoenig,ASTAR-whoenig,1,NULL,NULL,1818,2.06271,NULL,https://github.com/ssfc/libMultiRobotPlanning-isolated,2025/9/1 23:51,441,164067
-1,random-32-32-20.map,random-32-32-20-random-1.scen,69,12400F,CBSDepth-whoenig,ASTAR-whoenig,1,NULL,NULL,1830,2.08436,NULL,https://github.com/ssfc/libMultiRobotPlanning-isolated,2025/9/1 23:51,441,164086
-1,random-32-32-20.map,random-32-32-20-random-1.scen,70,12400F,CBSDepth-whoenig,ASTAR-whoenig,1,NULL,NULL,1875,2.19955,NULL,https://github.com/ssfc/libMultiRobotPlanning-isolated,2025/9/1 23:51,451,170936
-1,random-32-32-20.map,random-32-32-20-random-1.scen,71,12400F,CBSDepth-whoenig,ASTAR-whoenig,1,NULL,NULL,1904,2.04407,NULL,https://github.com/ssfc/libMultiRobotPlanning-isolated,2025/9/1 23:51,440,148407
-1,random-32-32-20.map,random-32-32-20-random-1.scen,72,12400F,CBSDepth-whoenig,ASTAR-whoenig,1,NULL,NULL,1948,2.57563,NULL,https://github.com/ssfc/libMultiRobotPlanning-isolated,2025/9/1 23:51,495,201257
-1,random-32-32-20.map,random-32-32-20-random-1.scen,73,12400F,CBSDepth-whoenig,ASTAR-whoenig,1,NULL,NULL,1966,2.61134,NULL,https://github.com/ssfc/libMultiRobotPlanning-isolated,2025/9/1 23:51,495,201279
-1,random-32-32-20.map,random-32-32-20-random-1.scen,74,12400F,CBSDepth-whoenig,ASTAR-whoenig,1,NULL,NULL,1980,2.64986,NULL,https://github.com/ssfc/libMultiRobotPlanning-isolated,2025/9/1 23:51,495,201294
-1,random-32-32-20.map,random-32-32-20-random-1.scen,75,12400F,CBSDepth-whoenig,ASTAR-whoenig,1,NULL,NULL,1998,2.57533,NULL,https://github.com/ssfc/libMultiRobotPlanning-isolated,2025/9/1 23:51,484,198937
-1,random-32-32-20.map,random-32-32-20-random-1.scen,76,12400F,CBSDepth-whoenig,ASTAR-whoenig,1,NULL,NULL,2026,2.74069,NULL,https://github.com/ssfc/libMultiRobotPlanning-isolated,2025/9/1 23:51,502,212653
-1,random-32-32-20.map,random-32-32-20-random-1.scen,77,12400F,CBSDepth-whoenig,ASTAR-whoenig,1,NULL,NULL,2040,2.77591,NULL,https://github.com/ssfc/libMultiRobotPlanning-isolated,2025/9/1 23:51,502,212468
-1,random-32-32-20.map,random-32-32-20-random-1.scen,78,12400F,CBSDepth-whoenig,ASTAR-whoenig,1,NULL,NULL,2088,3.87963,NULL,https://github.com/ssfc/libMultiRobotPlanning-isolated,2025/9/1 23:51,648,326986
-1,random-32-32-20.map,random-32-32-20-random-1.scen,79,12400F,CBSDepth-whoenig,ASTAR-whoenig,1,NULL,NULL,2101,3.9291,NULL,https://github.com/ssfc/libMultiRobotPlanning-isolated,2025/9/1 23:52,648,327011
-1,random-32-32-20.map,random-32-32-20-random-1.scen,80,12400F,CBSDepth-whoenig,ASTAR-whoenig,1,NULL,NULL,2145,3.62576,NULL,https://github.com/ssfc/libMultiRobotPlanning-isolated,2025/9/1 23:52,613,285097
-1,random-32-32-20.map,random-32-32-20-random-1.scen,81,12400F,CBSDepth-whoenig,ASTAR-whoenig,1,NULL,NULL,2171,3.69189,NULL,https://github.com/ssfc/libMultiRobotPlanning-isolated,2025/9/1 23:52,617,285439
-1,random-32-32-20.map,random-32-32-20-random-1.scen,82,12400F,CBSDepth-whoenig,ASTAR-whoenig,1,NULL,NULL,2193,3.74572,NULL,https://github.com/ssfc/libMultiRobotPlanning-isolated,2025/9/1 23:52,618,285846
-1,random-32-32-20.map,random-32-32-20-random-1.scen,83,12400F,CBSDepth-whoenig,ASTAR-whoenig,1,NULL,NULL,2208,3.75062,NULL,https://github.com/ssfc/libMultiRobotPlanning-isolated,2025/9/1 23:52,615,283333
-1,random-32-32-20.map,random-32-32-20-random-1.scen,84,12400F,CBSDepth-whoenig,ASTAR-whoenig,1,NULL,NULL,2261,4.09406,NULL,https://github.com/ssfc/libMultiRobotPlanning-isolated,2025/9/1 23:52,649,310683
-1,random-32-32-20.map,random-32-32-20-random-1.scen,85,12400F,CBSDepth-whoenig,ASTAR-whoenig,1,NULL,NULL,2302,4.32781,NULL,https://github.com/ssfc/libMultiRobotPlanning-isolated,2025/9/1 23:52,678,320007
-1,random-32-32-20.map,random-32-32-20-random-1.scen,86,12400F,CBSDepth-whoenig,ASTAR-whoenig,1,NULL,NULL,2330,4.27987,NULL,https://github.com/ssfc/libMultiRobotPlanning-isolated,2025/9/1 23:52,675,308925
-1,random-32-32-20.map,random-32-32-20-random-1.scen,87,12400F,CBSDepth-whoenig,ASTAR-whoenig,1,NULL,NULL,2358,4.35727,NULL,https://github.com/ssfc/libMultiRobotPlanning-isolated,2025/9/1 23:52,678,311113
-1,random-32-32-20.map,random-32-32-20-random-1.scen,88,12400F,CBSDepth-whoenig,ASTAR-whoenig,1,NULL,NULL,2378,4.42564,NULL,https://github.com/ssfc/libMultiRobotPlanning-isolated,2025/9/1 23:52,682,311444
-1,random-32-32-20.map,random-32-32-20-random-1.scen,89,12400F,CBSDepth-whoenig,ASTAR-whoenig,1,NULL,NULL,2402,4.57779,NULL,https://github.com/ssfc/libMultiRobotPlanning-isolated,2025/9/1 23:52,698,316708
-1,random-32-32-20.map,random-32-32-20-random-1.scen,90,12400F,CBSDepth-whoenig,ASTAR-whoenig,1,NULL,NULL,2456,5.91645,NULL,https://github.com/ssfc/libMultiRobotPlanning-isolated,2025/9/1 23:52,885,402173
-1,random-32-32-20.map,random-32-32-20-random-1.scen,91,12400F,CBSDepth-whoenig,ASTAR-whoenig,1,NULL,NULL,2472,5.98983,NULL,https://github.com/ssfc/libMultiRobotPlanning-isolated,2025/9/1 23:52,885,402210
-1,random-32-32-20.map,random-32-32-20-random-1.scen,92,12400F,CBSDepth-whoenig,ASTAR-whoenig,1,NULL,NULL,2525,13.1843,NULL,https://github.com/ssfc/libMultiRobotPlanning-isolated,2025/9/1 23:53,3318,804610
-1,random-32-32-20.map,random-32-32-20-random-1.scen,93,12400F,CBSDepth-whoenig,ASTAR-whoenig,1,NULL,NULL,2566,13.8758,NULL,https://github.com/ssfc/libMultiRobotPlanning-isolated,2025/9/1 23:53,3388,838437
-1,random-32-32-20.map,random-32-32-20-random-1.scen,94,12400F,CBSDepth-whoenig,ASTAR-whoenig,1,NULL,NULL,2585,13.9233,NULL,https://github.com/ssfc/libMultiRobotPlanning-isolated,2025/9/1 23:53,3399,817012
-1,random-32-32-20.map,random-32-32-20-random-1.scen,95,12400F,CBSDepth-whoenig,ASTAR-whoenig,1,NULL,NULL,2632,15.1514,NULL,https://github.com/ssfc/libMultiRobotPlanning-isolated,2025/9/1 23:53,3490,900279
-1,random-32-32-20.map,random-32-32-20-random-1.scen,96,12400F,CBSDepth-whoenig,ASTAR-whoenig,1,NULL,NULL,2640,15.3224,NULL,https://github.com/ssfc/libMultiRobotPlanning-isolated,2025/9/1 23:54,3490,900286
-1,random-32-32-20.map,random-32-32-20-random-1.scen,97,12400F,CBSDepth-whoenig,ASTAR-whoenig,1,NULL,NULL,2695,17.8207,NULL,https://github.com/ssfc/libMultiRobotPlanning-isolated,2025/9/1 23:54,3790,1072687
-1,random-32-32-20.map,random-32-32-20-random-1.scen,98,12400F,CBSDepth-whoenig,ASTAR-whoenig,1,NULL,NULL,2711,19.6199,NULL,https://github.com/ssfc/libMultiRobotPlanning-isolated,2025/9/1 23:54,4393,1139605
-1,random-32-32-20.map,random-32-32-20-random-1.scen,99,12400F,CBSDepth-whoenig,ASTAR-whoenig,1,NULL,NULL,2742,19.901,NULL,https://github.com/ssfc/libMultiRobotPlanning-isolated,2025/9/1 23:55,4389,1145037
-1,random-32-32-20.map,random-32-32-20-random-1.scen,100,12400F,CBSDepth-whoenig,ASTAR-whoenig,1,NULL,NULL,2751,20.1351,NULL,https://github.com/ssfc/libMultiRobotPlanning-isolated,2025/9/1 23:55,4389,1145045
-1,random-32-32-20.map,random-32-32-20-random-1.scen,101,12400F,CBSDepth-whoenig,ASTAR-whoenig,1,NULL,NULL,2824,20.9719,NULL,https://github.com/ssfc/libMultiRobotPlanning-isolated,2025/9/1 23:55,3850,1291909
-1,random-32-32-20.map,random-32-32-20-random-1.scen,102,12400F,CBSDepth-whoenig,ASTAR-whoenig,1,NULL,NULL,2871,21.822,NULL,https://github.com/ssfc/libMultiRobotPlanning-isolated,2025/9/1 23:56,3907,1359649
-1,random-32-32-20.map,random-32-32-20-random-1.scen,103,12400F,CBSDepth-whoenig,ASTAR-whoenig,1,NULL,NULL,2881,22.0971,NULL,https://github.com/ssfc/libMultiRobotPlanning-isolated,2025/9/1 23:56,3907,1359658
-1,random-32-32-20.map,random-32-32-20-random-1.scen,104,12400F,CBSDepth-whoenig,ASTAR-whoenig,1,NULL,NULL,2915,22.6779,NULL,https://github.com/ssfc/libMultiRobotPlanning-isolated,2025/9/1 23:56,3954,1368779
-1,random-32-32-20.map,random-32-32-20-random-1.scen,105,12400F,CBSDepth-whoenig,ASTAR-whoenig,1,NULL,NULL,2896,22.6326,NULL,https://github.com/ssfc/libMultiRobotPlanning-isolated,2025/9/1 23:57,4307,1238411
-1,random-32-32-20.map,random-32-32-20-random-1.scen,106,12400F,CBSDepth-whoenig,ASTAR-whoenig,1,NULL,NULL,2933,22.8515,NULL,https://github.com/ssfc/libMultiRobotPlanning-isolated,2025/9/1 23:57,4307,1238544
-1,random-32-32-20.map,random-32-32-20-random-1.scen,107,12400F,CBSDepth-whoenig,ASTAR-whoenig,1,NULL,NULL,2965,24.6973,NULL,https://github.com/ssfc/libMultiRobotPlanning-isolated,2025/9/1 23:58,4483,1351971
-1,random-32-32-20.map,random-32-32-20-random-1.scen,108,12400F,CBSDepth-whoenig,ASTAR-whoenig,1,NULL,NULL,3013,24.4279,NULL,https://github.com/ssfc/libMultiRobotPlanning-isolated,2025/9/1 23:58,4467,1289306
-1,random-32-32-20.map,random-32-32-20-random-1.scen,109,12400F,CBSDepth-whoenig,ASTAR-whoenig,1,NULL,NULL,3050,33.8886,NULL,https://github.com/ssfc/libMultiRobotPlanning-isolated,2025/9/1 23:59,6983,1732079
-1,random-32-32-20.map,random-32-32-20-random-1.scen,110,12400F,CBSDepth-whoenig,ASTAR-whoenig,1,NULL,NULL,3066,46.1084,NULL,https://github.com/ssfc/libMultiRobotPlanning-isolated,2025/9/1 23:59,9219,2288166
-1,random-32-32-20.map,random-32-32-20-random-1.scen,111,12400F,CBSDepth-whoenig,ASTAR-whoenig,1,NULL,NULL,3087,42.8625,NULL,https://github.com/ssfc/libMultiRobotPlanning-isolated,2025/9/2 0:00,8531,2096085
-1,random-32-32-20.map,random-32-32-20-random-1.scen,112,12400F,CBSDepth-whoenig,ASTAR-whoenig,1,NULL,NULL,3165,46.5508,NULL,https://github.com/ssfc/libMultiRobotPlanning-isolated,2025/9/2 0:01,8738,2343448
-1,random-32-32-20.map,random-32-32-20-random-1.scen,113,12400F,CBSDepth-whoenig,ASTAR-whoenig,1,NULL,NULL,3188,45.5324,NULL,https://github.com/ssfc/libMultiRobotPlanning-isolated,2025/9/2 0:02,8780,2216618
-1,random-32-32-20.map,random-32-32-20-random-1.scen,114,12400F,CBSDepth-whoenig,ASTAR-whoenig,1,NULL,NULL,3210,45.3592,NULL,https://github.com/ssfc/libMultiRobotPlanning-isolated,2025/9/2 0:02,8755,2151580
-1,random-32-32-20.map,random-32-32-20-random-1.scen,115,12400F,CBSDepth-whoenig,ASTAR-whoenig,1,NULL,NULL,3242,53.3573,NULL,https://github.com/ssfc/libMultiRobotPlanning-isolated,2025/9/2 0:03,10174,2444964
-1,random-32-32-20.map,random-32-32-20-random-1.scen,116,12400F,CBSDepth-whoenig,ASTAR-whoenig,1,NULL,NULL,3270,54.2598,NULL,https://github.com/ssfc/libMultiRobotPlanning-isolated,2025/9/2 0:04,10199,2468891
-1,random-32-32-20.map,random-32-32-20-random-1.scen,117,12400F,CBSDepth-whoenig,ASTAR-whoenig,1,NULL,NULL,3295,52.0361,NULL,https://github.com/ssfc/libMultiRobotPlanning-isolated,2025/9/2 0:05,9625,2332791
-1,random-32-32-20.map,random-32-32-20-random-1.scen,118,12400F,CBSDepth-whoenig,ASTAR-whoenig,1,NULL,NULL,3318,51.4909,NULL,https://github.com/ssfc/libMultiRobotPlanning-isolated,2025/9/2 0:06,9556,2244257
-1,random-32-32-20.map,random-32-32-20-random-1.scen,119,12400F,CBSDepth-whoenig,ASTAR-whoenig,1,NULL,NULL,3352,50.6855,NULL,https://github.com/ssfc/libMultiRobotPlanning-isolated,2025/9/2 0:07,9441,2156679
-1,random-32-32-20.map,random-32-32-20-random-1.scen,120,12400F,CBSDepth-whoenig,ASTAR-whoenig,1,NULL,NULL,3495,116.201,NULL,https://github.com/ssfc/libMultiRobotPlanning-isolated,2025/9/2 0:09,22330,4938278
-1,random-32-32-20.map,random-32-32-20-random-1.scen,121,12400F,CBSDepth-whoenig,ASTAR-whoenig,1,NULL,NULL,3507,130.766,NULL,https://github.com/ssfc/libMultiRobotPlanning-isolated,2025/9/2 0:11,25451,5386214
-1,random-32-32-20.map,random-32-32-20-random-1.scen,122,12400F,CBSDepth-whoenig,ASTAR-whoenig,1,NULL,NULL,3514,120.305,NULL,https://github.com/ssfc/libMultiRobotPlanning-isolated,2025/9/2 0:13,23372,4903895
-1,random-32-32-20.map,random-32-32-20-random-1.scen,123,12400F,CBSDepth-whoenig,ASTAR-whoenig,1,NULL,NULL,3519,128.336,NULL,https://github.com/ssfc/libMultiRobotPlanning-isolated,2025/9/2 0:15,25447,4984086
-1,random-32-32-20.map,random-32-32-20-random-1.scen,124,12400F,CBSDepth-whoenig,ASTAR-whoenig,1,NULL,NULL,3524,55.2364,NULL,https://github.com/ssfc/libMultiRobotPlanning-isolated,2025/9/2 0:16,9484,2262100
-1,random-32-32-20.map,random-32-32-20-random-1.scen,125,12400F,CBSDepth-whoenig,ASTAR-whoenig,1,NULL,NULL,3556,57.1072,NULL,https://github.com/ssfc/libMultiRobotPlanning-isolated,2025/9/2 0:17,9585,2348661
-1,random-32-32-20.map,random-32-32-20-random-1.scen,126,12400F,CBSDepth-whoenig,ASTAR-whoenig,1,NULL,NULL,3646,76.3826,NULL,https://github.com/ssfc/libMultiRobotPlanning-isolated,2025/9/2 0:18,11401,3352084
-1,random-32-32-20.map,random-32-32-20-random-1.scen,127,12400F,CBSDepth-whoenig,ASTAR-whoenig,1,NULL,NULL,3666,145.243,NULL,https://github.com/ssfc/libMultiRobotPlanning-isolated,2025/9/2 0:21,25230,5794894
-1,random-32-32-20.map,random-32-32-20-random-1.scen,128,12400F,CBSDepth-whoenig,ASTAR-whoenig,1,NULL,NULL,3683,226.964,NULL,https://github.com/ssfc/libMultiRobotPlanning-isolated,2025/9/2 0:25,42019,8551514
-1,random-32-32-20.map,random-32-32-20-random-1.scen,129,12400F,CBSDepth-whoenig,ASTAR-whoenig,1,NULL,NULL,3748,235.471,NULL,https://github.com/ssfc/libMultiRobotPlanning-isolated,2025/9/2 0:28,42726,8821437
-1,random-32-32-20.map,random-32-32-20-random-1.scen,130,12400F,CBSDepth-whoenig,ASTAR-whoenig,1,NULL,NULL,3767,318.207,NULL,https://github.com/ssfc/libMultiRobotPlanning-isolated,2025/9/2 0:34,59514,11612368
-1,random-32-32-20.map,random-32-32-20-random-1.scen,131,12400F,CBSDepth-whoenig,ASTAR-whoenig,1,NULL,NULL,3769,204.042,NULL,https://github.com/ssfc/libMultiRobotPlanning-isolated,2025/9/2 0:37,35968,7551017
-1,random-32-32-20.map,random-32-32-20-random-1.scen,132,12400F,CBSDepth-whoenig,ASTAR-whoenig,1,NULL,NULL,3792,217.264,NULL,https://github.com/ssfc/libMultiRobotPlanning-isolated,2025/9/2 0:41,38433,7787775
-1,random-32-32-20.map,random-32-32-20-random-1.scen,133,12400F,CBSDepth-whoenig,ASTAR-whoenig,1,NULL,NULL,3837,387.941,NULL,https://github.com/ssfc/libMultiRobotPlanning-isolated,2025/9/2 0:47,72810,13263466
-1,random-32-32-20.map,random-32-32-20-random-1.scen,134,12400F,CBSDepth-whoenig,ASTAR-whoenig,1,NULL,NULL,3898,509.082,NULL,https://github.com/ssfc/libMultiRobotPlanning-isolated,2025/9/2 0:56,85521,17679192
-1,random-32-32-20.map,random-32-32-20-random-1.scen,135,12400F,CBSDepth-whoenig,ASTAR-whoenig,1,NULL,NULL,3915,515.074,NULL,https://github.com/ssfc/libMultiRobotPlanning-isolated,2025/9/2 1:05,85521,17679085
-1,random-32-32-20.map,random-32-32-20-random-1.scen,136,12400F,CBSDepth-whoenig,ASTAR-whoenig,1,NULL,NULL,INF,1800.04,NULL,https://github.com/ssfc/libMultiRobotPlanning-isolated,2025/9/2 1:35,354081,59093154
-1,random-32-32-20.map,random-32-32-20-random-1.scen,137,12400F,CBSDepth-whoenig,ASTAR-whoenig,1,NULL,NULL,INF,1800.02,NULL,https://github.com/ssfc/libMultiRobotPlanning-isolated,2025/9/2 2:05,345731,58343486
-1,random-32-32-20.map,random-32-32-20-random-1.scen,138,12400F,CBSDepth-whoenig,ASTAR-whoenig,1,NULL,NULL,4005,71.8475,NULL,https://github.com/ssfc/libMultiRobotPlanning-isolated,2025/9/2 2:07,10649,2831178
-1,random-32-32-20.map,random-32-32-20-random-1.scen,139,12400F,CBSDepth-whoenig,ASTAR-whoenig,1,NULL,NULL,4011,74.9905,NULL,https://github.com/ssfc/libMultiRobotPlanning-isolated,2025/9/2 2:08,11305,2954230
-1,random-32-32-20.map,random-32-32-20-random-1.scen,140,12400F,CBSDepth-whoenig,ASTAR-whoenig,1,NULL,NULL,4054,74.3806,NULL,https://github.com/ssfc/libMultiRobotPlanning-isolated,2025/9/2 2:09,11011,2955135
-1,random-32-32-20.map,random-32-32-20-random-1.scen,141,12400F,CBSDepth-whoenig,ASTAR-whoenig,1,NULL,NULL,4105,75.9188,NULL,https://github.com/ssfc/libMultiRobotPlanning-isolated,2025/9/2 2:10,11048,2984715
-1,random-32-32-20.map,random-32-32-20-random-1.scen,142,12400F,CBSDepth-whoenig,ASTAR-whoenig,1,NULL,NULL,4109,76.6397,NULL,https://github.com/ssfc/libMultiRobotPlanning-isolated,2025/9/2 2:12,11054,2988800
-1,random-32-32-20.map,random-32-32-20-random-1.scen,143,12400F,CBSDepth-whoenig,ASTAR-whoenig,1,NULL,NULL,INF,1800,NULL,https://github.com/ssfc/libMultiRobotPlanning-isolated,2025/9/2 2:42,363891,64813079
-1,random-32-32-20.map,random-32-32-20-random-1.scen,144,12400F,CBSDepth-whoenig,ASTAR-whoenig,1,NULL,NULL,INF,1800,NULL,https://github.com/ssfc/libMultiRobotPlanning-isolated,2025/9/2 3:12,359191,62564864
-1,random-32-32-20.map,random-32-32-20-random-1.scen,145,12400F,CBSDepth-whoenig,ASTAR-whoenig,1,NULL,NULL,INF,1800,NULL,https://github.com/ssfc/libMultiRobotPlanning-isolated,2025/9/2 3:42,355191,61881482
-1,random-32-32-20.map,random-32-32-20-random-1.scen,146,12400F,CBSDepth-whoenig,ASTAR-whoenig,1,NULL,NULL,INF,1800.01,NULL,https://github.com/ssfc/libMultiRobotPlanning-isolated,2025/9/2 4:13,350901,60688801
-1,random-32-32-20.map,random-32-32-20-random-1.scen,147,12400F,CBSDepth-whoenig,ASTAR-whoenig,1,NULL,NULL,INF,1800.02,NULL,https://github.com/ssfc/libMultiRobotPlanning-isolated,2025/9/2 4:43,346791,59987212
-1,random-32-32-20.map,random-32-32-20-random-1.scen,148,12400F,CBSDepth-whoenig,ASTAR-whoenig,1,NULL,NULL,INF,1800.01,NULL,https://github.com/ssfc/libMultiRobotPlanning-isolated,2025/9/2 5:13,346371,59454295
-1,random-32-32-20.map,random-32-32-20-random-1.scen,149,12400F,CBSDepth-whoenig,ASTAR-whoenig,1,NULL,NULL,INF,1800.02,NULL,https://github.com/ssfc/libMultiRobotPlanning-isolated,2025/9/2 5:44,342671,58143660
-1,random-32-32-20.map,random-32-32-20-random-1.scen,150,12400F,CBSDepth-whoenig,ASTAR-whoenig,1,NULL,NULL,INF,1800.01,NULL,https://github.com/ssfc/libMultiRobotPlanning-isolated,2025/9/2 6:14,339701,57549525
-1,random-32-32-20.map,random-32-32-20-random-1.scen,151,12400F,CBSDepth-whoenig,ASTAR-whoenig,1,NULL,NULL,INF,1800.02,NULL,https://github.com/ssfc/libMultiRobotPlanning-isolated,2025/9/2 6:44,336181,56994778
-1,random-32-32-20.map,random-32-32-20-random-1.scen,152,12400F,CBSDepth-whoenig,ASTAR-whoenig,1,NULL,NULL,INF,1800.04,NULL,https://github.com/ssfc/libMultiRobotPlanning-isolated,2025/9/2 7:15,332831,56445017
-1,random-32-32-20.map,random-32-32-20-random-1.scen,1,12400F,CBSDepthKNN,ASTAR-whoenig,1,NULL,NULL,38,0.002867,NULL,https://github.com/ssfc/libMultiRobotPlanning-isolated,2025/9/3 16:00,1,168
-1,random-32-32-20.map,random-32-32-20-random-1.scen,2,12400F,CBSDepthKNN,ASTAR-whoenig,1,NULL,NULL,52,0.001598,NULL,https://github.com/ssfc/libMultiRobotPlanning-isolated,2025/9/3 16:00,1,210
-1,random-32-32-20.map,random-32-32-20-random-1.scen,3,12400F,CBSDepthKNN,ASTAR-whoenig,1,NULL,NULL,83,0.006057,NULL,https://github.com/ssfc/libMultiRobotPlanning-isolated,2025/9/3 16:00,1,518
-1,random-32-32-20.map,random-32-32-20-random-1.scen,4,12400F,CBSDepthKNN,ASTAR-whoenig,1,NULL,NULL,105,0.00564,NULL,https://github.com/ssfc/libMultiRobotPlanning-isolated,2025/9/3 16:00,1,579
-1,random-32-32-20.map,random-32-32-20-random-1.scen,5,12400F,CBSDepthKNN,ASTAR-whoenig,1,NULL,NULL,138,0.010337,NULL,https://github.com/ssfc/libMultiRobotPlanning-isolated,2025/9/3 16:00,1,692
-1,random-32-32-20.map,random-32-32-20-random-1.scen,6,12400F,CBSDepthKNN,ASTAR-whoenig,1,NULL,NULL,164,0.009252,NULL,https://github.com/ssfc/libMultiRobotPlanning-isolated,2025/9/3 16:00,1,779
-1,random-32-32-20.map,random-32-32-20-random-1.scen,7,12400F,CBSDepthKNN,ASTAR-whoenig,1,NULL,NULL,181,0.007822,NULL,https://github.com/ssfc/libMultiRobotPlanning-isolated,2025/9/3 16:00,1,814
-1,random-32-32-20.map,random-32-32-20-random-1.scen,8,12400F,CBSDepthKNN,ASTAR-whoenig,1,NULL,NULL,193,0.00769,NULL,https://github.com/ssfc/libMultiRobotPlanning-isolated,2025/9/3 16:00,2,881
-1,random-32-32-20.map,random-32-32-20-random-1.scen,9,12400F,CBSDepthKNN,ASTAR-whoenig,1,NULL,NULL,199,0.006636,NULL,https://github.com/ssfc/libMultiRobotPlanning-isolated,2025/9/3 16:00,2,886
-1,random-32-32-20.map,random-32-32-20-random-1.scen,10,12400F,CBSDepthKNN,ASTAR-whoenig,1,NULL,NULL,216,0.01489,NULL,https://github.com/ssfc/libMultiRobotPlanning-isolated,2025/9/3 16:00,2,903
-1,random-32-32-20.map,random-32-32-20-random-1.scen,11,12400F,CBSDepthKNN,ASTAR-whoenig,1,NULL,NULL,240,0.013468,NULL,https://github.com/ssfc/libMultiRobotPlanning-isolated,2025/9/3 16:00,3,1118
-1,random-32-32-20.map,random-32-32-20-random-1.scen,12,12400F,CBSDepthKNN,ASTAR-whoenig,1,NULL,NULL,265,0.008395,NULL,https://github.com/ssfc/libMultiRobotPlanning-isolated,2025/9/3 16:00,3,1158
-1,random-32-32-20.map,random-32-32-20-random-1.scen,13,12400F,CBSDepthKNN,ASTAR-whoenig,1,NULL,NULL,283,0.033296,NULL,https://github.com/ssfc/libMultiRobotPlanning-isolated,2025/9/3 16:00,11,4785
-1,random-32-32-20.map,random-32-32-20-random-1.scen,14,12400F,CBSDepthKNN,ASTAR-whoenig,1,NULL,NULL,333,0.036658,NULL,https://github.com/ssfc/libMultiRobotPlanning-isolated,2025/9/3 16:00,12,5097
-1,random-32-32-20.map,random-32-32-20-random-1.scen,15,12400F,CBSDepthKNN,ASTAR-whoenig,1,NULL,NULL,358,0.037095,NULL,https://github.com/ssfc/libMultiRobotPlanning-isolated,2025/9/3 16:00,12,5143
-1,random-32-32-20.map,random-32-32-20-random-1.scen,16,12400F,CBSDepthKNN,ASTAR-whoenig,1,NULL,NULL,400,0.04303,NULL,https://github.com/ssfc/libMultiRobotPlanning-isolated,2025/9/3 16:00,13,5831
-1,random-32-32-20.map,random-32-32-20-random-1.scen,17,12400F,CBSDepthKNN,ASTAR-whoenig,1,NULL,NULL,420,0.043078,NULL,https://github.com/ssfc/libMultiRobotPlanning-isolated,2025/9/3 16:00,13,5851
-1,random-32-32-20.map,random-32-32-20-random-1.scen,18,12400F,CBSDepthKNN,ASTAR-whoenig,1,NULL,NULL,429,0.044083,NULL,https://github.com/ssfc/libMultiRobotPlanning-isolated,2025/9/3 16:00,13,5859
-1,random-32-32-20.map,random-32-32-20-random-1.scen,19,12400F,CBSDepthKNN,ASTAR-whoenig,1,NULL,NULL,443,0.045199,NULL,https://github.com/ssfc/libMultiRobotPlanning-isolated,2025/9/3 16:00,13,5877
-1,random-32-32-20.map,random-32-32-20-random-1.scen,20,12400F,CBSDepthKNN,ASTAR-whoenig,1,NULL,NULL,453,0.046459,NULL,https://github.com/ssfc/libMultiRobotPlanning-isolated,2025/9/3 16:00,13,5886
-1,random-32-32-20.map,random-32-32-20-random-1.scen,21,12400F,CBSDepthKNN,ASTAR-whoenig,1,NULL,NULL,486,0.047577,NULL,https://github.com/ssfc/libMultiRobotPlanning-isolated,2025/9/3 16:00,13,5952
-1,random-32-32-20.map,random-32-32-20-random-1.scen,22,12400F,CBSDepthKNN,ASTAR-whoenig,1,NULL,NULL,498,0.061336,NULL,https://github.com/ssfc/libMultiRobotPlanning-isolated,2025/9/3 16:00,18,7079
-1,random-32-32-20.map,random-32-32-20-random-1.scen,23,12400F,CBSDepthKNN,ASTAR-whoenig,1,NULL,NULL,512,0.060689,NULL,https://github.com/ssfc/libMultiRobotPlanning-isolated,2025/9/3 16:00,18,6479
-1,random-32-32-20.map,random-32-32-20-random-1.scen,24,12400F,CBSDepthKNN,ASTAR-whoenig,1,NULL,NULL,563,0.07006,NULL,https://github.com/ssfc/libMultiRobotPlanning-isolated,2025/9/3 16:00,20,7453
-1,random-32-32-20.map,random-32-32-20-random-1.scen,25,12400F,CBSDepthKNN,ASTAR-whoenig,1,NULL,NULL,579,0.073885,NULL,https://github.com/ssfc/libMultiRobotPlanning-isolated,2025/9/3 16:00,20,7616
-1,random-32-32-20.map,random-32-32-20-random-1.scen,26,12400F,CBSDepthKNN,ASTAR-whoenig,1,NULL,NULL,614,0.075955,NULL,https://github.com/ssfc/libMultiRobotPlanning-isolated,2025/9/3 16:00,20,7887
-1,random-32-32-20.map,random-32-32-20-random-1.scen,27,12400F,CBSDepthKNN,ASTAR-whoenig,1,NULL,NULL,647,0.091154,NULL,https://github.com/ssfc/libMultiRobotPlanning-isolated,2025/9/3 16:00,22,9571
-1,random-32-32-20.map,random-32-32-20-random-1.scen,28,12400F,CBSDepthKNN,ASTAR-whoenig,1,NULL,NULL,655,0.09221,NULL,https://github.com/ssfc/libMultiRobotPlanning-isolated,2025/9/3 16:00,22,9578
-1,random-32-32-20.map,random-32-32-20-random-1.scen,29,12400F,CBSDepthKNN,ASTAR-whoenig,1,NULL,NULL,663,0.095731,NULL,https://github.com/ssfc/libMultiRobotPlanning-isolated,2025/9/3 16:00,22,9588
-1,random-32-32-20.map,random-32-32-20-random-1.scen,30,12400F,CBSDepthKNN,ASTAR-whoenig,1,NULL,NULL,697,0.16302,NULL,https://github.com/ssfc/libMultiRobotPlanning-isolated,2025/9/3 16:00,33,17747
-1,random-32-32-20.map,random-32-32-20-random-1.scen,31,12400F,CBSDepthKNN,ASTAR-whoenig,1,NULL,NULL,724,0.192893,NULL,https://github.com/ssfc/libMultiRobotPlanning-isolated,2025/9/3 16:00,41,19244
-1,random-32-32-20.map,random-32-32-20-random-1.scen,32,12400F,CBSDepthKNN,ASTAR-whoenig,1,NULL,NULL,746,0.201316,NULL,https://github.com/ssfc/libMultiRobotPlanning-isolated,2025/9/3 16:00,41,19265
-1,random-32-32-20.map,random-32-32-20-random-1.scen,33,12400F,CBSDepthKNN,ASTAR-whoenig,1,NULL,NULL,756,0.204955,NULL,https://github.com/ssfc/libMultiRobotPlanning-isolated,2025/9/3 16:00,41,19274
-1,random-32-32-20.map,random-32-32-20-random-1.scen,34,12400F,CBSDepthKNN,ASTAR-whoenig,1,NULL,NULL,790,0.30288,NULL,https://github.com/ssfc/libMultiRobotPlanning-isolated,2025/9/3 16:00,63,26092
-1,random-32-32-20.map,random-32-32-20-random-1.scen,35,12400F,CBSDepthKNN,ASTAR-whoenig,1,NULL,NULL,818,0.313911,NULL,https://github.com/ssfc/libMultiRobotPlanning-isolated,2025/9/3 16:00,63,26119
-1,random-32-32-20.map,random-32-32-20-random-1.scen,36,12400F,CBSDepthKNN,ASTAR-whoenig,1,NULL,NULL,871,0.458353,NULL,https://github.com/ssfc/libMultiRobotPlanning-isolated,2025/9/3 16:00,90,37390
-1,random-32-32-20.map,random-32-32-20-random-1.scen,37,12400F,CBSDepthKNN,ASTAR-whoenig,1,NULL,NULL,879,0.469865,NULL,https://github.com/ssfc/libMultiRobotPlanning-isolated,2025/9/3 16:00,90,37397
-1,random-32-32-20.map,random-32-32-20-random-1.scen,38,12400F,CBSDepthKNN,ASTAR-whoenig,1,NULL,NULL,889,0.436049,NULL,https://github.com/ssfc/libMultiRobotPlanning-isolated,2025/9/3 16:00,81,32921
-1,random-32-32-20.map,random-32-32-20-random-1.scen,39,12400F,CBSDepthKNN,ASTAR-whoenig,1,NULL,NULL,906,0.407236,NULL,https://github.com/ssfc/libMultiRobotPlanning-isolated,2025/9/3 16:00,75,29133
-1,random-32-32-20.map,random-32-32-20-random-1.scen,40,12400F,CBSDepthKNN,ASTAR-whoenig,1,NULL,NULL,942,0.479697,NULL,https://github.com/ssfc/libMultiRobotPlanning-isolated,2025/9/3 16:00,89,31442
-1,random-32-32-20.map,random-32-32-20-random-1.scen,41,12400F,CBSDepthKNN,ASTAR-whoenig,1,NULL,NULL,962,0.493001,NULL,https://github.com/ssfc/libMultiRobotPlanning-isolated,2025/9/3 16:00,89,31475
-1,random-32-32-20.map,random-32-32-20-random-1.scen,42,12400F,CBSDepthKNN,ASTAR-whoenig,1,NULL,NULL,974,0.508204,NULL,https://github.com/ssfc/libMultiRobotPlanning-isolated,2025/9/3 16:00,89,31493
-1,random-32-32-20.map,random-32-32-20-random-1.scen,43,12400F,CBSDepthKNN,ASTAR-whoenig,1,NULL,NULL,1020,0.655193,NULL,https://github.com/ssfc/libMultiRobotPlanning-isolated,2025/9/3 16:00,112,39378
-1,random-32-32-20.map,random-32-32-20-random-1.scen,44,12400F,CBSDepthKNN,ASTAR-whoenig,1,NULL,NULL,1061,0.67009,NULL,https://github.com/ssfc/libMultiRobotPlanning-isolated,2025/9/3 16:00,111,39119
-1,random-32-32-20.map,random-32-32-20-random-1.scen,45,12400F,CBSDepthKNN,ASTAR-whoenig,1,NULL,NULL,1099,0.690287,NULL,https://github.com/ssfc/libMultiRobotPlanning-isolated,2025/9/3 16:00,111,39207
-1,random-32-32-20.map,random-32-32-20-random-1.scen,46,12400F,CBSDepthKNN,ASTAR-whoenig,1,NULL,NULL,1133,0.746004,NULL,https://github.com/ssfc/libMultiRobotPlanning-isolated,2025/9/3 16:00,116,41518
-1,random-32-32-20.map,random-32-32-20-random-1.scen,47,12400F,CBSDepthKNN,ASTAR-whoenig,1,NULL,NULL,1171,0.893096,NULL,https://github.com/ssfc/libMultiRobotPlanning-isolated,2025/9/3 16:00,134,49757
-1,random-32-32-20.map,random-32-32-20-random-1.scen,48,12400F,CBSDepthKNN,ASTAR-whoenig,1,NULL,NULL,1196,0.854184,NULL,https://github.com/ssfc/libMultiRobotPlanning-isolated,2025/9/3 16:00,126,44548
-1,random-32-32-20.map,random-32-32-20-random-1.scen,49,12400F,CBSDepthKNN,ASTAR-whoenig,1,NULL,NULL,1212,0.886162,NULL,https://github.com/ssfc/libMultiRobotPlanning-isolated,2025/9/3 16:00,127,44819
-1,random-32-32-20.map,random-32-32-20-random-1.scen,50,12400F,CBSDepthKNN,ASTAR-whoenig,1,NULL,NULL,1240,0.880279,NULL,https://github.com/ssfc/libMultiRobotPlanning-isolated,2025/9/3 16:00,124,42363
-1,random-32-32-20.map,random-32-32-20-random-1.scen,51,12400F,CBSDepthKNN,ASTAR-whoenig,1,NULL,NULL,1279,0.953885,NULL,https://github.com/ssfc/libMultiRobotPlanning-isolated,2025/9/3 16:00,130,45214
-1,random-32-32-20.map,random-32-32-20-random-1.scen,52,12400F,CBSDepthKNN,ASTAR-whoenig,1,NULL,NULL,1297,0.981426,NULL,https://github.com/ssfc/libMultiRobotPlanning-isolated,2025/9/3 16:00,130,45231
-1,random-32-32-20.map,random-32-32-20-random-1.scen,53,12400F,CBSDepthKNN,ASTAR-whoenig,1,NULL,NULL,1315,1.00653,NULL,https://github.com/ssfc/libMultiRobotPlanning-isolated,2025/9/3 16:00,130,45076
-1,random-32-32-20.map,random-32-32-20-random-1.scen,54,12400F,CBSDepthKNN,ASTAR-whoenig,1,NULL,NULL,1346,1.08599,NULL,https://github.com/ssfc/libMultiRobotPlanning-isolated,2025/9/3 16:00,137,48364
-1,random-32-32-20.map,random-32-32-20-random-1.scen,55,12400F,CBSDepthKNN,ASTAR-whoenig,1,NULL,NULL,1363,1.17325,NULL,https://github.com/ssfc/libMultiRobotPlanning-isolated,2025/9/3 16:00,142,50628
-1,random-32-32-20.map,random-32-32-20-random-1.scen,56,12400F,CBSDepthKNN,ASTAR-whoenig,1,NULL,NULL,1406,1.36427,NULL,https://github.com/ssfc/libMultiRobotPlanning-isolated,2025/9/3 16:00,159,61000
-1,random-32-32-20.map,random-32-32-20-random-1.scen,57,12400F,CBSDepthKNN,ASTAR-whoenig,1,NULL,NULL,1461,2.4004,NULL,https://github.com/ssfc/libMultiRobotPlanning-isolated,2025/9/3 16:01,268,106086
-1,random-32-32-20.map,random-32-32-20-random-1.scen,58,12400F,CBSDepthKNN,ASTAR-whoenig,1,NULL,NULL,1497,2.43331,NULL,https://github.com/ssfc/libMultiRobotPlanning-isolated,2025/9/3 16:01,267,104859
-1,random-32-32-20.map,random-32-32-20-random-1.scen,59,12400F,CBSDepthKNN,ASTAR-whoenig,1,NULL,NULL,1508,1.99418,NULL,https://github.com/ssfc/libMultiRobotPlanning-isolated,2025/9/3 16:01,216,80566
-1,random-32-32-20.map,random-32-32-20-random-1.scen,60,12400F,CBSDepthKNN,ASTAR-whoenig,1,NULL,NULL,1557,2.30616,NULL,https://github.com/ssfc/libMultiRobotPlanning-isolated,2025/9/3 16:01,242,91151
-1,random-32-32-20.map,random-32-32-20-random-1.scen,61,12400F,CBSDepthKNN,ASTAR-whoenig,1,NULL,NULL,1572,2.38882,NULL,https://github.com/ssfc/libMultiRobotPlanning-isolated,2025/9/3 16:01,245,90897
-1,random-32-32-20.map,random-32-32-20-random-1.scen,62,12400F,CBSDepthKNN,ASTAR-whoenig,1,NULL,NULL,1612,2.95191,NULL,https://github.com/ssfc/libMultiRobotPlanning-isolated,2025/9/3 16:01,282,132801
-1,random-32-32-20.map,random-32-32-20-random-1.scen,63,12400F,CBSDepthKNN,ASTAR-whoenig,1,NULL,NULL,1632,3.56933,NULL,https://github.com/ssfc/libMultiRobotPlanning-isolated,2025/9/3 16:01,341,143759
-1,random-32-32-20.map,random-32-32-20-random-1.scen,64,12400F,CBSDepthKNN,ASTAR-whoenig,1,NULL,NULL,1653,3.75435,NULL,https://github.com/ssfc/libMultiRobotPlanning-isolated,2025/9/3 16:01,349,149917
-1,random-32-32-20.map,random-32-32-20-random-1.scen,65,12400F,CBSDepthKNN,ASTAR-whoenig,1,NULL,NULL,1698,4.10034,NULL,https://github.com/ssfc/libMultiRobotPlanning-isolated,2025/9/3 16:01,371,161391
-1,random-32-32-20.map,random-32-32-20-random-1.scen,66,12400F,CBSDepthKNN,ASTAR-whoenig,1,NULL,NULL,1733,4.16687,NULL,https://github.com/ssfc/libMultiRobotPlanning-isolated,2025/9/3 16:01,368,160652
-1,random-32-32-20.map,random-32-32-20-random-1.scen,67,12400F,CBSDepthKNN,ASTAR-whoenig,1,NULL,NULL,1756,4.25843,NULL,https://github.com/ssfc/libMultiRobotPlanning-isolated,2025/9/3 16:01,368,160674
-1,random-32-32-20.map,random-32-32-20-random-1.scen,68,12400F,CBSDepthKNN,ASTAR-whoenig,1,NULL,NULL,1805,4.61941,NULL,https://github.com/ssfc/libMultiRobotPlanning-isolated,2025/9/3 16:01,386,177086
-1,random-32-32-20.map,random-32-32-20-random-1.scen,69,12400F,CBSDepthKNN,ASTAR-whoenig,1,NULL,NULL,1817,4.71303,NULL,https://github.com/ssfc/libMultiRobotPlanning-isolated,2025/9/3 16:01,386,177105
-1,random-32-32-20.map,random-32-32-20-random-1.scen,70,12400F,CBSDepthKNN,ASTAR-whoenig,1,NULL,NULL,1859,4.82894,NULL,https://github.com/ssfc/libMultiRobotPlanning-isolated,2025/9/3 16:01,384,178186
-1,random-32-32-20.map,random-32-32-20-random-1.scen,71,12400F,CBSDepthKNN,ASTAR-whoenig,1,NULL,NULL,1914,6.85549,NULL,https://github.com/ssfc/libMultiRobotPlanning-isolated,2025/9/3 16:01,528,261797
-1,random-32-32-20.map,random-32-32-20-random-1.scen,72,12400F,CBSDepthKNN,ASTAR-whoenig,1,NULL,NULL,1931,5.38477,NULL,https://github.com/ssfc/libMultiRobotPlanning-isolated,2025/9/3 16:02,422,165022
-1,random-32-32-20.map,random-32-32-20-random-1.scen,73,12400F,CBSDepthKNN,ASTAR-whoenig,1,NULL,NULL,1949,5.50491,NULL,https://github.com/ssfc/libMultiRobotPlanning-isolated,2025/9/3 16:02,422,165044
-1,random-32-32-20.map,random-32-32-20-random-1.scen,74,12400F,CBSDepthKNN,ASTAR-whoenig,1,NULL,NULL,1963,5.63015,NULL,https://github.com/ssfc/libMultiRobotPlanning-isolated,2025/9/3 16:02,422,165059
-1,random-32-32-20.map,random-32-32-20-random-1.scen,75,12400F,CBSDepthKNN,ASTAR-whoenig,1,NULL,NULL,1999,7.33418,NULL,https://github.com/ssfc/libMultiRobotPlanning-isolated,2025/9/3 16:02,524,244186
-1,random-32-32-20.map,random-32-32-20-random-1.scen,76,12400F,CBSDepthKNN,ASTAR-whoenig,1,NULL,NULL,2018,7.58273,NULL,https://github.com/ssfc/libMultiRobotPlanning-isolated,2025/9/3 16:02,530,245881
-1,random-32-32-20.map,random-32-32-20-random-1.scen,77,12400F,CBSDepthKNN,ASTAR-whoenig,1,NULL,NULL,2033,7.82731,NULL,https://github.com/ssfc/libMultiRobotPlanning-isolated,2025/9/3 16:02,536,247761
-1,random-32-32-20.map,random-32-32-20-random-1.scen,78,12400F,CBSDepthKNN,ASTAR-whoenig,1,NULL,NULL,2070,8.96488,NULL,https://github.com/ssfc/libMultiRobotPlanning-isolated,2025/9/3 16:02,596,298753
-1,random-32-32-20.map,random-32-32-20-random-1.scen,79,12400F,CBSDepthKNN,ASTAR-whoenig,1,NULL,NULL,2083,9.17277,NULL,https://github.com/ssfc/libMultiRobotPlanning-isolated,2025/9/3 16:02,596,298778
-1,random-32-32-20.map,random-32-32-20-random-1.scen,80,12400F,CBSDepthKNN,ASTAR-whoenig,1,NULL,NULL,2114,9.02126,NULL,https://github.com/ssfc/libMultiRobotPlanning-isolated,2025/9/3 16:03,572,290197
-1,random-32-32-20.map,random-32-32-20-random-1.scen,81,12400F,CBSDepthKNN,ASTAR-whoenig,1,NULL,NULL,2140,9.27118,NULL,https://github.com/ssfc/libMultiRobotPlanning-isolated,2025/9/3 16:03,576,291003
-1,random-32-32-20.map,random-32-32-20-random-1.scen,82,12400F,CBSDepthKNN,ASTAR-whoenig,1,NULL,NULL,2162,9.14994,NULL,https://github.com/ssfc/libMultiRobotPlanning-isolated,2025/9/3 16:03,561,269915
-1,random-32-32-20.map,random-32-32-20-random-1.scen,83,12400F,CBSDepthKNN,ASTAR-whoenig,1,NULL,NULL,2182,9.07884,NULL,https://github.com/ssfc/libMultiRobotPlanning-isolated,2025/9/3 16:03,547,261146
-1,random-32-32-20.map,random-32-32-20-random-1.scen,84,12400F,CBSDepthKNN,ASTAR-whoenig,1,NULL,NULL,2236,9.80396,NULL,https://github.com/ssfc/libMultiRobotPlanning-isolated,2025/9/3 16:03,574,288900
-1,random-32-32-20.map,random-32-32-20-random-1.scen,85,12400F,CBSDepthKNN,ASTAR-whoenig,1,NULL,NULL,2272,10.5646,NULL,https://github.com/ssfc/libMultiRobotPlanning-isolated,2025/9/3 16:03,604,314850
-1,random-32-32-20.map,random-32-32-20-random-1.scen,86,12400F,CBSDepthKNN,ASTAR-whoenig,1,NULL,NULL,2308,11.7266,NULL,https://github.com/ssfc/libMultiRobotPlanning-isolated,2025/9/3 16:04,660,333889
-1,random-32-32-20.map,random-32-32-20-random-1.scen,87,12400F,CBSDepthKNN,ASTAR-whoenig,1,NULL,NULL,2365,16.2487,NULL,https://github.com/ssfc/libMultiRobotPlanning-isolated,2025/9/3 16:04,869,555763
-1,random-32-32-20.map,random-32-32-20-random-1.scen,88,12400F,CBSDepthKNN,ASTAR-whoenig,1,NULL,NULL,2383,16.9552,NULL,https://github.com/ssfc/libMultiRobotPlanning-isolated,2025/9/3 16:04,880,590875
-1,random-32-32-20.map,random-32-32-20-random-1.scen,89,12400F,CBSDepthKNN,ASTAR-whoenig,1,NULL,NULL,2397,14.8064,NULL,https://github.com/ssfc/libMultiRobotPlanning-isolated,2025/9/3 16:04,776,441837
-1,random-32-32-20.map,random-32-32-20-random-1.scen,90,12400F,CBSDepthKNN,ASTAR-whoenig,1,NULL,NULL,2422,14.796,NULL,https://github.com/ssfc/libMultiRobotPlanning-isolated,2025/9/3 16:05,763,417660
-1,random-32-32-20.map,random-32-32-20-random-1.scen,91,12400F,CBSDepthKNN,ASTAR-whoenig,1,NULL,NULL,2438,15.02,NULL,https://github.com/ssfc/libMultiRobotPlanning-isolated,2025/9/3 16:05,763,417697
-1,random-32-32-20.map,random-32-32-20-random-1.scen,92,12400F,CBSDepthKNN,ASTAR-whoenig,1,NULL,NULL,2506,21.6355,NULL,https://github.com/ssfc/libMultiRobotPlanning-isolated,2025/9/3 16:05,1062,656300
-1,random-32-32-20.map,random-32-32-20-random-1.scen,93,12400F,CBSDepthKNN,ASTAR-whoenig,1,NULL,NULL,2515,16.3265,NULL,https://github.com/ssfc/libMultiRobotPlanning-isolated,2025/9/3 16:05,799,433941
-1,random-32-32-20.map,random-32-32-20-random-1.scen,94,12400F,CBSDepthKNN,ASTAR-whoenig,1,NULL,NULL,2642,32.1114,NULL,https://github.com/ssfc/libMultiRobotPlanning-isolated,2025/9/3 16:06,1447,1206640
-1,random-32-32-20.map,random-32-32-20-random-1.scen,95,12400F,CBSDepthKNN,ASTAR-whoenig,1,NULL,NULL,2590,22.5444,NULL,https://github.com/ssfc/libMultiRobotPlanning-isolated,2025/9/3 16:06,1053,623004
-1,random-32-32-20.map,random-32-32-20-random-1.scen,96,12400F,CBSDepthKNN,ASTAR-whoenig,1,NULL,NULL,2598,22.9773,NULL,https://github.com/ssfc/libMultiRobotPlanning-isolated,2025/9/3 16:07,1053,623011
-1,random-32-32-20.map,random-32-32-20-random-1.scen,97,12400F,CBSDepthKNN,ASTAR-whoenig,1,NULL,NULL,2679,28.5513,NULL,https://github.com/ssfc/libMultiRobotPlanning-isolated,2025/9/3 16:07,1259,887245
-1,random-32-32-20.map,random-32-32-20-random-1.scen,98,12400F,CBSDepthKNN,ASTAR-whoenig,1,NULL,NULL,2669,22.9808,NULL,https://github.com/ssfc/libMultiRobotPlanning-isolated,2025/9/3 16:08,1012,637173
-1,random-32-32-20.map,random-32-32-20-random-1.scen,99,12400F,CBSDepthKNN,ASTAR-whoenig,1,NULL,NULL,2728,33.4754,NULL,https://github.com/ssfc/libMultiRobotPlanning-isolated,2025/9/3 16:08,1390,1178077
-1,random-32-32-20.map,random-32-32-20-random-1.scen,100,12400F,CBSDepthKNN,ASTAR-whoenig,1,NULL,NULL,2737,34.028,NULL,https://github.com/ssfc/libMultiRobotPlanning-isolated,2025/9/3 16:09,1390,1178085
-1,random-32-32-20.map,random-32-32-20-random-1.scen,101,12400F,CBSDepthKNN,ASTAR-whoenig,1,NULL,NULL,2800,33.1283,NULL,https://github.com/ssfc/libMultiRobotPlanning-isolated,2025/9/3 16:09,1363,967562
-1,random-32-32-20.map,random-32-32-20-random-1.scen,102,12400F,CBSDepthKNN,ASTAR-whoenig,1,NULL,NULL,2849,36.054,NULL,https://github.com/ssfc/libMultiRobotPlanning-isolated,2025/9/3 16:10,1433,1131215
-1,random-32-32-20.map,random-32-32-20-random-1.scen,103,12400F,CBSDepthKNN,ASTAR-whoenig,1,NULL,NULL,2859,36.7128,NULL,https://github.com/ssfc/libMultiRobotPlanning-isolated,2025/9/3 16:11,1433,1131224
-1,random-32-32-20.map,random-32-32-20-random-1.scen,104,12400F,CBSDepthKNN,ASTAR-whoenig,1,NULL,NULL,2861,32.2958,NULL,https://github.com/ssfc/libMultiRobotPlanning-isolated,2025/9/3 16:11,1272,843701
-1,random-32-32-20.map,random-32-32-20-random-1.scen,105,12400F,CBSDepthKNN,ASTAR-whoenig,1,NULL,NULL,INF,1800.11,NULL,https://github.com/ssfc/libMultiRobotPlanning-isolated,2025/9/3 16:41,69961,43973379
-1,random-32-32-20.map,random-32-32-20-random-1.scen,106,12400F,CBSDepthKNN,ASTAR-whoenig,1,NULL,NULL,INF,1800.26,NULL,https://github.com/ssfc/libMultiRobotPlanning-isolated,2025/9/3 17:11,68871,43292007
-1,random-32-32-20.map,random-32-32-20-random-1.scen,107,12400F,CBSDepthKNN,ASTAR-whoenig,1,NULL,NULL,2947,38.0605,NULL,https://github.com/ssfc/libMultiRobotPlanning-isolated,2025/9/3 17:12,1419,1000398
-1,random-32-32-20.map,random-32-32-20-random-1.scen,108,12400F,CBSDepthKNN,ASTAR-whoenig,1,NULL,NULL,3012,322.566,NULL,https://github.com/ssfc/libMultiRobotPlanning-isolated,2025/9/3 17:17,11896,7813355
-1,random-32-32-20.map,random-32-32-20-random-1.scen,109,12400F,CBSDepthKNN,ASTAR-whoenig,1,NULL,NULL,3063,50.0698,NULL,https://github.com/ssfc/libMultiRobotPlanning-isolated,2025/9/3 17:18,1762,1496402
-1,random-32-32-20.map,random-32-32-20-random-1.scen,110,12400F,CBSDepthKNN,ASTAR-whoenig,1,NULL,NULL,3066,67.1104,NULL,https://github.com/ssfc/libMultiRobotPlanning-isolated,2025/9/3 17:19,2404,1556371
-1,random-32-32-20.map,random-32-32-20-random-1.scen,111,12400F,CBSDepthKNN,ASTAR-whoenig,1,NULL,NULL,3121,111.808,NULL,https://github.com/ssfc/libMultiRobotPlanning-isolated,2025/9/3 17:21,3936,2593572
-1,random-32-32-20.map,random-32-32-20-random-1.scen,112,12400F,CBSDepthKNN,ASTAR-whoenig,1,NULL,NULL,3100,36.3429,NULL,https://github.com/ssfc/libMultiRobotPlanning-isolated,2025/9/3 17:22,1257,859651
-1,random-32-32-20.map,random-32-32-20-random-1.scen,113,12400F,CBSDepthKNN,ASTAR-whoenig,1,NULL,NULL,3185,50.4351,NULL,https://github.com/ssfc/libMultiRobotPlanning-isolated,2025/9/3 17:23,1708,1206292
-1,random-32-32-20.map,random-32-32-20-random-1.scen,114,12400F,CBSDepthKNN,ASTAR-whoenig,1,NULL,NULL,3221,52.4631,NULL,https://github.com/ssfc/libMultiRobotPlanning-isolated,2025/9/3 17:23,1747,1246185
-1,random-32-32-20.map,random-32-32-20-random-1.scen,115,12400F,CBSDepthKNN,ASTAR-whoenig,1,NULL,NULL,3269,146.363,NULL,https://github.com/ssfc/libMultiRobotPlanning-isolated,2025/9/3 17:26,4785,3473547
-1,random-32-32-20.map,random-32-32-20-random-1.scen,116,12400F,CBSDepthKNN,ASTAR-whoenig,1,NULL,NULL,3302,274.949,NULL,https://github.com/ssfc/libMultiRobotPlanning-isolated,2025/9/3 17:30,8838,6526710
-1,random-32-32-20.map,random-32-32-20-random-1.scen,117,12400F,CBSDepthKNN,ASTAR-whoenig,1,NULL,NULL,3326,64.4909,NULL,https://github.com/ssfc/libMultiRobotPlanning-isolated,2025/9/3 17:32,2018,1686019
-1,random-32-32-20.map,random-32-32-20-random-1.scen,118,12400F,CBSDepthKNN,ASTAR-whoenig,1,NULL,NULL,3362,65.9972,NULL,https://github.com/ssfc/libMultiRobotPlanning-isolated,2025/9/3 17:33,2037,1681288
-1,random-32-32-20.map,random-32-32-20-random-1.scen,119,12400F,CBSDepthKNN,ASTAR-whoenig,1,NULL,NULL,3421,73.4942,NULL,https://github.com/ssfc/libMultiRobotPlanning-isolated,2025/9/3 17:34,2225,1875257
-1,random-32-32-20.map,random-32-32-20-random-1.scen,120,12400F,CBSDepthKNN,ASTAR-whoenig,1,NULL,NULL,3481,78.1524,NULL,https://github.com/ssfc/libMultiRobotPlanning-isolated,2025/9/3 17:35,2324,1970509
-1,random-32-32-20.map,random-32-32-20-random-1.scen,121,12400F,CBSDepthKNN,ASTAR-whoenig,1,NULL,NULL,3489,79.9952,NULL,https://github.com/ssfc/libMultiRobotPlanning-isolated,2025/9/3 17:36,2343,1991515
-1,random-32-32-20.map,random-32-32-20-random-1.scen,122,12400F,CBSDepthKNN,ASTAR-whoenig,1,NULL,NULL,3478,136.56,NULL,https://github.com/ssfc/libMultiRobotPlanning-isolated,2025/9/3 17:39,3977,3144606
-1,random-32-32-20.map,random-32-32-20-random-1.scen,123,12400F,CBSDepthKNN,ASTAR-whoenig,1,NULL,NULL,3499,69.9249,NULL,https://github.com/ssfc/libMultiRobotPlanning-isolated,2025/9/3 17:40,2009,1593430
-1,random-32-32-20.map,random-32-32-20-random-1.scen,124,12400F,CBSDepthKNN,ASTAR-whoenig,1,NULL,NULL,3543,323.007,NULL,https://github.com/ssfc/libMultiRobotPlanning-isolated,2025/9/3 17:45,9171,6566394
-1,random-32-32-20.map,random-32-32-20-random-1.scen,125,12400F,CBSDepthKNN,ASTAR-whoenig,1,NULL,NULL,3650,115.661,NULL,https://github.com/ssfc/libMultiRobotPlanning-isolated,2025/9/3 17:47,3071,3312133
-1,random-32-32-20.map,random-32-32-20-random-1.scen,126,12400F,CBSDepthKNN,ASTAR-whoenig,1,NULL,NULL,3670,193.524,NULL,https://github.com/ssfc/libMultiRobotPlanning-isolated,2025/9/3 17:51,5176,4600422
-1,random-32-32-20.map,random-32-32-20-random-1.scen,127,12400F,CBSDepthKNN,ASTAR-whoenig,1,NULL,NULL,3704,209.637,NULL,https://github.com/ssfc/libMultiRobotPlanning-isolated,2025/9/3 17:54,5502,5132493
-1,random-32-32-20.map,random-32-32-20-random-1.scen,128,12400F,CBSDepthKNN,ASTAR-whoenig,1,NULL,NULL,3737,128.691,NULL,https://github.com/ssfc/libMultiRobotPlanning-isolated,2025/9/3 17:56,3310,3331252
-1,random-32-32-20.map,random-32-32-20-random-1.scen,129,12400F,CBSDepthKNN,ASTAR-whoenig,1,NULL,NULL,3740,206.221,NULL,https://github.com/ssfc/libMultiRobotPlanning-isolated,2025/9/3 18:00,5306,4494612
-1,random-32-32-20.map,random-32-32-20-random-1.scen,130,12400F,CBSDepthKNN,ASTAR-whoenig,1,NULL,NULL,3754,637.155,NULL,https://github.com/ssfc/libMultiRobotPlanning-isolated,2025/9/3 18:10,16399,12997082
-1,random-32-32-20.map,random-32-32-20-random-1.scen,131,12400F,CBSDepthKNN,ASTAR-whoenig,1,NULL,NULL,3778,257.344,NULL,https://github.com/ssfc/libMultiRobotPlanning-isolated,2025/9/3 18:15,6350,5894084
-1,random-32-32-20.map,random-32-32-20-random-1.scen,132,12400F,CBSDepthKNN,ASTAR-whoenig,1,NULL,NULL,3846,207.966,NULL,https://github.com/ssfc/libMultiRobotPlanning-isolated,2025/9/3 18:18,5143,4624211
-1,random-32-32-20.map,random-32-32-20-random-1.scen,133,12400F,CBSDepthKNN,ASTAR-whoenig,1,NULL,NULL,3833,447.159,NULL,https://github.com/ssfc/libMultiRobotPlanning-isolated,2025/9/3 18:25,11144,7906996
-1,random-32-32-20.map,random-32-32-20-random-1.scen,134,12400F,CBSDepthKNN,ASTAR-whoenig,1,NULL,NULL,3930,558.154,NULL,https://github.com/ssfc/libMultiRobotPlanning-isolated,2025/9/3 18:35,13419,11864237
-1,random-32-32-20.map,random-32-32-20-random-1.scen,135,12400F,CBSDepthKNN,ASTAR-whoenig,1,NULL,NULL,3947,566.138,NULL,https://github.com/ssfc/libMultiRobotPlanning-isolated,2025/9/3 18:44,13442,11866205
-1,random-32-32-20.map,random-32-32-20-random-1.scen,136,12400F,CBSDepthKNN,ASTAR-whoenig,1,NULL,NULL,3961,146.454,NULL,https://github.com/ssfc/libMultiRobotPlanning-isolated,2025/9/3 18:47,3432,3238408
-1,random-32-32-20.map,random-32-32-20-random-1.scen,137,12400F,CBSDepthKNN,ASTAR-whoenig,1,NULL,NULL,3985,928.664,NULL,https://github.com/ssfc/libMultiRobotPlanning-isolated,2025/9/3 19:02,21781,17917427
-1,random-32-32-20.map,random-32-32-20-random-1.scen,138,12400F,CBSDepthKNN,ASTAR-whoenig,1,NULL,NULL,4026,738.779,NULL,https://github.com/ssfc/libMultiRobotPlanning-isolated,2025/9/3 19:15,17301,12101176
-1,random-32-32-20.map,random-32-32-20-random-1.scen,139,12400F,CBSDepthKNN,ASTAR-whoenig,1,NULL,NULL,4152,237.548,NULL,https://github.com/ssfc/libMultiRobotPlanning-isolated,2025/9/3 19:19,5098,6373393
-1,random-32-32-20.map,random-32-32-20-random-1.scen,140,12400F,CBSDepthKNN,ASTAR-whoenig,1,NULL,NULL,4163,221.878,NULL,https://github.com/ssfc/libMultiRobotPlanning-isolated,2025/9/3 19:22,4801,5252204
-1,random-32-32-20.map,random-32-32-20-random-1.scen,141,12400F,CBSDepthKNN,ASTAR-whoenig,1,NULL,NULL,4193,545.886,NULL,https://github.com/ssfc/libMultiRobotPlanning-isolated,2025/9/3 19:31,12072,10113247
-1,random-32-32-20.map,random-32-32-20-random-1.scen,142,12400F,CBSDepthKNN,ASTAR-whoenig,1,NULL,NULL,4192,546.115,NULL,https://github.com/ssfc/libMultiRobotPlanning-isolated,2025/9/3 19:41,11956,9904264
-1,random-32-32-20.map,random-32-32-20-random-1.scen,143,12400F,CBSDepthKNN,ASTAR-whoenig,1,NULL,NULL,4192,199.596,NULL,https://github.com/ssfc/libMultiRobotPlanning-isolated,2025/9/3 19:44,4223,4303398
-1,random-32-32-20.map,random-32-32-20-random-1.scen,144,12400F,CBSDepthKNN,ASTAR-whoenig,1,NULL,NULL,4249,232.146,NULL,https://github.com/ssfc/libMultiRobotPlanning-isolated,2025/9/3 19:48,4781,5332773
-1,random-32-32-20.map,random-32-32-20-random-1.scen,145,12400F,CBSDepthKNN,ASTAR-whoenig,1,NULL,NULL,4229,195.881,NULL,https://github.com/ssfc/libMultiRobotPlanning-isolated,2025/9/3 19:51,4031,4119504
-1,random-32-32-20.map,random-32-32-20-random-1.scen,146,12400F,CBSDepthKNN,ASTAR-whoenig,1,NULL,NULL,4289,236.544,NULL,https://github.com/ssfc/libMultiRobotPlanning-isolated,2025/9/3 19:55,4626,5276315
-1,random-32-32-20.map,random-32-32-20-random-1.scen,147,12400F,CBSDepthKNN,ASTAR-whoenig,1,NULL,NULL,4342,264.258,NULL,https://github.com/ssfc/libMultiRobotPlanning-isolated,2025/9/3 19:59,5146,6192757
-1,random-32-32-20.map,random-32-32-20-random-1.scen,148,12400F,CBSDepthKNN,ASTAR-whoenig,1,NULL,NULL,4447,307.391,NULL,https://github.com/ssfc/libMultiRobotPlanning-isolated,2025/9/3 20:05,5584,7359522
-1,random-32-32-20.map,random-32-32-20-random-1.scen,149,12400F,CBSDepthKNN,ASTAR-whoenig,1,NULL,NULL,4405,272.862,NULL,https://github.com/ssfc/libMultiRobotPlanning-isolated,2025/9/3 20:09,5071,5364111
-1,random-32-32-20.map,random-32-32-20-random-1.scen,150,12400F,CBSDepthKNN,ASTAR-whoenig,1,NULL,NULL,4438,250.247,NULL,https://github.com/ssfc/libMultiRobotPlanning-isolated,2025/9/3 20:13,4783,5095294
-1,random-32-32-20.map,random-32-32-20-random-1.scen,151,12400F,CBSDepthKNN,ASTAR-whoenig,1,NULL,NULL,4420,225.689,NULL,https://github.com/ssfc/libMultiRobotPlanning-isolated,2025/9/3 20:17,4268,4133925
-1,random-32-32-20.map,random-32-32-20-random-1.scen,152,12400F,CBSDepthKNN,ASTAR-whoenig,1,NULL,NULL,4504,270.228,NULL,https://github.com/ssfc/libMultiRobotPlanning-isolated,2025/9/3 20:22,4945,5305627
-1,random-32-32-20.map,random-32-32-20-random-1.scen,153,12400F,CBSDepthKNN,ASTAR-whoenig,1,NULL,NULL,4550,283.032,NULL,https://github.com/ssfc/libMultiRobotPlanning-isolated,2025/9/3 20:26,5077,5943213
-1,random-32-32-20.map,random-32-32-20-random-1.scen,154,12400F,CBSDepthKNN,ASTAR-whoenig,1,NULL,NULL,4603,303.549,NULL,https://github.com/ssfc/libMultiRobotPlanning-isolated,2025/9/3 20:31,5462,5700055
-1,random-32-32-20.map,random-32-32-20-random-1.scen,155,12400F,CBSDepthKNN,ASTAR-whoenig,1,NULL,NULL,4582,522.977,NULL,https://github.com/ssfc/libMultiRobotPlanning-isolated,2025/9/3 20:40,9362,9554965
-1,random-32-32-20.map,random-32-32-20-random-1.scen,156,12400F,CBSDepthKNN,ASTAR-whoenig,1,NULL,NULL,4750,721.855,NULL,https://github.com/ssfc/libMultiRobotPlanning-isolated,2025/9/3 20:52,12217,15330272
-1,random-32-32-20.map,random-32-32-20-random-1.scen,157,12400F,CBSDepthKNN,ASTAR-whoenig,1,NULL,NULL,4747,417.574,NULL,https://github.com/ssfc/libMultiRobotPlanning-isolated,2025/9/3 20:59,6865,9057735
-1,random-32-32-20.map,random-32-32-20-random-1.scen,158,12400F,CBSDepthKNN,ASTAR-whoenig,1,NULL,NULL,INF,1800.42,NULL,https://github.com/ssfc/libMultiRobotPlanning-isolated,2025/9/3 21:29,30071,33390362
-1,random-32-32-20.map,random-32-32-20-random-1.scen,159,12400F,CBSDepthKNN,ASTAR-whoenig,1,NULL,NULL,4753,389.602,NULL,https://github.com/ssfc/libMultiRobotPlanning-isolated,2025/9/3 21:36,6295,7593937
-1,random-32-32-20.map,random-32-32-20-random-1.scen,160,12400F,CBSDepthKNN,ASTAR-whoenig,1,NULL,NULL,4758,394.566,NULL,https://github.com/ssfc/libMultiRobotPlanning-isolated,2025/9/3 21:42,6297,7595948
-1,random-32-32-20.map,random-32-32-20-random-1.scen,161,12400F,CBSDepthKNN,ASTAR-whoenig,1,NULL,NULL,4776,403.229,NULL,https://github.com/ssfc/libMultiRobotPlanning-isolated,2025/9/3 21:49,6363,7769431
-1,random-32-32-20.map,random-32-32-20-random-1.scen,162,12400F,CBSDepthKNN,ASTAR-whoenig,1,NULL,NULL,4822,810.937,NULL,https://github.com/ssfc/libMultiRobotPlanning-isolated,2025/9/3 22:03,12529,15505249
-1,random-32-32-20.map,random-32-32-20-random-1.scen,163,12400F,CBSDepthKNN,ASTAR-whoenig,1,NULL,NULL,4746,368.962,NULL,https://github.com/ssfc/libMultiRobotPlanning-isolated,2025/9/3 22:09,5800,6881463
-1,random-32-32-20.map,random-32-32-20-random-1.scen,164,12400F,CBSDepthKNN,ASTAR-whoenig,1,NULL,NULL,4860,460.163,NULL,https://github.com/ssfc/libMultiRobotPlanning-isolated,2025/9/3 22:16,7076,8893405
-1,random-32-32-20.map,random-32-32-20-random-1.scen,165,12400F,CBSDepthKNN,ASTAR-whoenig,1,NULL,NULL,4871,890.107,NULL,https://github.com/ssfc/libMultiRobotPlanning-isolated,2025/9/3 22:31,13737,16597529
-1,random-32-32-20.map,random-32-32-20-random-1.scen,166,12400F,CBSDepthKNN,ASTAR-whoenig,1,NULL,NULL,4930,741.428,NULL,https://github.com/ssfc/libMultiRobotPlanning-isolated,2025/9/3 22:44,11513,12209728
-1,random-32-32-20.map,random-32-32-20-random-1.scen,167,12400F,CBSDepthKNN,ASTAR-whoenig,1,NULL,NULL,4890,432.317,NULL,https://github.com/ssfc/libMultiRobotPlanning-isolated,2025/9/3 22:51,6630,8573504
-1,random-32-32-20.map,random-32-32-20-random-1.scen,168,12400F,CBSDepthKNN,ASTAR-whoenig,1,NULL,NULL,4953,484.655,NULL,https://github.com/ssfc/libMultiRobotPlanning-isolated,2025/9/3 22:59,7248,9430291
-1,random-32-32-20.map,random-32-32-20-random-1.scen,169,12400F,CBSDepthKNN,ASTAR-whoenig,1,NULL,NULL,INF,1800.56,NULL,https://github.com/ssfc/libMultiRobotPlanning-isolated,2025/9/3 23:29,27831,28385168
-1,random-32-32-20.map,random-32-32-20-random-1.scen,170,12400F,CBSDepthKNN,ASTAR-whoenig,1,NULL,NULL,INF,1800.65,NULL,https://github.com/ssfc/libMultiRobotPlanning-isolated,2025/9/3 23:59,27571,26240636
-1,random-32-32-20.map,random-32-32-20-random-1.scen,171,12400F,CBSDepthKNN,ASTAR-whoenig,1,NULL,NULL,5058,993.898,NULL,https://github.com/ssfc/libMultiRobotPlanning-isolated,2025/9/4 0:16,14439,16755987
-1,random-32-32-20.map,random-32-32-20-random-1.scen,172,12400F,CBSDepthKNN,ASTAR-whoenig,1,NULL,NULL,4973,418.506,NULL,https://github.com/ssfc/libMultiRobotPlanning-isolated,2025/9/4 0:23,6127,6310971
-1,random-32-32-20.map,random-32-32-20-random-1.scen,173,12400F,CBSDepthKNN,ASTAR-whoenig,1,NULL,NULL,5108,969.586,NULL,https://github.com/ssfc/libMultiRobotPlanning-isolated,2025/9/4 0:39,13807,15417779
-1,random-32-32-20.map,random-32-32-20-random-1.scen,174,12400F,CBSDepthKNN,ASTAR-whoenig,1,NULL,NULL,5149,549.554,NULL,https://github.com/ssfc/libMultiRobotPlanning-isolated,2025/9/4 0:48,7737,9256628
-1,random-32-32-20.map,random-32-32-20-random-1.scen,175,12400F,CBSDepthKNN,ASTAR-whoenig,1,NULL,NULL,5081,912.584,NULL,https://github.com/ssfc/libMultiRobotPlanning-isolated,2025/9/4 1:03,12922,13567777
-1,random-32-32-20.map,random-32-32-20-random-1.scen,176,12400F,CBSDepthKNN,ASTAR-whoenig,1,NULL,NULL,5129,584.089,NULL,https://github.com/ssfc/libMultiRobotPlanning-isolated,2025/9/4 1:13,7810,9178500
-1,random-32-32-20.map,random-32-32-20-random-1.scen,177,12400F,CBSDepthKNN,ASTAR-whoenig,1,NULL,NULL,INF,1800.42,NULL,https://github.com/ssfc/libMultiRobotPlanning-isolated,2025/9/4 1:43,24401,25007718
-1,random-32-32-20.map,random-32-32-20-random-1.scen,178,12400F,CBSDepthKNN,ASTAR-whoenig,1,NULL,NULL,5262,670.164,NULL,https://github.com/ssfc/libMultiRobotPlanning-isolated,2025/9/4 1:54,8908,11462246
-1,random-32-32-20.map,random-32-32-20-random-1.scen,179,12400F,CBSDepthKNN,ASTAR-whoenig,1,NULL,NULL,INF,1800.71,NULL,https://github.com/ssfc/libMultiRobotPlanning-isolated,2025/9/4 2:24,24321,24443480
-1,random-32-32-20.map,random-32-32-20-random-1.scen,180,12400F,CBSDepthKNN,ASTAR-whoenig,1,NULL,NULL,INF,1800.28,NULL,https://github.com/ssfc/libMultiRobotPlanning-isolated,2025/9/4 2:55,24891,21872673
-1,random-32-32-20.map,random-32-32-20-random-1.scen,181,12400F,CBSDepthKNN,ASTAR-whoenig,1,NULL,NULL,INF,1800.68,NULL,https://github.com/ssfc/libMultiRobotPlanning-isolated,2025/9/4 3:25,24061,25176314
-1,random-32-32-20.map,random-32-32-20-random-1.scen,182,12400F,CBSDepthKNN,ASTAR-whoenig,1,NULL,NULL,5361,719.495,NULL,https://github.com/ssfc/libMultiRobotPlanning-isolated,2025/9/4 3:37,9210,11226894
-1,random-32-32-20.map,random-32-32-20-random-1.scen,183,12400F,CBSDepthKNN,ASTAR-whoenig,1,NULL,NULL,INF,1800.08,NULL,https://github.com/ssfc/libMultiRobotPlanning-isolated,2025/9/4 4:07,23351,23106298
-1,random-32-32-20.map,random-32-32-20-random-1.scen,184,12400F,CBSDepthKNN,ASTAR-whoenig,1,NULL,NULL,5383,1380.71,NULL,https://github.com/ssfc/libMultiRobotPlanning-isolated,2025/9/4 4:30,17259,20718764
-1,random-32-32-20.map,random-32-32-20-random-1.scen,185,12400F,CBSDepthKNN,ASTAR-whoenig,1,NULL,NULL,INF,1800.23,NULL,https://github.com/ssfc/libMultiRobotPlanning-isolated,2025/9/4 5:00,22481,25180375
-1,random-32-32-20.map,random-32-32-20-random-1.scen,186,12400F,CBSDepthKNN,ASTAR-whoenig,1,NULL,NULL,INF,1800.56,NULL,https://github.com/ssfc/libMultiRobotPlanning-isolated,2025/9/4 5:30,22581,23934893
-1,random-32-32-20.map,random-32-32-20-random-1.scen,187,12400F,CBSDepthKNN,ASTAR-whoenig,1,NULL,NULL,INF,1800.77,NULL,https://github.com/ssfc/libMultiRobotPlanning-isolated,2025/9/4 6:00,21671,25747394
-1,random-32-32-20.map,random-32-32-20-random-1.scen,188,12400F,CBSDepthKNN,ASTAR-whoenig,1,NULL,NULL,INF,1800.71,NULL,https://github.com/ssfc/libMultiRobotPlanning-isolated,2025/9/4 6:30,22021,23363570
-1,random-32-32-20.map,random-32-32-20-random-1.scen,189,12400F,CBSDepthKNN,ASTAR-whoenig,1,NULL,NULL,INF,1800.57,NULL,https://github.com/ssfc/libMultiRobotPlanning-isolated,2025/9/4 7:00,22101,23441745
-1,random-32-32-20.map,random-32-32-20-random-1.scen,190,12400F,CBSDepthKNN,ASTAR-whoenig,1,NULL,NULL,INF,1800.59,NULL,https://github.com/ssfc/libMultiRobotPlanning-isolated,2025/9/4 7:30,21341,23518962
-1,random-32-32-20.map,random-32-32-20-random-1.scen,191,12400F,CBSDepthKNN,ASTAR-whoenig,1,NULL,NULL,INF,1800.51,NULL,https://github.com/ssfc/libMultiRobotPlanning-isolated,2025/9/4 8:00,21651,22156649
-1,random-32-32-20.map,random-32-32-20-random-1.scen,192,12400F,CBSDepthKNN,ASTAR-whoenig,1,NULL,NULL,INF,1800.56,NULL,https://github.com/ssfc/libMultiRobotPlanning-isolated,2025/9/4 8:30,21551,20909397
-1,random-32-32-20.map,random-32-32-20-random-1.scen,1,12400F,CBSDepthIncrementalUpdateOrder,ASTAR-whoenig,1,NULL,NULL,38,0.004693,NULL,https://github.com/ssfc/libMultiRobotPlanning-isolated,2025-09-04 10:30:05,1,168
-1,random-32-32-20.map,random-32-32-20-random-1.scen,2,12400F,CBSDepthIncrementalUpdateOrder,ASTAR-whoenig,1,NULL,NULL,52,0.00236,NULL,https://github.com/ssfc/libMultiRobotPlanning-isolated,2025-09-04 10:30:05,1,210
-1,random-32-32-20.map,random-32-32-20-random-1.scen,3,12400F,CBSDepthIncrementalUpdateOrder,ASTAR-whoenig,1,NULL,NULL,83,0.006624,NULL,https://github.com/ssfc/libMultiRobotPlanning-isolated,2025-09-04 10:30:05,1,518
-1,random-32-32-20.map,random-32-32-20-random-1.scen,4,12400F,CBSDepthIncrementalUpdateOrder,ASTAR-whoenig,1,NULL,NULL,105,0.009926,NULL,https://github.com/ssfc/libMultiRobotPlanning-isolated,2025-09-04 10:30:05,1,579
-1,random-32-32-20.map,random-32-32-20-random-1.scen,5,12400F,CBSDepthIncrementalUpdateOrder,ASTAR-whoenig,1,NULL,NULL,138,0.009127,NULL,https://github.com/ssfc/libMultiRobotPlanning-isolated,2025-09-04 10:30:05,1,692
-1,random-32-32-20.map,random-32-32-20-random-1.scen,6,12400F,CBSDepthIncrementalUpdateOrder,ASTAR-whoenig,1,NULL,NULL,164,0.008135,NULL,https://github.com/ssfc/libMultiRobotPlanning-isolated,2025-09-04 10:30:05,1,779
-1,random-32-32-20.map,random-32-32-20-random-1.scen,7,12400F,CBSDepthIncrementalUpdateOrder,ASTAR-whoenig,1,NULL,NULL,181,0.007127,NULL,https://github.com/ssfc/libMultiRobotPlanning-isolated,2025-09-04 10:30:05,1,814
-1,random-32-32-20.map,random-32-32-20-random-1.scen,8,12400F,CBSDepthIncrementalUpdateOrder,ASTAR-whoenig,1,NULL,NULL,193,0.006915,NULL,https://github.com/ssfc/libMultiRobotPlanning-isolated,2025-09-04 10:30:05,2,881
-1,random-32-32-20.map,random-32-32-20-random-1.scen,9,12400F,CBSDepthIncrementalUpdateOrder,ASTAR-whoenig,1,NULL,NULL,199,0.007407,NULL,https://github.com/ssfc/libMultiRobotPlanning-isolated,2025-09-04 10:30:05,2,886
-1,random-32-32-20.map,random-32-32-20-random-1.scen,10,12400F,CBSDepthIncrementalUpdateOrder,ASTAR-whoenig,1,NULL,NULL,216,0.006966,NULL,https://github.com/ssfc/libMultiRobotPlanning-isolated,2025-09-04 10:30:05,2,903
-1,random-32-32-20.map,random-32-32-20-random-1.scen,11,12400F,CBSDepthIncrementalUpdateOrder,ASTAR-whoenig,1,NULL,NULL,240,0.013018,NULL,https://github.com/ssfc/libMultiRobotPlanning-isolated,2025-09-04 10:30:05,3,1118
-1,random-32-32-20.map,random-32-32-20-random-1.scen,12,12400F,CBSDepthIncrementalUpdateOrder,ASTAR-whoenig,1,NULL,NULL,265,0.014911,NULL,https://github.com/ssfc/libMultiRobotPlanning-isolated,2025-09-04 10:30:05,3,1158
-1,random-32-32-20.map,random-32-32-20-random-1.scen,13,12400F,CBSDepthIncrementalUpdateOrder,ASTAR-whoenig,1,NULL,NULL,282,0.018108,NULL,https://github.com/ssfc/libMultiRobotPlanning-isolated,2025-09-04 10:30:05,8,2142
-1,random-32-32-20.map,random-32-32-20-random-1.scen,14,12400F,CBSDepthIncrementalUpdateOrder,ASTAR-whoenig,1,NULL,NULL,332,0.018611,NULL,https://github.com/ssfc/libMultiRobotPlanning-isolated,2025-09-04 10:30:05,9,2454
-1,random-32-32-20.map,random-32-32-20-random-1.scen,15,12400F,CBSDepthIncrementalUpdateOrder,ASTAR-whoenig,1,NULL,NULL,357,0.019494,NULL,https://github.com/ssfc/libMultiRobotPlanning-isolated,2025-09-04 10:30:05,9,2500
-1,random-32-32-20.map,random-32-32-20-random-1.scen,16,12400F,CBSDepthIncrementalUpdateOrder,ASTAR-whoenig,1,NULL,NULL,397,0.024629,NULL,https://github.com/ssfc/libMultiRobotPlanning-isolated,2025-09-04 10:30:05,10,3300
-1,random-32-32-20.map,random-32-32-20-random-1.scen,17,12400F,CBSDepthIncrementalUpdateOrder,ASTAR-whoenig,1,NULL,NULL,417,0.023287,NULL,https://github.com/ssfc/libMultiRobotPlanning-isolated,2025-09-04 10:30:05,10,3320
-1,random-32-32-20.map,random-32-32-20-random-1.scen,18,12400F,CBSDepthIncrementalUpdateOrder,ASTAR-whoenig,1,NULL,NULL,426,0.023306,NULL,https://github.com/ssfc/libMultiRobotPlanning-isolated,2025-09-04 10:30:05,10,3328
-1,random-32-32-20.map,random-32-32-20-random-1.scen,19,12400F,CBSDepthIncrementalUpdateOrder,ASTAR-whoenig,1,NULL,NULL,440,0.023578,NULL,https://github.com/ssfc/libMultiRobotPlanning-isolated,2025-09-04 10:30:05,10,3346
-1,random-32-32-20.map,random-32-32-20-random-1.scen,20,12400F,CBSDepthIncrementalUpdateOrder,ASTAR-whoenig,1,NULL,NULL,450,0.023951,NULL,https://github.com/ssfc/libMultiRobotPlanning-isolated,2025-09-04 10:30:05,10,3355
-1,random-32-32-20.map,random-32-32-20-random-1.scen,21,12400F,CBSDepthIncrementalUpdateOrder,ASTAR-whoenig,1,NULL,NULL,483,0.025718,NULL,https://github.com/ssfc/libMultiRobotPlanning-isolated,2025-09-04 10:30:05,10,3421
-1,random-32-32-20.map,random-32-32-20-random-1.scen,22,12400F,CBSDepthIncrementalUpdateOrder,ASTAR-whoenig,1,NULL,NULL,495,0.027152,NULL,https://github.com/ssfc/libMultiRobotPlanning-isolated,2025-09-04 10:30:05,13,3517
-1,random-32-32-20.map,random-32-32-20-random-1.scen,23,12400F,CBSDepthIncrementalUpdateOrder,ASTAR-whoenig,1,NULL,NULL,511,0.027519,NULL,https://github.com/ssfc/libMultiRobotPlanning-isolated,2025-09-04 10:30:05,14,3420
-1,random-32-32-20.map,random-32-32-20-random-1.scen,24,12400F,CBSDepthIncrementalUpdateOrder,ASTAR-whoenig,1,NULL,NULL,560,0.02998,NULL,https://github.com/ssfc/libMultiRobotPlanning-isolated,2025-09-04 10:30:05,15,3666
-1,random-32-32-20.map,random-32-32-20-random-1.scen,25,12400F,CBSDepthIncrementalUpdateOrder,ASTAR-whoenig,1,NULL,NULL,576,0.031758,NULL,https://github.com/ssfc/libMultiRobotPlanning-isolated,2025-09-04 10:30:05,15,3733
-1,random-32-32-20.map,random-32-32-20-random-1.scen,26,12400F,CBSDepthIncrementalUpdateOrder,ASTAR-whoenig,1,NULL,NULL,611,0.034151,NULL,https://github.com/ssfc/libMultiRobotPlanning-isolated,2025-09-04 10:30:06,15,4004
-1,random-32-32-20.map,random-32-32-20-random-1.scen,27,12400F,CBSDepthIncrementalUpdateOrder,ASTAR-whoenig,1,NULL,NULL,646,0.054666,NULL,https://github.com/ssfc/libMultiRobotPlanning-isolated,2025-09-04 10:30:06,20,6866
-1,random-32-32-20.map,random-32-32-20-random-1.scen,28,12400F,CBSDepthIncrementalUpdateOrder,ASTAR-whoenig,1,NULL,NULL,654,0.054678,NULL,https://github.com/ssfc/libMultiRobotPlanning-isolated,2025-09-04 10:30:06,20,6873
-1,random-32-32-20.map,random-32-32-20-random-1.scen,29,12400F,CBSDepthIncrementalUpdateOrder,ASTAR-whoenig,1,NULL,NULL,662,0.055575,NULL,https://github.com/ssfc/libMultiRobotPlanning-isolated,2025-09-04 10:30:06,20,6883
-1,random-32-32-20.map,random-32-32-20-random-1.scen,30,12400F,CBSDepthIncrementalUpdateOrder,ASTAR-whoenig,1,NULL,NULL,695,0.070013,NULL,https://github.com/ssfc/libMultiRobotPlanning-isolated,2025-09-04 10:30:06,24,8295
-1,random-32-32-20.map,random-32-32-20-random-1.scen,31,12400F,CBSDepthIncrementalUpdateOrder,ASTAR-whoenig,1,NULL,NULL,716,0.076722,NULL,https://github.com/ssfc/libMultiRobotPlanning-isolated,2025-09-04 10:30:06,26,9364
-1,random-32-32-20.map,random-32-32-20-random-1.scen,32,12400F,CBSDepthIncrementalUpdateOrder,ASTAR-whoenig,1,NULL,NULL,738,0.077215,NULL,https://github.com/ssfc/libMultiRobotPlanning-isolated,2025-09-04 10:30:06,26,9385
-1,random-32-32-20.map,random-32-32-20-random-1.scen,33,12400F,CBSDepthIncrementalUpdateOrder,ASTAR-whoenig,1,NULL,NULL,748,0.079049,NULL,https://github.com/ssfc/libMultiRobotPlanning-isolated,2025-09-04 10:30:06,26,9394
-1,random-32-32-20.map,random-32-32-20-random-1.scen,34,12400F,CBSDepthIncrementalUpdateOrder,ASTAR-whoenig,1,NULL,NULL,776,0.080471,NULL,https://github.com/ssfc/libMultiRobotPlanning-isolated,2025-09-04 10:30:06,26,9421
-1,random-32-32-20.map,random-32-32-20-random-1.scen,35,12400F,CBSDepthIncrementalUpdateOrder,ASTAR-whoenig,1,NULL,NULL,804,0.081594,NULL,https://github.com/ssfc/libMultiRobotPlanning-isolated,2025-09-04 10:30:06,26,9448
-1,random-32-32-20.map,random-32-32-20-random-1.scen,36,12400F,CBSDepthIncrementalUpdateOrder,ASTAR-whoenig,1,NULL,NULL,846,0.088695,NULL,https://github.com/ssfc/libMultiRobotPlanning-isolated,2025-09-04 10:30:06,27,10351
-1,random-32-32-20.map,random-32-32-20-random-1.scen,37,12400F,CBSDepthIncrementalUpdateOrder,ASTAR-whoenig,1,NULL,NULL,854,0.089852,NULL,https://github.com/ssfc/libMultiRobotPlanning-isolated,2025-09-04 10:30:06,27,10358
-1,random-32-32-20.map,random-32-32-20-random-1.scen,38,12400F,CBSDepthIncrementalUpdateOrder,ASTAR-whoenig,1,NULL,NULL,865,0.09278,NULL,https://github.com/ssfc/libMultiRobotPlanning-isolated,2025-09-04 10:30:06,28,10417
-1,random-32-32-20.map,random-32-32-20-random-1.scen,39,12400F,CBSDepthIncrementalUpdateOrder,ASTAR-whoenig,1,NULL,NULL,893,0.141409,NULL,https://github.com/ssfc/libMultiRobotPlanning-isolated,2025-09-04 10:30:07,55,14173
-1,random-32-32-20.map,random-32-32-20-random-1.scen,40,12400F,CBSDepthIncrementalUpdateOrder,ASTAR-whoenig,1,NULL,NULL,914,0.124224,NULL,https://github.com/ssfc/libMultiRobotPlanning-isolated,2025-09-04 10:30:07,41,12324
-1,random-32-32-20.map,random-32-32-20-random-1.scen,41,12400F,CBSDepthIncrementalUpdateOrder,ASTAR-whoenig,1,NULL,NULL,934,0.126576,NULL,https://github.com/ssfc/libMultiRobotPlanning-isolated,2025-09-04 10:30:07,41,12357
-1,random-32-32-20.map,random-32-32-20-random-1.scen,42,12400F,CBSDepthIncrementalUpdateOrder,ASTAR-whoenig,1,NULL,NULL,946,0.128665,NULL,https://github.com/ssfc/libMultiRobotPlanning-isolated,2025-09-04 10:30:07,41,12375
-1,random-32-32-20.map,random-32-32-20-random-1.scen,43,12400F,CBSDepthIncrementalUpdateOrder,ASTAR-whoenig,1,NULL,NULL,987,0.134704,NULL,https://github.com/ssfc/libMultiRobotPlanning-isolated,2025-09-04 10:30:07,42,12821
-1,random-32-32-20.map,random-32-32-20-random-1.scen,44,12400F,CBSDepthIncrementalUpdateOrder,ASTAR-whoenig,1,NULL,NULL,1028,0.161855,NULL,https://github.com/ssfc/libMultiRobotPlanning-isolated,2025-09-04 10:30:07,48,15470
-1,random-32-32-20.map,random-32-32-20-random-1.scen,45,12400F,CBSDepthIncrementalUpdateOrder,ASTAR-whoenig,1,NULL,NULL,1066,0.165854,NULL,https://github.com/ssfc/libMultiRobotPlanning-isolated,2025-09-04 10:30:07,48,15558
-1,random-32-32-20.map,random-32-32-20-random-1.scen,46,12400F,CBSDepthIncrementalUpdateOrder,ASTAR-whoenig,1,NULL,NULL,1100,0.182697,NULL,https://github.com/ssfc/libMultiRobotPlanning-isolated,2025-09-04 10:30:08,51,17087
-1,random-32-32-20.map,random-32-32-20-random-1.scen,47,12400F,CBSDepthIncrementalUpdateOrder,ASTAR-whoenig,1,NULL,NULL,1131,0.18945,NULL,https://github.com/ssfc/libMultiRobotPlanning-isolated,2025-09-04 10:30:08,52,17494
-1,random-32-32-20.map,random-32-32-20-random-1.scen,48,12400F,CBSDepthIncrementalUpdateOrder,ASTAR-whoenig,1,NULL,NULL,1175,0.326669,NULL,https://github.com/ssfc/libMultiRobotPlanning-isolated,2025-09-04 10:30:08,98,29688
-1,random-32-32-20.map,random-32-32-20-random-1.scen,49,12400F,CBSDepthIncrementalUpdateOrder,ASTAR-whoenig,1,NULL,NULL,1191,0.336386,NULL,https://github.com/ssfc/libMultiRobotPlanning-isolated,2025-09-04 10:30:08,99,29947
-1,random-32-32-20.map,random-32-32-20-random-1.scen,50,12400F,CBSDepthIncrementalUpdateOrder,ASTAR-whoenig,1,NULL,NULL,1224,0.397315,NULL,https://github.com/ssfc/libMultiRobotPlanning-isolated,2025-09-04 10:30:09,115,34559
-1,random-32-32-20.map,random-32-32-20-random-1.scen,51,12400F,CBSDepthIncrementalUpdateOrder,ASTAR-whoenig,1,NULL,NULL,1260,0.412105,NULL,https://github.com/ssfc/libMultiRobotPlanning-isolated,2025-09-04 10:30:09,118,34682
-1,random-32-32-20.map,random-32-32-20-random-1.scen,52,12400F,CBSDepthIncrementalUpdateOrder,ASTAR-whoenig,1,NULL,NULL,1278,0.420511,NULL,https://github.com/ssfc/libMultiRobotPlanning-isolated,2025-09-04 10:30:10,118,34699
-1,random-32-32-20.map,random-32-32-20-random-1.scen,53,12400F,CBSDepthIncrementalUpdateOrder,ASTAR-whoenig,1,NULL,NULL,1298,0.432647,NULL,https://github.com/ssfc/libMultiRobotPlanning-isolated,2025-09-04 10:30:10,120,34845
-1,random-32-32-20.map,random-32-32-20-random-1.scen,54,12400F,CBSDepthIncrementalUpdateOrder,ASTAR-whoenig,1,NULL,NULL,1324,0.498187,NULL,https://github.com/ssfc/libMultiRobotPlanning-isolated,2025-09-04 10:30:11,133,42389
-1,random-32-32-20.map,random-32-32-20-random-1.scen,55,12400F,CBSDepthIncrementalUpdateOrder,ASTAR-whoenig,1,NULL,NULL,1338,0.484134,NULL,https://github.com/ssfc/libMultiRobotPlanning-isolated,2025-09-04 10:30:11,130,39355
-1,random-32-32-20.map,random-32-32-20-random-1.scen,56,12400F,CBSDepthIncrementalUpdateOrder,ASTAR-whoenig,1,NULL,NULL,1378,0.496447,NULL,https://github.com/ssfc/libMultiRobotPlanning-isolated,2025-09-04 10:30:12,131,39858
-1,random-32-32-20.map,random-32-32-20-random-1.scen,57,12400F,CBSDepthIncrementalUpdateOrder,ASTAR-whoenig,1,NULL,NULL,1424,0.531279,NULL,https://github.com/ssfc/libMultiRobotPlanning-isolated,2025-09-04 10:30:12,137,41117
-1,random-32-32-20.map,random-32-32-20-random-1.scen,58,12400F,CBSDepthIncrementalUpdateOrder,ASTAR-whoenig,1,NULL,NULL,1468,0.714565,NULL,https://github.com/ssfc/libMultiRobotPlanning-isolated,2025-09-04 10:30:13,165,59874
-1,random-32-32-20.map,random-32-32-20-random-1.scen,59,12400F,CBSDepthIncrementalUpdateOrder,ASTAR-whoenig,1,NULL,NULL,1504,0.968388,NULL,https://github.com/ssfc/libMultiRobotPlanning-isolated,2025-09-04 10:30:14,192,90112
-1,random-32-32-20.map,random-32-32-20-random-1.scen,60,12400F,CBSDepthIncrementalUpdateOrder,ASTAR-whoenig,1,NULL,NULL,1546,1.25159,NULL,https://github.com/ssfc/libMultiRobotPlanning-isolated,2025-09-04 10:30:15,222,126511
-1,random-32-32-20.map,random-32-32-20-random-1.scen,61,12400F,CBSDepthIncrementalUpdateOrder,ASTAR-whoenig,1,NULL,NULL,1561,1.27279,NULL,https://github.com/ssfc/libMultiRobotPlanning-isolated,2025-09-04 10:30:16,222,126533
-1,random-32-32-20.map,random-32-32-20-random-1.scen,62,12400F,CBSDepthIncrementalUpdateOrder,ASTAR-whoenig,1,NULL,NULL,1593,1.18586,NULL,https://github.com/ssfc/libMultiRobotPlanning-isolated,2025-09-04 10:30:18,216,109825
-1,random-32-32-20.map,random-32-32-20-random-1.scen,63,12400F,CBSDepthIncrementalUpdateOrder,ASTAR-whoenig,1,NULL,NULL,1606,0.944791,NULL,https://github.com/ssfc/libMultiRobotPlanning-isolated,2025-09-04 10:30:19,187,78385
-1,random-32-32-20.map,random-32-32-20-random-1.scen,64,12400F,CBSDepthIncrementalUpdateOrder,ASTAR-whoenig,1,NULL,NULL,1626,0.977336,NULL,https://github.com/ssfc/libMultiRobotPlanning-isolated,2025-09-04 10:30:20,195,79165
-1,random-32-32-20.map,random-32-32-20-random-1.scen,65,12400F,CBSDepthIncrementalUpdateOrder,ASTAR-whoenig,1,NULL,NULL,1649,1.03265,NULL,https://github.com/ssfc/libMultiRobotPlanning-isolated,2025-09-04 10:30:21,206,79647
-1,random-32-32-20.map,random-32-32-20-random-1.scen,66,12400F,CBSDepthIncrementalUpdateOrder,ASTAR-whoenig,1,NULL,NULL,1684,1.05014,NULL,https://github.com/ssfc/libMultiRobotPlanning-isolated,2025-09-04 10:30:22,206,79691
-1,random-32-32-20.map,random-32-32-20-random-1.scen,67,12400F,CBSDepthIncrementalUpdateOrder,ASTAR-whoenig,1,NULL,NULL,1707,1.06831,NULL,https://github.com/ssfc/libMultiRobotPlanning-isolated,2025-09-04 10:30:23,206,79713
-1,random-32-32-20.map,random-32-32-20-random-1.scen,68,12400F,CBSDepthIncrementalUpdateOrder,ASTAR-whoenig,1,NULL,NULL,1747,1.10379,NULL,https://github.com/ssfc/libMultiRobotPlanning-isolated,2025-09-04 10:30:24,210,80570
-1,random-32-32-20.map,random-32-32-20-random-1.scen,69,12400F,CBSDepthIncrementalUpdateOrder,ASTAR-whoenig,1,NULL,NULL,1759,1.11648,NULL,https://github.com/ssfc/libMultiRobotPlanning-isolated,2025-09-04 10:30:25,210,80589
-1,random-32-32-20.map,random-32-32-20-random-1.scen,70,12400F,CBSDepthIncrementalUpdateOrder,ASTAR-whoenig,1,NULL,NULL,1814,1.64617,NULL,https://github.com/ssfc/libMultiRobotPlanning-isolated,2025-09-04 10:30:27,270,132296
-1,random-32-32-20.map,random-32-32-20-random-1.scen,71,12400F,CBSDepthIncrementalUpdateOrder,ASTAR-whoenig,1,NULL,NULL,1842,1.44821,NULL,https://github.com/ssfc/libMultiRobotPlanning-isolated,2025-09-04 10:30:28,264,101738
-1,random-32-32-20.map,random-32-32-20-random-1.scen,72,12400F,CBSDepthIncrementalUpdateOrder,ASTAR-whoenig,1,NULL,NULL,1871,1.13847,NULL,https://github.com/ssfc/libMultiRobotPlanning-isolated,2025-09-04 10:30:29,224,74946
-1,random-32-32-20.map,random-32-32-20-random-1.scen,73,12400F,CBSDepthIncrementalUpdateOrder,ASTAR-whoenig,1,NULL,NULL,1889,1.15215,NULL,https://github.com/ssfc/libMultiRobotPlanning-isolated,2025-09-04 10:30:30,224,74968
-1,random-32-32-20.map,random-32-32-20-random-1.scen,74,12400F,CBSDepthIncrementalUpdateOrder,ASTAR-whoenig,1,NULL,NULL,1903,1.17387,NULL,https://github.com/ssfc/libMultiRobotPlanning-isolated,2025-09-04 10:30:32,224,74983
-1,random-32-32-20.map,random-32-32-20-random-1.scen,75,12400F,CBSDepthIncrementalUpdateOrder,ASTAR-whoenig,1,NULL,NULL,1929,1.15741,NULL,https://github.com/ssfc/libMultiRobotPlanning-isolated,2025-09-04 10:30:33,217,69582
-1,random-32-32-20.map,random-32-32-20-random-1.scen,76,12400F,CBSDepthIncrementalUpdateOrder,ASTAR-whoenig,1,NULL,NULL,1949,1.29926,NULL,https://github.com/ssfc/libMultiRobotPlanning-isolated,2025-09-04 10:30:34,231,82647
-1,random-32-32-20.map,random-32-32-20-random-1.scen,77,12400F,CBSDepthIncrementalUpdateOrder,ASTAR-whoenig,1,NULL,NULL,1966,1.33807,NULL,https://github.com/ssfc/libMultiRobotPlanning-isolated,2025-09-04 10:30:36,234,83564
-1,random-32-32-20.map,random-32-32-20-random-1.scen,78,12400F,CBSDepthIncrementalUpdateOrder,ASTAR-whoenig,1,NULL,NULL,1991,1.36936,NULL,https://github.com/ssfc/libMultiRobotPlanning-isolated,2025-09-04 10:30:37,236,85040
-1,random-32-32-20.map,random-32-32-20-random-1.scen,79,12400F,CBSDepthIncrementalUpdateOrder,ASTAR-whoenig,1,NULL,NULL,2004,1.39105,NULL,https://github.com/ssfc/libMultiRobotPlanning-isolated,2025-09-04 10:30:38,236,85065
-1,random-32-32-20.map,random-32-32-20-random-1.scen,80,12400F,CBSDepthIncrementalUpdateOrder,ASTAR-whoenig,1,NULL,NULL,2051,1.4591,NULL,https://github.com/ssfc/libMultiRobotPlanning-isolated,2025-09-04 10:30:40,243,80152
-1,random-32-32-20.map,random-32-32-20-random-1.scen,81,12400F,CBSDepthIncrementalUpdateOrder,ASTAR-whoenig,1,NULL,NULL,2076,1.49278,NULL,https://github.com/ssfc/libMultiRobotPlanning-isolated,2025-09-04 10:30:41,246,80418
-1,random-32-32-20.map,random-32-32-20-random-1.scen,82,12400F,CBSDepthIncrementalUpdateOrder,ASTAR-whoenig,1,NULL,NULL,2098,1.51413,NULL,https://github.com/ssfc/libMultiRobotPlanning-isolated,2025-09-04 10:30:43,246,80439
-1,random-32-32-20.map,random-32-32-20-random-1.scen,83,12400F,CBSDepthIncrementalUpdateOrder,ASTAR-whoenig,1,NULL,NULL,2105,1.3412,NULL,https://github.com/ssfc/libMultiRobotPlanning-isolated,2025-09-04 10:30:44,225,68375
-1,random-32-32-20.map,random-32-32-20-random-1.scen,84,12400F,CBSDepthIncrementalUpdateOrder,ASTAR-whoenig,1,NULL,NULL,2148,1.53472,NULL,https://github.com/ssfc/libMultiRobotPlanning-isolated,2025-09-04 10:30:46,243,80336
-1,random-32-32-20.map,random-32-32-20-random-1.scen,85,12400F,CBSDepthIncrementalUpdateOrder,ASTAR-whoenig,1,NULL,NULL,2188,1.56544,NULL,https://github.com/ssfc/libMultiRobotPlanning-isolated,2025-09-04 10:30:47,244,81095
-1,random-32-32-20.map,random-32-32-20-random-1.scen,86,12400F,CBSDepthIncrementalUpdateOrder,ASTAR-whoenig,1,NULL,NULL,2215,1.59126,NULL,https://github.com/ssfc/libMultiRobotPlanning-isolated,2025-09-04 10:30:49,250,81482
-1,random-32-32-20.map,random-32-32-20-random-1.scen,87,12400F,CBSDepthIncrementalUpdateOrder,ASTAR-whoenig,1,NULL,NULL,2253,1.85575,NULL,https://github.com/ssfc/libMultiRobotPlanning-isolated,2025-09-04 10:30:51,277,102530
-1,random-32-32-20.map,random-32-32-20-random-1.scen,88,12400F,CBSDepthIncrementalUpdateOrder,ASTAR-whoenig,1,NULL,NULL,2276,1.8989,NULL,https://github.com/ssfc/libMultiRobotPlanning-isolated,2025-09-04 10:30:53,275,102364
-1,random-32-32-20.map,random-32-32-20-random-1.scen,89,12400F,CBSDepthIncrementalUpdateOrder,ASTAR-whoenig,1,NULL,NULL,2299,1.8451,NULL,https://github.com/ssfc/libMultiRobotPlanning-isolated,2025-09-04 10:30:54,271,96635
-1,random-32-32-20.map,random-32-32-20-random-1.scen,90,12400F,CBSDepthIncrementalUpdateOrder,ASTAR-whoenig,1,NULL,NULL,2327,1.84853,NULL,https://github.com/ssfc/libMultiRobotPlanning-isolated,2025-09-04 10:30:56,276,92306
-1,random-32-32-20.map,random-32-32-20-random-1.scen,91,12400F,CBSDepthIncrementalUpdateOrder,ASTAR-whoenig,1,NULL,NULL,2343,1.87823,NULL,https://github.com/ssfc/libMultiRobotPlanning-isolated,2025-09-04 10:30:58,276,92343
-1,random-32-32-20.map,random-32-32-20-random-1.scen,92,12400F,CBSDepthIncrementalUpdateOrder,ASTAR-whoenig,1,NULL,NULL,2374,2.36075,NULL,https://github.com/ssfc/libMultiRobotPlanning-isolated,2025-09-04 10:31:01,333,118277
-1,random-32-32-20.map,random-32-32-20-random-1.scen,93,12400F,CBSDepthIncrementalUpdateOrder,ASTAR-whoenig,1,NULL,NULL,2411,1.92349,NULL,https://github.com/ssfc/libMultiRobotPlanning-isolated,2025-09-04 10:31:03,284,88297
-1,random-32-32-20.map,random-32-32-20-random-1.scen,94,12400F,CBSDepthIncrementalUpdateOrder,ASTAR-whoenig,1,NULL,NULL,2436,2.40485,NULL,https://github.com/ssfc/libMultiRobotPlanning-isolated,2025-09-04 10:31:05,334,113119
-1,random-32-32-20.map,random-32-32-20-random-1.scen,95,12400F,CBSDepthIncrementalUpdateOrder,ASTAR-whoenig,1,NULL,NULL,2461,2.45597,NULL,https://github.com/ssfc/libMultiRobotPlanning-isolated,2025-09-04 10:31:07,338,113810
-1,random-32-32-20.map,random-32-32-20-random-1.scen,96,12400F,CBSDepthIncrementalUpdateOrder,ASTAR-whoenig,1,NULL,NULL,2469,2.49189,NULL,https://github.com/ssfc/libMultiRobotPlanning-isolated,2025-09-04 10:31:10,338,113817
-1,random-32-32-20.map,random-32-32-20-random-1.scen,97,12400F,CBSDepthIncrementalUpdateOrder,ASTAR-whoenig,1,NULL,NULL,2498,2.57327,NULL,https://github.com/ssfc/libMultiRobotPlanning-isolated,2025-09-04 10:31:12,350,118009
-1,random-32-32-20.map,random-32-32-20-random-1.scen,98,12400F,CBSDepthIncrementalUpdateOrder,ASTAR-whoenig,1,NULL,NULL,2516,2.6094,NULL,https://github.com/ssfc/libMultiRobotPlanning-isolated,2025-09-04 10:31:15,351,118121
-1,random-32-32-20.map,random-32-32-20-random-1.scen,99,12400F,CBSDepthIncrementalUpdateOrder,ASTAR-whoenig,1,NULL,NULL,2544,2.6427,NULL,https://github.com/ssfc/libMultiRobotPlanning-isolated,2025-09-04 10:31:18,351,118155
-1,random-32-32-20.map,random-32-32-20-random-1.scen,100,12400F,CBSDepthIncrementalUpdateOrder,ASTAR-whoenig,1,NULL,NULL,2553,2.68532,NULL,https://github.com/ssfc/libMultiRobotPlanning-isolated,2025-09-04 10:31:20,351,118163
-1,random-32-32-20.map,random-32-32-20-random-1.scen,101,12400F,CBSDepthIncrementalUpdateOrder,ASTAR-whoenig,1,NULL,NULL,2611,3.21759,NULL,https://github.com/ssfc/libMultiRobotPlanning-isolated,2025-09-04 10:31:24,404,136289
-1,random-32-32-20.map,random-32-32-20-random-1.scen,102,12400F,CBSDepthIncrementalUpdateOrder,ASTAR-whoenig,1,NULL,NULL,2658,3.33181,NULL,https://github.com/ssfc/libMultiRobotPlanning-isolated,2025-09-04 10:31:27,414,137392
-1,random-32-32-20.map,random-32-32-20-random-1.scen,103,12400F,CBSDepthIncrementalUpdateOrder,ASTAR-whoenig,1,NULL,NULL,2668,3.37127,NULL,https://github.com/ssfc/libMultiRobotPlanning-isolated,2025-09-04 10:31:30,414,137401
-1,random-32-32-20.map,random-32-32-20-random-1.scen,104,12400F,CBSDepthIncrementalUpdateOrder,ASTAR-whoenig,1,NULL,NULL,2700,3.64096,NULL,https://github.com/ssfc/libMultiRobotPlanning-isolated,2025-09-04 10:31:34,433,145775
-1,random-32-32-20.map,random-32-32-20-random-1.scen,105,12400F,CBSDepthIncrementalUpdateOrder,ASTAR-whoenig,1,NULL,NULL,2721,3.93434,NULL,https://github.com/ssfc/libMultiRobotPlanning-isolated,2025-09-04 10:31:38,459,167227
-1,random-32-32-20.map,random-32-32-20-random-1.scen,106,12400F,CBSDepthIncrementalUpdateOrder,ASTAR-whoenig,1,NULL,NULL,2758,3.97316,NULL,https://github.com/ssfc/libMultiRobotPlanning-isolated,2025-09-04 10:31:42,459,167360
-1,random-32-32-20.map,random-32-32-20-random-1.scen,107,12400F,CBSDepthIncrementalUpdateOrder,ASTAR-whoenig,1,NULL,NULL,2786,4.1124,NULL,https://github.com/ssfc/libMultiRobotPlanning-isolated,2025-09-04 10:31:46,473,167795
-1,random-32-32-20.map,random-32-32-20-random-1.scen,108,12400F,CBSDepthIncrementalUpdateOrder,ASTAR-whoenig,1,NULL,NULL,2827,4.24105,NULL,https://github.com/ssfc/libMultiRobotPlanning-isolated,2025-09-04 10:31:50,480,170668
-1,random-32-32-20.map,random-32-32-20-random-1.scen,109,12400F,CBSDepthIncrementalUpdateOrder,ASTAR-whoenig,1,NULL,NULL,2848,3.98155,NULL,https://github.com/ssfc/libMultiRobotPlanning-isolated,2025-09-04 10:31:54,442,154500
-1,random-32-32-20.map,random-32-32-20-random-1.scen,110,12400F,CBSDepthIncrementalUpdateOrder,ASTAR-whoenig,1,NULL,NULL,2879,4.0739,NULL,https://github.com/ssfc/libMultiRobotPlanning-isolated,2025-09-04 10:31:58,451,151073
-1,random-32-32-20.map,random-32-32-20-random-1.scen,111,12400F,CBSDepthIncrementalUpdateOrder,ASTAR-whoenig,1,NULL,NULL,2906,4.13096,NULL,https://github.com/ssfc/libMultiRobotPlanning-isolated,2025-09-04 10:32:03,451,151254
-1,random-32-32-20.map,random-32-32-20-random-1.scen,112,12400F,CBSDepthIncrementalUpdateOrder,ASTAR-whoenig,1,NULL,NULL,2954,4.66876,NULL,https://github.com/ssfc/libMultiRobotPlanning-isolated,2025-09-04 10:32:07,485,176574
-1,random-32-32-20.map,random-32-32-20-random-1.scen,113,12400F,CBSDepthIncrementalUpdateOrder,ASTAR-whoenig,1,NULL,NULL,2981,4.72901,NULL,https://github.com/ssfc/libMultiRobotPlanning-isolated,2025-09-04 10:32:12,485,175089
-1,random-32-32-20.map,random-32-32-20-random-1.scen,114,12400F,CBSDepthIncrementalUpdateOrder,ASTAR-whoenig,1,NULL,NULL,3031,6.67217,NULL,https://github.com/ssfc/libMultiRobotPlanning-isolated,2025-09-04 10:32:19,636,267672
-1,random-32-32-20.map,random-32-32-20-random-1.scen,115,12400F,CBSDepthIncrementalUpdateOrder,ASTAR-whoenig,1,NULL,NULL,3077,7.37598,NULL,https://github.com/ssfc/libMultiRobotPlanning-isolated,2025-09-04 10:32:26,670,301372
-1,random-32-32-20.map,random-32-32-20-random-1.scen,116,12400F,CBSDepthIncrementalUpdateOrder,ASTAR-whoenig,1,NULL,NULL,3103,7.21916,NULL,https://github.com/ssfc/libMultiRobotPlanning-isolated,2025-09-04 10:32:33,656,284170
-1,random-32-32-20.map,random-32-32-20-random-1.scen,117,12400F,CBSDepthIncrementalUpdateOrder,ASTAR-whoenig,1,NULL,NULL,3121,7.32388,NULL,https://github.com/ssfc/libMultiRobotPlanning-isolated,2025-09-04 10:32:41,661,286223
-1,random-32-32-20.map,random-32-32-20-random-1.scen,118,12400F,CBSDepthIncrementalUpdateOrder,ASTAR-whoenig,1,NULL,NULL,3136,5.51551,NULL,https://github.com/ssfc/libMultiRobotPlanning-isolated,2025-09-04 10:32:46,532,200821
-1,random-32-32-20.map,random-32-32-20-random-1.scen,119,12400F,CBSDepthIncrementalUpdateOrder,ASTAR-whoenig,1,NULL,NULL,3178,5.59706,NULL,https://github.com/ssfc/libMultiRobotPlanning-isolated,2025-09-04 10:32:52,536,201450
-1,random-32-32-20.map,random-32-32-20-random-1.scen,120,12400F,CBSDepthIncrementalUpdateOrder,ASTAR-whoenig,1,NULL,NULL,3228,6.40213,NULL,https://github.com/ssfc/libMultiRobotPlanning-isolated,2025-09-04 10:32:58,612,225255
-1,random-32-32-20.map,random-32-32-20-random-1.scen,121,12400F,CBSDepthIncrementalUpdateOrder,ASTAR-whoenig,1,NULL,NULL,3241,6.54796,NULL,https://github.com/ssfc/libMultiRobotPlanning-isolated,2025-09-04 10:33:05,613,230380
-1,random-32-32-20.map,random-32-32-20-random-1.scen,122,12400F,CBSDepthIncrementalUpdateOrder,ASTAR-whoenig,1,NULL,NULL,3265,7.08278,NULL,https://github.com/ssfc/libMultiRobotPlanning-isolated,2025-09-04 10:33:12,650,265663
-1,random-32-32-20.map,random-32-32-20-random-1.scen,123,12400F,CBSDepthIncrementalUpdateOrder,ASTAR-whoenig,1,NULL,NULL,3299,7.42218,NULL,https://github.com/ssfc/libMultiRobotPlanning-isolated,2025-09-04 10:33:19,666,277196
-1,random-32-32-20.map,random-32-32-20-random-1.scen,124,12400F,CBSDepthIncrementalUpdateOrder,ASTAR-whoenig,1,NULL,NULL,3327,6.76998,NULL,https://github.com/ssfc/libMultiRobotPlanning-isolated,2025-09-04 10:33:26,625,229633
-1,random-32-32-20.map,random-32-32-20-random-1.scen,125,12400F,CBSDepthIncrementalUpdateOrder,ASTAR-whoenig,1,NULL,NULL,3360,6.81302,NULL,https://github.com/ssfc/libMultiRobotPlanning-isolated,2025-09-04 10:33:33,629,244475
-1,random-32-32-20.map,random-32-32-20-random-1.scen,126,12400F,CBSDepthIncrementalUpdateOrder,ASTAR-whoenig,1,NULL,NULL,3377,6.92081,NULL,https://github.com/ssfc/libMultiRobotPlanning-isolated,2025-09-04 10:33:40,632,245833
-1,random-32-32-20.map,random-32-32-20-random-1.scen,127,12400F,CBSDepthIncrementalUpdateOrder,ASTAR-whoenig,1,NULL,NULL,3397,6.99132,NULL,https://github.com/ssfc/libMultiRobotPlanning-isolated,2025-09-04 10:33:47,633,245990
-1,random-32-32-20.map,random-32-32-20-random-1.scen,128,12400F,CBSDepthIncrementalUpdateOrder,ASTAR-whoenig,1,NULL,NULL,3417,19.029,NULL,https://github.com/ssfc/libMultiRobotPlanning-isolated,2025-09-04 10:34:06,2812,652962
-1,random-32-32-20.map,random-32-32-20-random-1.scen,129,12400F,CBSDepthIncrementalUpdateOrder,ASTAR-whoenig,1,NULL,NULL,3476,21.6601,NULL,https://github.com/ssfc/libMultiRobotPlanning-isolated,2025-09-04 10:34:28,2972,785867
-1,random-32-32-20.map,random-32-32-20-random-1.scen,130,12400F,CBSDepthIncrementalUpdateOrder,ASTAR-whoenig,1,NULL,NULL,3488,21.9798,NULL,https://github.com/ssfc/libMultiRobotPlanning-isolated,2025-09-04 10:34:50,2989,769509
-1,random-32-32-20.map,random-32-32-20-random-1.scen,131,12400F,CBSDepthIncrementalUpdateOrder,ASTAR-whoenig,1,NULL,NULL,3530,25.5141,NULL,https://github.com/ssfc/libMultiRobotPlanning-isolated,2025-09-04 10:35:15,3219,888059
-1,random-32-32-20.map,random-32-32-20-random-1.scen,132,12400F,CBSDepthIncrementalUpdateOrder,ASTAR-whoenig,1,NULL,NULL,3510,34.3939,NULL,https://github.com/ssfc/libMultiRobotPlanning-isolated,2025-09-04 10:35:50,5428,1149208
-1,random-32-32-20.map,random-32-32-20-random-1.scen,133,12400F,CBSDepthIncrementalUpdateOrder,ASTAR-whoenig,1,NULL,NULL,3564,64.0478,NULL,https://github.com/ssfc/libMultiRobotPlanning-isolated,2025-09-04 10:36:54,10326,1968083
-1,random-32-32-20.map,random-32-32-20-random-1.scen,134,12400F,CBSDepthIncrementalUpdateOrder,ASTAR-whoenig,1,NULL,NULL,3571,63.5679,NULL,https://github.com/ssfc/libMultiRobotPlanning-isolated,2025-09-04 10:37:58,10398,2007100
-1,random-32-32-20.map,random-32-32-20-random-1.scen,135,12400F,CBSDepthIncrementalUpdateOrder,ASTAR-whoenig,1,NULL,NULL,3599,10.8957,NULL,https://github.com/ssfc/libMultiRobotPlanning-isolated,2025-09-04 10:38:09,862,343036
-1,random-32-32-20.map,random-32-32-20-random-1.scen,136,12400F,CBSDepthIncrementalUpdateOrder,ASTAR-whoenig,1,NULL,NULL,3664,11.2208,NULL,https://github.com/ssfc/libMultiRobotPlanning-isolated,2025-09-04 10:38:20,893,336602
-1,random-32-32-20.map,random-32-32-20-random-1.scen,137,12400F,CBSDepthIncrementalUpdateOrder,ASTAR-whoenig,1,NULL,NULL,3682,12.4722,NULL,https://github.com/ssfc/libMultiRobotPlanning-isolated,2025-09-04 10:38:33,961,402868
-1,random-32-32-20.map,random-32-32-20-random-1.scen,138,12400F,CBSDepthIncrementalUpdateOrder,ASTAR-whoenig,1,NULL,NULL,3719,12.666,NULL,https://github.com/ssfc/libMultiRobotPlanning-isolated,2025-09-04 10:38:46,952,446662
-1,random-32-32-20.map,random-32-32-20-random-1.scen,139,12400F,CBSDepthIncrementalUpdateOrder,ASTAR-whoenig,1,NULL,NULL,3728,12.7856,NULL,https://github.com/ssfc/libMultiRobotPlanning-isolated,2025-09-04 10:38:58,952,445116
-1,random-32-32-20.map,random-32-32-20-random-1.scen,140,12400F,CBSDepthIncrementalUpdateOrder,ASTAR-whoenig,1,NULL,NULL,3767,11.8682,NULL,https://github.com/ssfc/libMultiRobotPlanning-isolated,2025-09-04 10:39:10,898,404437
-1,random-32-32-20.map,random-32-32-20-random-1.scen,141,12400F,CBSDepthIncrementalUpdateOrder,ASTAR-whoenig,1,NULL,NULL,3832,14.1241,NULL,https://github.com/ssfc/libMultiRobotPlanning-isolated,2025-09-04 10:39:24,1039,456113
-1,random-32-32-20.map,random-32-32-20-random-1.scen,142,12400F,CBSDepthIncrementalUpdateOrder,ASTAR-whoenig,1,NULL,NULL,3836,14.2506,NULL,https://github.com/ssfc/libMultiRobotPlanning-isolated,2025-09-04 10:39:39,1038,455448
-1,random-32-32-20.map,random-32-32-20-random-1.scen,143,12400F,CBSDepthIncrementalUpdateOrder,ASTAR-whoenig,1,NULL,NULL,3880,17.8125,NULL,https://github.com/ssfc/libMultiRobotPlanning-isolated,2025-09-04 10:39:57,1238,630810
-1,random-32-32-20.map,random-32-32-20-random-1.scen,144,12400F,CBSDepthIncrementalUpdateOrder,ASTAR-whoenig,1,NULL,NULL,3858,13.9619,NULL,https://github.com/ssfc/libMultiRobotPlanning-isolated,2025-09-04 10:40:11,1077,447725
-1,random-32-32-20.map,random-32-32-20-random-1.scen,145,12400F,CBSDepthIncrementalUpdateOrder,ASTAR-whoenig,1,NULL,NULL,3900,15.142,NULL,https://github.com/ssfc/libMultiRobotPlanning-isolated,2025-09-04 10:40:26,1146,486366
-1,random-32-32-20.map,random-32-32-20-random-1.scen,146,12400F,CBSDepthIncrementalUpdateOrder,ASTAR-whoenig,1,NULL,NULL,3925,14.6749,NULL,https://github.com/ssfc/libMultiRobotPlanning-isolated,2025-09-04 10:40:40,1146,458641
-1,random-32-32-20.map,random-32-32-20-random-1.scen,147,12400F,CBSDepthIncrementalUpdateOrder,ASTAR-whoenig,1,NULL,NULL,3963,15.1751,NULL,https://github.com/ssfc/libMultiRobotPlanning-isolated,2025-09-04 10:40:56,1165,465691
-1,random-32-32-20.map,random-32-32-20-random-1.scen,148,12400F,CBSDepthIncrementalUpdateOrder,ASTAR-whoenig,1,NULL,NULL,4003,15.5883,NULL,https://github.com/ssfc/libMultiRobotPlanning-isolated,2025-09-04 10:41:11,1186,475182
-1,random-32-32-20.map,random-32-32-20-random-1.scen,149,12400F,CBSDepthIncrementalUpdateOrder,ASTAR-whoenig,1,NULL,NULL,4048,19.2689,NULL,https://github.com/ssfc/libMultiRobotPlanning-isolated,2025-09-04 10:41:31,1363,626176
-1,random-32-32-20.map,random-32-32-20-random-1.scen,150,12400F,CBSDepthIncrementalUpdateOrder,ASTAR-whoenig,1,NULL,NULL,4083,21.5239,NULL,https://github.com/ssfc/libMultiRobotPlanning-isolated,2025-09-04 10:41:52,1473,692588
-1,random-32-32-20.map,random-32-32-20-random-1.scen,151,12400F,CBSDepthIncrementalUpdateOrder,ASTAR-whoenig,1,NULL,NULL,4099,21.6549,NULL,https://github.com/ssfc/libMultiRobotPlanning-isolated,2025-09-04 10:42:14,1473,692603
-1,random-32-32-20.map,random-32-32-20-random-1.scen,152,12400F,CBSDepthIncrementalUpdateOrder,ASTAR-whoenig,1,NULL,NULL,4095,18.1035,NULL,https://github.com/ssfc/libMultiRobotPlanning-isolated,2025-09-04 10:42:32,1257,515461
-1,random-32-32-20.map,random-32-32-20-random-1.scen,153,12400F,CBSDepthIncrementalUpdateOrder,ASTAR-whoenig,1,NULL,NULL,4169,42.5344,NULL,https://github.com/ssfc/libMultiRobotPlanning-isolated,2025-09-04 10:43:15,4319,1284467
-1,random-32-32-20.map,random-32-32-20-random-1.scen,154,12400F,CBSDepthIncrementalUpdateOrder,ASTAR-whoenig,1,NULL,NULL,4170,36.4699,NULL,https://github.com/ssfc/libMultiRobotPlanning-isolated,2025-09-04 10:43:51,3917,1046096
-1,random-32-32-20.map,random-32-32-20-random-1.scen,155,12400F,CBSDepthIncrementalUpdateOrder,ASTAR-whoenig,1,NULL,NULL,4181,40.5853,NULL,https://github.com/ssfc/libMultiRobotPlanning-isolated,2025-09-04 10:44:32,4386,1079353
-1,random-32-32-20.map,random-32-32-20-random-1.scen,156,12400F,CBSDepthIncrementalUpdateOrder,ASTAR-whoenig,1,NULL,NULL,4227,41.5531,NULL,https://github.com/ssfc/libMultiRobotPlanning-isolated,2025-09-04 10:45:14,4416,1073168
-1,random-32-32-20.map,random-32-32-20-random-1.scen,157,12400F,CBSDepthIncrementalUpdateOrder,ASTAR-whoenig,1,NULL,NULL,4288,48.0945,NULL,https://github.com/ssfc/libMultiRobotPlanning-isolated,2025-09-04 10:46:02,4380,1548587
-1,random-32-32-20.map,random-32-32-20-random-1.scen,158,12400F,CBSDepthIncrementalUpdateOrder,ASTAR-whoenig,1,NULL,NULL,4296,46.2187,NULL,https://github.com/ssfc/libMultiRobotPlanning-isolated,2025-09-04 10:46:48,4297,1380368
-1,random-32-32-20.map,random-32-32-20-random-1.scen,159,12400F,CBSDepthIncrementalUpdateOrder,ASTAR-whoenig,1,NULL,NULL,4300,42.3778,NULL,https://github.com/ssfc/libMultiRobotPlanning-isolated,2025-09-04 10:47:31,4132,1120347
-1,random-32-32-20.map,random-32-32-20-random-1.scen,160,12400F,CBSDepthIncrementalUpdateOrder,ASTAR-whoenig,1,NULL,NULL,4299,42.8743,NULL,https://github.com/ssfc/libMultiRobotPlanning-isolated,2025-09-04 10:48:14,4144,1122903
-1,random-32-32-20.map,random-32-32-20-random-1.scen,161,12400F,CBSDepthIncrementalUpdateOrder,ASTAR-whoenig,1,NULL,NULL,4316,43.2515,NULL,https://github.com/ssfc/libMultiRobotPlanning-isolated,2025-09-04 10:48:57,4144,1122934
-1,random-32-32-20.map,random-32-32-20-random-1.scen,162,12400F,CBSDepthIncrementalUpdateOrder,ASTAR-whoenig,1,NULL,NULL,4326,43.6869,NULL,https://github.com/ssfc/libMultiRobotPlanning-isolated,2025-09-04 10:49:41,4147,1122119
-1,random-32-32-20.map,random-32-32-20-random-1.scen,163,12400F,CBSDepthIncrementalUpdateOrder,ASTAR-whoenig,1,NULL,NULL,4321,60.452,NULL,https://github.com/ssfc/libMultiRobotPlanning-isolated,2025-09-04 10:50:42,6855,1506572
-1,random-32-32-20.map,random-32-32-20-random-1.scen,164,12400F,CBSDepthIncrementalUpdateOrder,ASTAR-whoenig,1,NULL,NULL,4379,65.2493,NULL,https://github.com/ssfc/libMultiRobotPlanning-isolated,2025-09-04 10:51:47,6805,1792602
-1,random-32-32-20.map,random-32-32-20-random-1.scen,165,12400F,CBSDepthIncrementalUpdateOrder,ASTAR-whoenig,1,NULL,NULL,4389,21.5895,NULL,https://github.com/ssfc/libMultiRobotPlanning-isolated,2025-09-04 10:52:09,1256,584135
-1,random-32-32-20.map,random-32-32-20-random-1.scen,166,12400F,CBSDepthIncrementalUpdateOrder,ASTAR-whoenig,1,NULL,NULL,4405,21.8418,NULL,https://github.com/ssfc/libMultiRobotPlanning-isolated,2025-09-04 10:52:31,1262,584384
-1,random-32-32-20.map,random-32-32-20-random-1.scen,167,12400F,CBSDepthIncrementalUpdateOrder,ASTAR-whoenig,1,NULL,NULL,4440,24.0259,NULL,https://github.com/ssfc/libMultiRobotPlanning-isolated,2025-09-04 10:52:55,1407,657492
-1,random-32-32-20.map,random-32-32-20-random-1.scen,168,12400F,CBSDepthIncrementalUpdateOrder,ASTAR-whoenig,1,NULL,NULL,4453,24.2593,NULL,https://github.com/ssfc/libMultiRobotPlanning-isolated,2025-09-04 10:53:20,1409,658018
-1,random-32-32-20.map,random-32-32-20-random-1.scen,169,12400F,CBSDepthIncrementalUpdateOrder,ASTAR-whoenig,1,NULL,NULL,4483,24.1617,NULL,https://github.com/ssfc/libMultiRobotPlanning-isolated,2025-09-04 10:53:44,1387,605003
-1,random-32-32-20.map,random-32-32-20-random-1.scen,170,12400F,CBSDepthIncrementalUpdateOrder,ASTAR-whoenig,1,NULL,NULL,4533,28.7833,NULL,https://github.com/ssfc/libMultiRobotPlanning-isolated,2025-09-04 10:54:13,1585,770206
-1,random-32-32-20.map,random-32-32-20-random-1.scen,171,12400F,CBSDepthIncrementalUpdateOrder,ASTAR-whoenig,1,NULL,NULL,4549,27.6627,NULL,https://github.com/ssfc/libMultiRobotPlanning-isolated,2025-09-04 10:54:40,1723,652022
-1,random-32-32-20.map,random-32-32-20-random-1.scen,172,12400F,CBSDepthIncrementalUpdateOrder,ASTAR-whoenig,1,NULL,NULL,4600,41.4901,NULL,https://github.com/ssfc/libMultiRobotPlanning-isolated,2025-09-04 10:55:22,2238,1364150
-1,random-32-32-20.map,random-32-32-20-random-1.scen,173,12400F,CBSDepthIncrementalUpdateOrder,ASTAR-whoenig,1,NULL,NULL,4600,31.0511,NULL,https://github.com/ssfc/libMultiRobotPlanning-isolated,2025-09-04 10:55:53,1644,786128
-1,random-32-32-20.map,random-32-32-20-random-1.scen,174,12400F,CBSDepthIncrementalUpdateOrder,ASTAR-whoenig,1,NULL,NULL,4620,30.6863,NULL,https://github.com/ssfc/libMultiRobotPlanning-isolated,2025-09-04 10:56:24,1599,746167
-1,random-32-32-20.map,random-32-32-20-random-1.scen,175,12400F,CBSDepthIncrementalUpdateOrder,ASTAR-whoenig,1,NULL,NULL,4641,33.8376,NULL,https://github.com/ssfc/libMultiRobotPlanning-isolated,2025-09-04 10:56:58,1755,868591
-1,random-32-32-20.map,random-32-32-20-random-1.scen,176,12400F,CBSDepthIncrementalUpdateOrder,ASTAR-whoenig,1,NULL,NULL,4635,29.4362,NULL,https://github.com/ssfc/libMultiRobotPlanning-isolated,2025-09-04 10:57:28,1598,677750
-1,random-32-32-20.map,random-32-32-20-random-1.scen,177,12400F,CBSDepthIncrementalUpdateOrder,ASTAR-whoenig,1,NULL,NULL,4683,32.0221,NULL,https://github.com/ssfc/libMultiRobotPlanning-isolated,2025-09-04 10:58:00,1690,814252
-1,random-32-32-20.map,random-32-32-20-random-1.scen,178,12400F,CBSDepthIncrementalUpdateOrder,ASTAR-whoenig,1,NULL,NULL,4694,32.4076,NULL,https://github.com/ssfc/libMultiRobotPlanning-isolated,2025-09-04 10:58:32,1697,815197
-1,random-32-32-20.map,random-32-32-20-random-1.scen,179,12400F,CBSDepthIncrementalUpdateOrder,ASTAR-whoenig,1,NULL,NULL,4707,33.1176,NULL,https://github.com/ssfc/libMultiRobotPlanning-isolated,2025-09-04 10:59:05,1700,807055
-1,random-32-32-20.map,random-32-32-20-random-1.scen,180,12400F,CBSDepthIncrementalUpdateOrder,ASTAR-whoenig,1,NULL,NULL,4721,33.3686,NULL,https://github.com/ssfc/libMultiRobotPlanning-isolated,2025-09-04 10:59:39,1698,806697
-1,random-32-32-20.map,random-32-32-20-random-1.scen,181,12400F,CBSDepthIncrementalUpdateOrder,ASTAR-whoenig,1,NULL,NULL,4748,33.0018,NULL,https://github.com/ssfc/libMultiRobotPlanning-isolated,2025-09-04 11:00:12,1720,746426
-1,random-32-32-20.map,random-32-32-20-random-1.scen,182,12400F,CBSDepthIncrementalUpdateOrder,ASTAR-whoenig,1,NULL,NULL,4774,31.6706,NULL,https://github.com/ssfc/libMultiRobotPlanning-isolated,2025-09-04 11:00:44,1656,694512
-1,random-32-32-20.map,random-32-32-20-random-1.scen,183,12400F,CBSDepthIncrementalUpdateOrder,ASTAR-whoenig,1,NULL,NULL,4840,52.243,NULL,https://github.com/ssfc/libMultiRobotPlanning-isolated,2025-09-04 11:01:36,3679,1064637
-1,random-32-32-20.map,random-32-32-20-random-1.scen,184,12400F,CBSDepthIncrementalUpdateOrder,ASTAR-whoenig,1,NULL,NULL,4840,50.2391,NULL,https://github.com/ssfc/libMultiRobotPlanning-isolated,2025-09-04 11:02:27,3583,987483
-1,random-32-32-20.map,random-32-32-20-random-1.scen,185,12400F,CBSDepthIncrementalUpdateOrder,ASTAR-whoenig,1,NULL,NULL,4863,55.2112,NULL,https://github.com/ssfc/libMultiRobotPlanning-isolated,2025-09-04 11:03:22,3924,1138717
-1,random-32-32-20.map,random-32-32-20-random-1.scen,186,12400F,CBSDepthIncrementalUpdateOrder,ASTAR-whoenig,1,NULL,NULL,4849,51.6915,NULL,https://github.com/ssfc/libMultiRobotPlanning-isolated,2025-09-04 11:04:14,4042,1005015
-1,random-32-32-20.map,random-32-32-20-random-1.scen,187,12400F,CBSDepthIncrementalUpdateOrder,ASTAR-whoenig,1,NULL,NULL,4866,49.8482,NULL,https://github.com/ssfc/libMultiRobotPlanning-isolated,2025-09-04 11:05:04,3724,949966
-1,random-32-32-20.map,random-32-32-20-random-1.scen,188,12400F,CBSDepthIncrementalUpdateOrder,ASTAR-whoenig,1,NULL,NULL,4919,73.6895,NULL,https://github.com/ssfc/libMultiRobotPlanning-isolated,2025-09-04 11:06:18,5754,1531165
-1,random-32-32-20.map,random-32-32-20-random-1.scen,189,12400F,CBSDepthIncrementalUpdateOrder,ASTAR-whoenig,1,NULL,NULL,4916,40.9716,NULL,https://github.com/ssfc/libMultiRobotPlanning-isolated,2025-09-04 11:06:59,2562,782860
-1,random-32-32-20.map,random-32-32-20-random-1.scen,190,12400F,CBSDepthIncrementalUpdateOrder,ASTAR-whoenig,1,NULL,NULL,4978,45.2114,NULL,https://github.com/ssfc/libMultiRobotPlanning-isolated,2025-09-04 11:07:44,2623,851562
-1,random-32-32-20.map,random-32-32-20-random-1.scen,191,12400F,CBSDepthIncrementalUpdateOrder,ASTAR-whoenig,1,NULL,NULL,4992,44.4169,NULL,https://github.com/ssfc/libMultiRobotPlanning-isolated,2025-09-04 11:08:29,2627,826796
-1,random-32-32-20.map,random-32-32-20-random-1.scen,192,12400F,CBSDepthIncrementalUpdateOrder,ASTAR-whoenig,1,NULL,NULL,5019,44.9346,NULL,https://github.com/ssfc/libMultiRobotPlanning-isolated,2025-09-04 11:09:14,2632,828063
-1,random-32-32-20.map,random-32-32-20-random-1.scen,193,12400F,CBSDepthIncrementalUpdateOrder,ASTAR-whoenig,1,NULL,NULL,5056,49.1165,NULL,https://github.com/ssfc/libMultiRobotPlanning-isolated,2025-09-04 11:10:03,2751,862922
-1,random-32-32-20.map,random-32-32-20-random-1.scen,194,12400F,CBSDepthIncrementalUpdateOrder,ASTAR-whoenig,1,NULL,NULL,5110,51.4535,NULL,https://github.com/ssfc/libMultiRobotPlanning-isolated,2025-09-04 11:10:55,2840,960617
-1,random-32-32-20.map,random-32-32-20-random-1.scen,195,12400F,CBSDepthIncrementalUpdateOrder,ASTAR-whoenig,1,NULL,NULL,5150,53.7852,NULL,https://github.com/ssfc/libMultiRobotPlanning-isolated,2025-09-04 11:11:49,2915,1087008
-1,random-32-32-20.map,random-32-32-20-random-1.scen,196,12400F,CBSDepthIncrementalUpdateOrder,ASTAR-whoenig,1,NULL,NULL,5242,70.7551,NULL,https://github.com/ssfc/libMultiRobotPlanning-isolated,2025-09-04 11:13:00,3523,1525678
-1,random-32-32-20.map,random-32-32-20-random-1.scen,197,12400F,CBSDepthIncrementalUpdateOrder,ASTAR-whoenig,1,NULL,NULL,5279,73.0598,NULL,https://github.com/ssfc/libMultiRobotPlanning-isolated,2025-09-04 11:14:13,3653,1488807
-1,random-32-32-20.map,random-32-32-20-random-1.scen,198,12400F,CBSDepthIncrementalUpdateOrder,ASTAR-whoenig,1,NULL,NULL,5286,68.3505,NULL,https://github.com/ssfc/libMultiRobotPlanning-isolated,2025-09-04 11:15:22,3771,1294560
-1,random-32-32-20.map,random-32-32-20-random-1.scen,199,12400F,CBSDepthIncrementalUpdateOrder,ASTAR-whoenig,1,NULL,NULL,5287,72.8324,NULL,https://github.com/ssfc/libMultiRobotPlanning-isolated,2025-09-04 11:16:35,4040,1402237
-1,random-32-32-20.map,random-32-32-20-random-1.scen,200,12400F,CBSDepthIncrementalUpdateOrder,ASTAR-whoenig,1,NULL,NULL,5333,75.3053,NULL,https://github.com/ssfc/libMultiRobotPlanning-isolated,2025-09-04 11:17:50,4045,1544411
-1,random-32-32-20.map,random-32-32-20-random-1.scen,201,12400F,CBSDepthIncrementalUpdateOrder,ASTAR-whoenig,1,NULL,NULL,5364,68.6386,NULL,https://github.com/ssfc/libMultiRobotPlanning-isolated,2025-09-04 11:18:59,3878,1264081
-1,random-32-32-20.map,random-32-32-20-random-1.scen,202,12400F,CBSDepthIncrementalUpdateOrder,ASTAR-whoenig,1,NULL,NULL,5443,107.059,NULL,https://github.com/ssfc/libMultiRobotPlanning-isolated,2025-09-04 11:20:46,6379,2002807
-1,random-32-32-20.map,random-32-32-20-random-1.scen,203,12400F,CBSDepthIncrementalUpdateOrder,ASTAR-whoenig,1,NULL,NULL,5436,80.4609,NULL,https://github.com/ssfc/libMultiRobotPlanning-isolated,2025-09-04 11:22:07,4025,1522156
-1,random-32-32-20.map,random-32-32-20-random-1.scen,204,12400F,CBSDepthIncrementalUpdateOrder,ASTAR-whoenig,1,NULL,NULL,5457,81.2116,NULL,https://github.com/ssfc/libMultiRobotPlanning-isolated,2025-09-04 11:23:29,4006,1540626
-1,random-32-32-20.map,random-32-32-20-random-1.scen,205,12400F,CBSDepthIncrementalUpdateOrder,ASTAR-whoenig,1,NULL,NULL,5564,103.227,NULL,https://github.com/ssfc/libMultiRobotPlanning-isolated,2025-09-04 11:25:12,4832,2203561
-1,random-32-32-20.map,random-32-32-20-random-1.scen,206,12400F,CBSDepthIncrementalUpdateOrder,ASTAR-whoenig,1,NULL,NULL,5542,94.9248,NULL,https://github.com/ssfc/libMultiRobotPlanning-isolated,2025-09-04 11:26:48,4420,1963886
-1,random-32-32-20.map,random-32-32-20-random-1.scen,207,12400F,CBSDepthIncrementalUpdateOrder,ASTAR-whoenig,1,NULL,NULL,5522,79.661,NULL,https://github.com/ssfc/libMultiRobotPlanning-isolated,2025-09-04 11:28:08,4077,1502151
-1,random-32-32-20.map,random-32-32-20-random-1.scen,208,12400F,CBSDepthIncrementalUpdateOrder,ASTAR-whoenig,1,NULL,NULL,5574,82.7989,NULL,https://github.com/ssfc/libMultiRobotPlanning-isolated,2025-09-04 11:29:31,3110,1501556
-1,random-32-32-20.map,random-32-32-20-random-1.scen,209,12400F,CBSDepthIncrementalUpdateOrder,ASTAR-whoenig,1,NULL,NULL,5610,76.0975,NULL,https://github.com/ssfc/libMultiRobotPlanning-isolated,2025-09-04 11:30:47,3072,1349301
-1,random-32-32-20.map,random-32-32-20-random-1.scen,210,12400F,CBSDepthIncrementalUpdateOrder,ASTAR-whoenig,1,NULL,NULL,5693,98.0861,NULL,https://github.com/ssfc/libMultiRobotPlanning-isolated,2025-09-04 11:32:25,3679,2003739
-1,random-32-32-20.map,random-32-32-20-random-1.scen,211,12400F,CBSDepthIncrementalUpdateOrder,ASTAR-whoenig,1,NULL,NULL,5687,104.852,NULL,https://github.com/ssfc/libMultiRobotPlanning-isolated,2025-09-04 11:34:11,4667,1844655
-1,random-32-32-20.map,random-32-32-20-random-1.scen,212,12400F,CBSDepthIncrementalUpdateOrder,ASTAR-whoenig,1,NULL,NULL,5700,75.4303,NULL,https://github.com/ssfc/libMultiRobotPlanning-isolated,2025-09-04 11:35:26,2944,1401242
-1,random-32-32-20.map,random-32-32-20-random-1.scen,213,12400F,CBSDepthIncrementalUpdateOrder,ASTAR-whoenig,1,NULL,NULL,5720,85.0786,NULL,https://github.com/ssfc/libMultiRobotPlanning-isolated,2025-09-04 11:36:52,3202,1628538
-1,random-32-32-20.map,random-32-32-20-random-1.scen,214,12400F,CBSDepthIncrementalUpdateOrder,ASTAR-whoenig,1,NULL,NULL,5724,77.6639,NULL,https://github.com/ssfc/libMultiRobotPlanning-isolated,2025-09-04 11:38:10,3082,1398359
-1,random-32-32-20.map,random-32-32-20-random-1.scen,215,12400F,CBSDepthIncrementalUpdateOrder,ASTAR-whoenig,1,NULL,NULL,5756,83.3414,NULL,https://github.com/ssfc/libMultiRobotPlanning-isolated,2025-09-04 11:39:33,3180,1487849
-1,random-32-32-20.map,random-32-32-20-random-1.scen,216,12400F,CBSDepthIncrementalUpdateOrder,ASTAR-whoenig,1,NULL,NULL,5733,143.132,NULL,https://github.com/ssfc/libMultiRobotPlanning-isolated,2025-09-04 11:41:57,6959,2313136
-1,random-32-32-20.map,random-32-32-20-random-1.scen,217,12400F,CBSDepthIncrementalUpdateOrder,ASTAR-whoenig,1,NULL,NULL,5812,81.125,NULL,https://github.com/ssfc/libMultiRobotPlanning-isolated,2025-09-04 11:43:18,3053,1371070
-1,random-32-32-20.map,random-32-32-20-random-1.scen,218,12400F,CBSDepthIncrementalUpdateOrder,ASTAR-whoenig,1,NULL,NULL,5843,78.4021,NULL,https://github.com/ssfc/libMultiRobotPlanning-isolated,2025-09-04 11:44:37,2995,1305176
-1,random-32-32-20.map,random-32-32-20-random-1.scen,219,12400F,CBSDepthIncrementalUpdateOrder,ASTAR-whoenig,1,NULL,NULL,5955,116.156,NULL,https://github.com/ssfc/libMultiRobotPlanning-isolated,2025-09-04 11:46:34,4019,2189891
-1,random-32-32-20.map,random-32-32-20-random-1.scen,220,12400F,CBSDepthIncrementalUpdateOrder,ASTAR-whoenig,1,NULL,NULL,5973,122.287,NULL,https://github.com/ssfc/libMultiRobotPlanning-isolated,2025-09-04 11:48:36,4092,2401982
-1,random-32-32-20.map,random-32-32-20-random-1.scen,221,12400F,CBSDepthIncrementalUpdateOrder,ASTAR-whoenig,1,NULL,NULL,5930,103.064,NULL,https://github.com/ssfc/libMultiRobotPlanning-isolated,2025-09-04 11:50:20,4404,1660275
-1,random-32-32-20.map,random-32-32-20-random-1.scen,222,12400F,CBSDepthIncrementalUpdateOrder,ASTAR-whoenig,1,NULL,NULL,5964,263.019,NULL,https://github.com/ssfc/libMultiRobotPlanning-isolated,2025-09-04 11:54:43,12750,4018379
-1,random-32-32-20.map,random-32-32-20-random-1.scen,223,12400F,CBSDepthIncrementalUpdateOrder,ASTAR-whoenig,1,NULL,NULL,INF,1800.06,NULL,https://github.com/ssfc/libMultiRobotPlanning-isolated,2025-09-04 12:24:44,275181,28684240
-1,random-32-32-20.map,random-32-32-20-random-1.scen,224,12400F,CBSDepthIncrementalUpdateOrder,ASTAR-whoenig,1,NULL,NULL,INF,1800.04,NULL,https://github.com/ssfc/libMultiRobotPlanning-isolated,2025-09-04 12:54:51,273511,28506155
-1,random-32-32-20.map,random-32-32-20-random-1.scen,225,12400F,CBSDepthIncrementalUpdateOrder,ASTAR-whoenig,1,NULL,NULL,INF,1800.02,NULL,https://github.com/ssfc/libMultiRobotPlanning-isolated,2025-09-04 13:24:59,271981,28343788
-1,random-32-32-20.map,random-32-32-20-random-1.scen,226,12400F,CBSDepthIncrementalUpdateOrder,ASTAR-whoenig,1,NULL,NULL,INF,1800.04,NULL,https://github.com/ssfc/libMultiRobotPlanning-isolated,2025-09-04 13:55:06,270481,28183724
-1,random-32-32-20.map,random-32-32-20-random-1.scen,227,12400F,CBSDepthIncrementalUpdateOrder,ASTAR-whoenig,1,NULL,NULL,INF,1800,NULL,https://github.com/ssfc/libMultiRobotPlanning-isolated,2025-09-04 14:25:13,268911,28018345
-1,random-32-32-20.map,random-32-32-20-random-1.scen,1,12400F,CBSDepthSelectConflict,ASTAR-whoenig,1,NULL,NULL,38,0.000973,NULL,https://github.com/ssfc/libMultiRobotPlanning-isolated,2025-09-04 14:34:22,1,168
-1,random-32-32-20.map,random-32-32-20-random-1.scen,2,12400F,CBSDepthSelectConflict,ASTAR-whoenig,1,NULL,NULL,52,0.001231,NULL,https://github.com/ssfc/libMultiRobotPlanning-isolated,2025-09-04 14:34:22,1,210
-1,random-32-32-20.map,random-32-32-20-random-1.scen,3,12400F,CBSDepthSelectConflict,ASTAR-whoenig,1,NULL,NULL,83,0.005219,NULL,https://github.com/ssfc/libMultiRobotPlanning-isolated,2025-09-04 14:34:22,1,518
-1,random-32-32-20.map,random-32-32-20-random-1.scen,4,12400F,CBSDepthSelectConflict,ASTAR-whoenig,1,NULL,NULL,105,0.006753,NULL,https://github.com/ssfc/libMultiRobotPlanning-isolated,2025-09-04 14:34:22,1,579
-1,random-32-32-20.map,random-32-32-20-random-1.scen,5,12400F,CBSDepthSelectConflict,ASTAR-whoenig,1,NULL,NULL,138,0.006953,NULL,https://github.com/ssfc/libMultiRobotPlanning-isolated,2025-09-04 14:34:22,1,692
-1,random-32-32-20.map,random-32-32-20-random-1.scen,6,12400F,CBSDepthSelectConflict,ASTAR-whoenig,1,NULL,NULL,164,0.00754,NULL,https://github.com/ssfc/libMultiRobotPlanning-isolated,2025-09-04 14:34:22,1,779
-1,random-32-32-20.map,random-32-32-20-random-1.scen,7,12400F,CBSDepthSelectConflict,ASTAR-whoenig,1,NULL,NULL,181,0.013046,NULL,https://github.com/ssfc/libMultiRobotPlanning-isolated,2025-09-04 14:34:22,1,814
-1,random-32-32-20.map,random-32-32-20-random-1.scen,8,12400F,CBSDepthSelectConflict,ASTAR-whoenig,1,NULL,NULL,193,0.012147,NULL,https://github.com/ssfc/libMultiRobotPlanning-isolated,2025-09-04 14:34:22,2,881
-1,random-32-32-20.map,random-32-32-20-random-1.scen,9,12400F,CBSDepthSelectConflict,ASTAR-whoenig,1,NULL,NULL,199,0.009491,NULL,https://github.com/ssfc/libMultiRobotPlanning-isolated,2025-09-04 14:34:22,2,886
-1,random-32-32-20.map,random-32-32-20-random-1.scen,10,12400F,CBSDepthSelectConflict,ASTAR-whoenig,1,NULL,NULL,216,0.01045,NULL,https://github.com/ssfc/libMultiRobotPlanning-isolated,2025-09-04 14:34:22,2,903
-1,random-32-32-20.map,random-32-32-20-random-1.scen,11,12400F,CBSDepthSelectConflict,ASTAR-whoenig,1,NULL,NULL,240,0.013807,NULL,https://github.com/ssfc/libMultiRobotPlanning-isolated,2025-09-04 14:34:22,3,1118
-1,random-32-32-20.map,random-32-32-20-random-1.scen,12,12400F,CBSDepthSelectConflict,ASTAR-whoenig,1,NULL,NULL,265,0.012213,NULL,https://github.com/ssfc/libMultiRobotPlanning-isolated,2025-09-04 14:34:22,3,1158
-1,random-32-32-20.map,random-32-32-20-random-1.scen,13,12400F,CBSDepthSelectConflict,ASTAR-whoenig,1,NULL,NULL,283,0.030252,NULL,https://github.com/ssfc/libMultiRobotPlanning-isolated,2025-09-04 14:34:22,10,4322
-1,random-32-32-20.map,random-32-32-20-random-1.scen,14,12400F,CBSDepthSelectConflict,ASTAR-whoenig,1,NULL,NULL,333,0.029102,NULL,https://github.com/ssfc/libMultiRobotPlanning-isolated,2025-09-04 14:34:22,11,4634
-1,random-32-32-20.map,random-32-32-20-random-1.scen,15,12400F,CBSDepthSelectConflict,ASTAR-whoenig,1,NULL,NULL,358,0.028038,NULL,https://github.com/ssfc/libMultiRobotPlanning-isolated,2025-09-04 14:34:22,11,4680
-1,random-32-32-20.map,random-32-32-20-random-1.scen,16,12400F,CBSDepthSelectConflict,ASTAR-whoenig,1,NULL,NULL,400,0.035745,NULL,https://github.com/ssfc/libMultiRobotPlanning-isolated,2025-09-04 14:34:22,13,5983
-1,random-32-32-20.map,random-32-32-20-random-1.scen,17,12400F,CBSDepthSelectConflict,ASTAR-whoenig,1,NULL,NULL,420,0.03644,NULL,https://github.com/ssfc/libMultiRobotPlanning-isolated,2025-09-04 14:34:22,13,6003
-1,random-32-32-20.map,random-32-32-20-random-1.scen,18,12400F,CBSDepthSelectConflict,ASTAR-whoenig,1,NULL,NULL,429,0.036526,NULL,https://github.com/ssfc/libMultiRobotPlanning-isolated,2025-09-04 14:34:22,13,6011
-1,random-32-32-20.map,random-32-32-20-random-1.scen,19,12400F,CBSDepthSelectConflict,ASTAR-whoenig,1,NULL,NULL,443,0.036848,NULL,https://github.com/ssfc/libMultiRobotPlanning-isolated,2025-09-04 14:34:22,13,6029
-1,random-32-32-20.map,random-32-32-20-random-1.scen,20,12400F,CBSDepthSelectConflict,ASTAR-whoenig,1,NULL,NULL,453,0.036805,NULL,https://github.com/ssfc/libMultiRobotPlanning-isolated,2025-09-04 14:34:22,13,6038
-1,random-32-32-20.map,random-32-32-20-random-1.scen,21,12400F,CBSDepthSelectConflict,ASTAR-whoenig,1,NULL,NULL,486,0.037631,NULL,https://github.com/ssfc/libMultiRobotPlanning-isolated,2025-09-04 14:34:22,13,6104
-1,random-32-32-20.map,random-32-32-20-random-1.scen,22,12400F,CBSDepthSelectConflict,ASTAR-whoenig,1,NULL,NULL,498,0.043436,NULL,https://github.com/ssfc/libMultiRobotPlanning-isolated,2025-09-04 14:34:22,17,6938
-1,random-32-32-20.map,random-32-32-20-random-1.scen,23,12400F,CBSDepthSelectConflict,ASTAR-whoenig,1,NULL,NULL,512,0.042844,NULL,https://github.com/ssfc/libMultiRobotPlanning-isolated,2025-09-04 14:34:22,17,6338
-1,random-32-32-20.map,random-32-32-20-random-1.scen,24,12400F,CBSDepthSelectConflict,ASTAR-whoenig,1,NULL,NULL,563,0.053394,NULL,https://github.com/ssfc/libMultiRobotPlanning-isolated,2025-09-04 14:34:22,22,8159
-1,random-32-32-20.map,random-32-32-20-random-1.scen,25,12400F,CBSDepthSelectConflict,ASTAR-whoenig,1,NULL,NULL,579,0.054396,NULL,https://github.com/ssfc/libMultiRobotPlanning-isolated,2025-09-04 14:34:22,22,8226
-1,random-32-32-20.map,random-32-32-20-random-1.scen,26,12400F,CBSDepthSelectConflict,ASTAR-whoenig,1,NULL,NULL,614,0.056648,NULL,https://github.com/ssfc/libMultiRobotPlanning-isolated,2025-09-04 14:34:22,22,8497
-1,random-32-32-20.map,random-32-32-20-random-1.scen,27,12400F,CBSDepthSelectConflict,ASTAR-whoenig,1,NULL,NULL,645,0.061091,NULL,https://github.com/ssfc/libMultiRobotPlanning-isolated,2025-09-04 14:34:22,23,9131
-1,random-32-32-20.map,random-32-32-20-random-1.scen,28,12400F,CBSDepthSelectConflict,ASTAR-whoenig,1,NULL,NULL,653,0.061121,NULL,https://github.com/ssfc/libMultiRobotPlanning-isolated,2025-09-04 14:34:22,23,9138
-1,random-32-32-20.map,random-32-32-20-random-1.scen,29,12400F,CBSDepthSelectConflict,ASTAR-whoenig,1,NULL,NULL,661,0.06217,NULL,https://github.com/ssfc/libMultiRobotPlanning-isolated,2025-09-04 14:34:23,23,9148
-1,random-32-32-20.map,random-32-32-20-random-1.scen,30,12400F,CBSDepthSelectConflict,ASTAR-whoenig,1,NULL,NULL,695,0.07505,NULL,https://github.com/ssfc/libMultiRobotPlanning-isolated,2025-09-04 14:34:23,30,10530
-1,random-32-32-20.map,random-32-32-20-random-1.scen,31,12400F,CBSDepthSelectConflict,ASTAR-whoenig,1,NULL,NULL,721,0.097053,NULL,https://github.com/ssfc/libMultiRobotPlanning-isolated,2025-09-04 14:34:23,40,13838
-1,random-32-32-20.map,random-32-32-20-random-1.scen,32,12400F,CBSDepthSelectConflict,ASTAR-whoenig,1,NULL,NULL,743,0.097186,NULL,https://github.com/ssfc/libMultiRobotPlanning-isolated,2025-09-04 14:34:23,40,13859
-1,random-32-32-20.map,random-32-32-20-random-1.scen,33,12400F,CBSDepthSelectConflict,ASTAR-whoenig,1,NULL,NULL,753,0.098715,NULL,https://github.com/ssfc/libMultiRobotPlanning-isolated,2025-09-04 14:34:23,40,13868
-1,random-32-32-20.map,random-32-32-20-random-1.scen,34,12400F,CBSDepthSelectConflict,ASTAR-whoenig,1,NULL,NULL,781,0.100774,NULL,https://github.com/ssfc/libMultiRobotPlanning-isolated,2025-09-04 14:34:23,40,13895
-1,random-32-32-20.map,random-32-32-20-random-1.scen,35,12400F,CBSDepthSelectConflict,ASTAR-whoenig,1,NULL,NULL,809,0.101247,NULL,https://github.com/ssfc/libMultiRobotPlanning-isolated,2025-09-04 14:34:23,40,13922
-1,random-32-32-20.map,random-32-32-20-random-1.scen,36,12400F,CBSDepthSelectConflict,ASTAR-whoenig,1,NULL,NULL,860,0.126093,NULL,https://github.com/ssfc/libMultiRobotPlanning-isolated,2025-09-04 14:34:23,53,17579
-1,random-32-32-20.map,random-32-32-20-random-1.scen,37,12400F,CBSDepthSelectConflict,ASTAR-whoenig,1,NULL,NULL,868,0.127762,NULL,https://github.com/ssfc/libMultiRobotPlanning-isolated,2025-09-04 14:34:23,53,17586
-1,random-32-32-20.map,random-32-32-20-random-1.scen,38,12400F,CBSDepthSelectConflict,ASTAR-whoenig,1,NULL,NULL,882,0.133286,NULL,https://github.com/ssfc/libMultiRobotPlanning-isolated,2025-09-04 14:34:24,57,17792
-1,random-32-32-20.map,random-32-32-20-random-1.scen,39,12400F,CBSDepthSelectConflict,ASTAR-whoenig,1,NULL,NULL,901,0.142644,NULL,https://github.com/ssfc/libMultiRobotPlanning-isolated,2025-09-04 14:34:24,64,18438
-1,random-32-32-20.map,random-32-32-20-random-1.scen,40,12400F,CBSDepthSelectConflict,ASTAR-whoenig,1,NULL,NULL,927,0.142137,NULL,https://github.com/ssfc/libMultiRobotPlanning-isolated,2025-09-04 14:34:24,62,18363
-1,random-32-32-20.map,random-32-32-20-random-1.scen,41,12400F,CBSDepthSelectConflict,ASTAR-whoenig,1,NULL,NULL,947,0.143398,NULL,https://github.com/ssfc/libMultiRobotPlanning-isolated,2025-09-04 14:34:24,62,18396
-1,random-32-32-20.map,random-32-32-20-random-1.scen,42,12400F,CBSDepthSelectConflict,ASTAR-whoenig,1,NULL,NULL,959,0.145089,NULL,https://github.com/ssfc/libMultiRobotPlanning-isolated,2025-09-04 14:34:24,62,18414
-1,random-32-32-20.map,random-32-32-20-random-1.scen,43,12400F,CBSDepthSelectConflict,ASTAR-whoenig,1,NULL,NULL,1001,0.151916,NULL,https://github.com/ssfc/libMultiRobotPlanning-isolated,2025-09-04 14:34:24,64,19306
-1,random-32-32-20.map,random-32-32-20-random-1.scen,44,12400F,CBSDepthSelectConflict,ASTAR-whoenig,1,NULL,NULL,1043,0.163818,NULL,https://github.com/ssfc/libMultiRobotPlanning-isolated,2025-09-04 14:34:24,65,21024
-1,random-32-32-20.map,random-32-32-20-random-1.scen,45,12400F,CBSDepthSelectConflict,ASTAR-whoenig,1,NULL,NULL,1081,0.165343,NULL,https://github.com/ssfc/libMultiRobotPlanning-isolated,2025-09-04 14:34:25,65,21112
-1,random-32-32-20.map,random-32-32-20-random-1.scen,46,12400F,CBSDepthSelectConflict,ASTAR-whoenig,1,NULL,NULL,1114,0.18727,NULL,https://github.com/ssfc/libMultiRobotPlanning-isolated,2025-09-04 14:34:25,70,24634
-1,random-32-32-20.map,random-32-32-20-random-1.scen,47,12400F,CBSDepthSelectConflict,ASTAR-whoenig,1,NULL,NULL,1145,0.189429,NULL,https://github.com/ssfc/libMultiRobotPlanning-isolated,2025-09-04 14:34:25,71,24562
-1,random-32-32-20.map,random-32-32-20-random-1.scen,48,12400F,CBSDepthSelectConflict,ASTAR-whoenig,1,NULL,NULL,1189,0.239521,NULL,https://github.com/ssfc/libMultiRobotPlanning-isolated,2025-09-04 14:34:25,100,29183
-1,random-32-32-20.map,random-32-32-20-random-1.scen,49,12400F,CBSDepthSelectConflict,ASTAR-whoenig,1,NULL,NULL,1205,0.244285,NULL,https://github.com/ssfc/libMultiRobotPlanning-isolated,2025-09-04 14:34:25,101,29442
-1,random-32-32-20.map,random-32-32-20-random-1.scen,50,12400F,CBSDepthSelectConflict,ASTAR-whoenig,1,NULL,NULL,1215,0.216663,NULL,https://github.com/ssfc/libMultiRobotPlanning-isolated,2025-09-04 14:34:26,89,24957
-1,random-32-32-20.map,random-32-32-20-random-1.scen,51,12400F,CBSDepthSelectConflict,ASTAR-whoenig,1,NULL,NULL,1255,0.227164,NULL,https://github.com/ssfc/libMultiRobotPlanning-isolated,2025-09-04 14:34:26,93,25744
-1,random-32-32-20.map,random-32-32-20-random-1.scen,52,12400F,CBSDepthSelectConflict,ASTAR-whoenig,1,NULL,NULL,1273,0.229654,NULL,https://github.com/ssfc/libMultiRobotPlanning-isolated,2025-09-04 14:34:26,93,25761
-1,random-32-32-20.map,random-32-32-20-random-1.scen,53,12400F,CBSDepthSelectConflict,ASTAR-whoenig,1,NULL,NULL,1291,0.232428,NULL,https://github.com/ssfc/libMultiRobotPlanning-isolated,2025-09-04 14:34:26,94,25830
-1,random-32-32-20.map,random-32-32-20-random-1.scen,54,12400F,CBSDepthSelectConflict,ASTAR-whoenig,1,NULL,NULL,1318,0.251374,NULL,https://github.com/ssfc/libMultiRobotPlanning-isolated,2025-09-04 14:34:27,97,28821
-1,random-32-32-20.map,random-32-32-20-random-1.scen,55,12400F,CBSDepthSelectConflict,ASTAR-whoenig,1,NULL,NULL,1332,0.256338,NULL,https://github.com/ssfc/libMultiRobotPlanning-isolated,2025-09-04 14:34:27,99,29042
-1,random-32-32-20.map,random-32-32-20-random-1.scen,56,12400F,CBSDepthSelectConflict,ASTAR-whoenig,1,NULL,NULL,1406,0.519109,NULL,https://github.com/ssfc/libMultiRobotPlanning-isolated,2025-09-04 14:34:27,176,65522
-1,random-32-32-20.map,random-32-32-20-random-1.scen,57,12400F,CBSDepthSelectConflict,ASTAR-whoenig,1,NULL,NULL,1448,0.477069,NULL,https://github.com/ssfc/libMultiRobotPlanning-isolated,2025-09-04 14:34:28,173,56544
-1,random-32-32-20.map,random-32-32-20-random-1.scen,58,12400F,CBSDepthSelectConflict,ASTAR-whoenig,1,NULL,NULL,1477,0.417803,NULL,https://github.com/ssfc/libMultiRobotPlanning-isolated,2025-09-04 14:34:28,153,48313
-1,random-32-32-20.map,random-32-32-20-random-1.scen,59,12400F,CBSDepthSelectConflict,ASTAR-whoenig,1,NULL,NULL,1497,0.422115,NULL,https://github.com/ssfc/libMultiRobotPlanning-isolated,2025-09-04 14:34:29,153,47922
-1,random-32-32-20.map,random-32-32-20-random-1.scen,60,12400F,CBSDepthSelectConflict,ASTAR-whoenig,1,NULL,NULL,1541,0.439967,NULL,https://github.com/ssfc/libMultiRobotPlanning-isolated,2025-09-04 14:34:29,157,49715
-1,random-32-32-20.map,random-32-32-20-random-1.scen,61,12400F,CBSDepthSelectConflict,ASTAR-whoenig,1,NULL,NULL,1555,0.399149,NULL,https://github.com/ssfc/libMultiRobotPlanning-isolated,2025-09-04 14:34:30,147,43249
-1,random-32-32-20.map,random-32-32-20-random-1.scen,62,12400F,CBSDepthSelectConflict,ASTAR-whoenig,1,NULL,NULL,1596,0.582045,NULL,https://github.com/ssfc/libMultiRobotPlanning-isolated,2025-09-04 14:34:30,187,70819
-1,random-32-32-20.map,random-32-32-20-random-1.scen,63,12400F,CBSDepthSelectConflict,ASTAR-whoenig,1,NULL,NULL,1617,0.598651,NULL,https://github.com/ssfc/libMultiRobotPlanning-isolated,2025-09-04 14:34:31,197,70682
-1,random-32-32-20.map,random-32-32-20-random-1.scen,64,12400F,CBSDepthSelectConflict,ASTAR-whoenig,1,NULL,NULL,1629,0.533854,NULL,https://github.com/ssfc/libMultiRobotPlanning-isolated,2025-09-04 14:34:31,186,59471
-1,random-32-32-20.map,random-32-32-20-random-1.scen,65,12400F,CBSDepthSelectConflict,ASTAR-whoenig,1,NULL,NULL,1668,0.779112,NULL,https://github.com/ssfc/libMultiRobotPlanning-isolated,2025-09-04 14:34:32,244,93703
-1,random-32-32-20.map,random-32-32-20-random-1.scen,66,12400F,CBSDepthSelectConflict,ASTAR-whoenig,1,NULL,NULL,1703,0.785224,NULL,https://github.com/ssfc/libMultiRobotPlanning-isolated,2025-09-04 14:34:33,244,93762
-1,random-32-32-20.map,random-32-32-20-random-1.scen,67,12400F,CBSDepthSelectConflict,ASTAR-whoenig,1,NULL,NULL,1726,0.788197,NULL,https://github.com/ssfc/libMultiRobotPlanning-isolated,2025-09-04 14:34:34,244,93784
-1,random-32-32-20.map,random-32-32-20-random-1.scen,68,12400F,CBSDepthSelectConflict,ASTAR-whoenig,1,NULL,NULL,1751,0.486314,NULL,https://github.com/ssfc/libMultiRobotPlanning-isolated,2025-09-04 14:34:34,161,52537
-1,random-32-32-20.map,random-32-32-20-random-1.scen,69,12400F,CBSDepthSelectConflict,ASTAR-whoenig,1,NULL,NULL,1763,0.489569,NULL,https://github.com/ssfc/libMultiRobotPlanning-isolated,2025-09-04 14:34:35,161,52556
-1,random-32-32-20.map,random-32-32-20-random-1.scen,70,12400F,CBSDepthSelectConflict,ASTAR-whoenig,1,NULL,NULL,1820,0.796058,NULL,https://github.com/ssfc/libMultiRobotPlanning-isolated,2025-09-04 14:34:35,245,91267
-1,random-32-32-20.map,random-32-32-20-random-1.scen,71,12400F,CBSDepthSelectConflict,ASTAR-whoenig,1,NULL,NULL,1855,0.755896,NULL,https://github.com/ssfc/libMultiRobotPlanning-isolated,2025-09-04 14:34:36,230,86507
-1,random-32-32-20.map,random-32-32-20-random-1.scen,72,12400F,CBSDepthSelectConflict,ASTAR-whoenig,1,NULL,NULL,1891,0.76677,NULL,https://github.com/ssfc/libMultiRobotPlanning-isolated,2025-09-04 14:34:37,233,87013
-1,random-32-32-20.map,random-32-32-20-random-1.scen,73,12400F,CBSDepthSelectConflict,ASTAR-whoenig,1,NULL,NULL,1909,0.77378,NULL,https://github.com/ssfc/libMultiRobotPlanning-isolated,2025-09-04 14:34:38,233,87035
-1,random-32-32-20.map,random-32-32-20-random-1.scen,74,12400F,CBSDepthSelectConflict,ASTAR-whoenig,1,NULL,NULL,1914,0.743283,NULL,https://github.com/ssfc/libMultiRobotPlanning-isolated,2025-09-04 14:34:39,223,83109
-1,random-32-32-20.map,random-32-32-20-random-1.scen,75,12400F,CBSDepthSelectConflict,ASTAR-whoenig,1,NULL,NULL,1932,0.689952,NULL,https://github.com/ssfc/libMultiRobotPlanning-isolated,2025-09-04 14:34:39,209,75505
-1,random-32-32-20.map,random-32-32-20-random-1.scen,76,12400F,CBSDepthSelectConflict,ASTAR-whoenig,1,NULL,NULL,1960,0.76309,NULL,https://github.com/ssfc/libMultiRobotPlanning-isolated,2025-09-04 14:34:40,224,85621
-1,random-32-32-20.map,random-32-32-20-random-1.scen,77,12400F,CBSDepthSelectConflict,ASTAR-whoenig,1,NULL,NULL,1974,0.765687,NULL,https://github.com/ssfc/libMultiRobotPlanning-isolated,2025-09-04 14:34:41,224,85479
-1,random-32-32-20.map,random-32-32-20-random-1.scen,78,12400F,CBSDepthSelectConflict,ASTAR-whoenig,1,NULL,NULL,2005,0.816983,NULL,https://github.com/ssfc/libMultiRobotPlanning-isolated,2025-09-04 14:34:42,232,93715
-1,random-32-32-20.map,random-32-32-20-random-1.scen,79,12400F,CBSDepthSelectConflict,ASTAR-whoenig,1,NULL,NULL,2018,0.822134,NULL,https://github.com/ssfc/libMultiRobotPlanning-isolated,2025-09-04 14:34:42,232,93740
-1,random-32-32-20.map,random-32-32-20-random-1.scen,80,12400F,CBSDepthSelectConflict,ASTAR-whoenig,1,NULL,NULL,2066,0.915089,NULL,https://github.com/ssfc/libMultiRobotPlanning-isolated,2025-09-04 14:34:43,273,96575
-1,random-32-32-20.map,random-32-32-20-random-1.scen,81,12400F,CBSDepthSelectConflict,ASTAR-whoenig,1,NULL,NULL,2092,0.92555,NULL,https://github.com/ssfc/libMultiRobotPlanning-isolated,2025-09-04 14:34:44,277,96917
-1,random-32-32-20.map,random-32-32-20-random-1.scen,82,12400F,CBSDepthSelectConflict,ASTAR-whoenig,1,NULL,NULL,2114,0.93222,NULL,https://github.com/ssfc/libMultiRobotPlanning-isolated,2025-09-04 14:34:45,277,96938
-1,random-32-32-20.map,random-32-32-20-random-1.scen,83,12400F,CBSDepthSelectConflict,ASTAR-whoenig,1,NULL,NULL,2127,0.913966,NULL,https://github.com/ssfc/libMultiRobotPlanning-isolated,2025-09-04 14:34:46,268,95216
-1,random-32-32-20.map,random-32-32-20-random-1.scen,84,12400F,CBSDepthSelectConflict,ASTAR-whoenig,1,NULL,NULL,2185,1.26766,NULL,https://github.com/ssfc/libMultiRobotPlanning-isolated,2025-09-04 14:34:47,341,142308
-1,random-32-32-20.map,random-32-32-20-random-1.scen,85,12400F,CBSDepthSelectConflict,ASTAR-whoenig,1,NULL,NULL,2227,1.26638,NULL,https://github.com/ssfc/libMultiRobotPlanning-isolated,2025-09-04 14:34:49,344,139465
-1,random-32-32-20.map,random-32-32-20-random-1.scen,86,12400F,CBSDepthSelectConflict,ASTAR-whoenig,1,NULL,NULL,2257,1.44725,NULL,https://github.com/ssfc/libMultiRobotPlanning-isolated,2025-09-04 14:34:50,381,161489
-1,random-32-32-20.map,random-32-32-20-random-1.scen,87,12400F,CBSDepthSelectConflict,ASTAR-whoenig,1,NULL,NULL,2277,1.40961,NULL,https://github.com/ssfc/libMultiRobotPlanning-isolated,2025-09-04 14:34:52,376,154128
-1,random-32-32-20.map,random-32-32-20-random-1.scen,88,12400F,CBSDepthSelectConflict,ASTAR-whoenig,1,NULL,NULL,2298,1.39974,NULL,https://github.com/ssfc/libMultiRobotPlanning-isolated,2025-09-04 14:34:53,373,151975
-1,random-32-32-20.map,random-32-32-20-random-1.scen,89,12400F,CBSDepthSelectConflict,ASTAR-whoenig,1,NULL,NULL,2322,1.43145,NULL,https://github.com/ssfc/libMultiRobotPlanning-isolated,2025-09-04 14:34:55,374,156794
-1,random-32-32-20.map,random-32-32-20-random-1.scen,90,12400F,CBSDepthSelectConflict,ASTAR-whoenig,1,NULL,NULL,2353,1.53708,NULL,https://github.com/ssfc/libMultiRobotPlanning-isolated,2025-09-04 14:34:56,398,169232
-1,random-32-32-20.map,random-32-32-20-random-1.scen,91,12400F,CBSDepthSelectConflict,ASTAR-whoenig,1,NULL,NULL,2369,1.54376,NULL,https://github.com/ssfc/libMultiRobotPlanning-isolated,2025-09-04 14:34:58,398,169269
-1,random-32-32-20.map,random-32-32-20-random-1.scen,92,12400F,CBSDepthSelectConflict,ASTAR-whoenig,1,NULL,NULL,2375,1.18024,NULL,https://github.com/ssfc/libMultiRobotPlanning-isolated,2025-09-04 14:34:59,326,119133
-1,random-32-32-20.map,random-32-32-20-random-1.scen,93,12400F,CBSDepthSelectConflict,ASTAR-whoenig,1,NULL,NULL,2447,1.53052,NULL,https://github.com/ssfc/libMultiRobotPlanning-isolated,2025-09-04 14:35:00,390,165856
-1,random-32-32-20.map,random-32-32-20-random-1.scen,94,12400F,CBSDepthSelectConflict,ASTAR-whoenig,1,NULL,NULL,2460,1.36677,NULL,https://github.com/ssfc/libMultiRobotPlanning-isolated,2025-09-04 14:35:02,363,140407
-1,random-32-32-20.map,random-32-32-20-random-1.scen,95,12400F,CBSDepthSelectConflict,ASTAR-whoenig,1,NULL,NULL,2490,1.48598,NULL,https://github.com/ssfc/libMultiRobotPlanning-isolated,2025-09-04 14:35:03,389,154079
-1,random-32-32-20.map,random-32-32-20-random-1.scen,96,12400F,CBSDepthSelectConflict,ASTAR-whoenig,1,NULL,NULL,2498,1.49589,NULL,https://github.com/ssfc/libMultiRobotPlanning-isolated,2025-09-04 14:35:05,389,154086
-1,random-32-32-20.map,random-32-32-20-random-1.scen,97,12400F,CBSDepthSelectConflict,ASTAR-whoenig,1,NULL,NULL,2513,1.36967,NULL,https://github.com/ssfc/libMultiRobotPlanning-isolated,2025-09-04 14:35:06,354,139599
-1,random-32-32-20.map,random-32-32-20-random-1.scen,98,12400F,CBSDepthSelectConflict,ASTAR-whoenig,1,NULL,NULL,2531,1.3784,NULL,https://github.com/ssfc/libMultiRobotPlanning-isolated,2025-09-04 14:35:08,355,139725
-1,random-32-32-20.map,random-32-32-20-random-1.scen,99,12400F,CBSDepthSelectConflict,ASTAR-whoenig,1,NULL,NULL,2559,1.39061,NULL,https://github.com/ssfc/libMultiRobotPlanning-isolated,2025-09-04 14:35:09,356,140586
-1,random-32-32-20.map,random-32-32-20-random-1.scen,100,12400F,CBSDepthSelectConflict,ASTAR-whoenig,1,NULL,NULL,2568,1.40332,NULL,https://github.com/ssfc/libMultiRobotPlanning-isolated,2025-09-04 14:35:10,356,140594
-1,random-32-32-20.map,random-32-32-20-random-1.scen,101,12400F,CBSDepthSelectConflict,ASTAR-whoenig,1,NULL,NULL,2615,1.43156,NULL,https://github.com/ssfc/libMultiRobotPlanning-isolated,2025-09-04 14:35:12,360,144267
-1,random-32-32-20.map,random-32-32-20-random-1.scen,102,12400F,CBSDepthSelectConflict,ASTAR-whoenig,1,NULL,NULL,2677,1.80417,NULL,https://github.com/ssfc/libMultiRobotPlanning-isolated,2025-09-04 14:35:14,445,183839
-1,random-32-32-20.map,random-32-32-20-random-1.scen,103,12400F,CBSDepthSelectConflict,ASTAR-whoenig,1,NULL,NULL,2687,1.80428,NULL,https://github.com/ssfc/libMultiRobotPlanning-isolated,2025-09-04 14:35:15,444,183192
-1,random-32-32-20.map,random-32-32-20-random-1.scen,104,12400F,CBSDepthSelectConflict,ASTAR-whoenig,1,NULL,NULL,2722,1.86349,NULL,https://github.com/ssfc/libMultiRobotPlanning-isolated,2025-09-04 14:35:17,455,188431
-1,random-32-32-20.map,random-32-32-20-random-1.scen,105,12400F,CBSDepthSelectConflict,ASTAR-whoenig,1,NULL,NULL,2732,1.99912,NULL,https://github.com/ssfc/libMultiRobotPlanning-isolated,2025-09-04 14:35:19,491,200167
-1,random-32-32-20.map,random-32-32-20-random-1.scen,106,12400F,CBSDepthSelectConflict,ASTAR-whoenig,1,NULL,NULL,2769,2.0096,NULL,https://github.com/ssfc/libMultiRobotPlanning-isolated,2025-09-04 14:35:21,491,200300
-1,random-32-32-20.map,random-32-32-20-random-1.scen,107,12400F,CBSDepthSelectConflict,ASTAR-whoenig,1,NULL,NULL,2798,2.08398,NULL,https://github.com/ssfc/libMultiRobotPlanning-isolated,2025-09-04 14:35:23,508,205893
-1,random-32-32-20.map,random-32-32-20-random-1.scen,108,12400F,CBSDepthSelectConflict,ASTAR-whoenig,1,NULL,NULL,2841,2.14424,NULL,https://github.com/ssfc/libMultiRobotPlanning-isolated,2025-09-04 14:35:26,521,210131
-1,random-32-32-20.map,random-32-32-20-random-1.scen,109,12400F,CBSDepthSelectConflict,ASTAR-whoenig,1,NULL,NULL,2854,1.94686,NULL,https://github.com/ssfc/libMultiRobotPlanning-isolated,2025-09-04 14:35:28,480,185702
-1,random-32-32-20.map,random-32-32-20-random-1.scen,110,12400F,CBSDepthSelectConflict,ASTAR-whoenig,1,NULL,NULL,2913,2.19314,NULL,https://github.com/ssfc/libMultiRobotPlanning-isolated,2025-09-04 14:35:30,510,223214
-1,random-32-32-20.map,random-32-32-20-random-1.scen,111,12400F,CBSDepthSelectConflict,ASTAR-whoenig,1,NULL,NULL,2939,2.50813,NULL,https://github.com/ssfc/libMultiRobotPlanning-isolated,2025-09-04 14:35:32,586,249643
-1,random-32-32-20.map,random-32-32-20-random-1.scen,112,12400F,CBSDepthSelectConflict,ASTAR-whoenig,1,NULL,NULL,2975,2.17299,NULL,https://github.com/ssfc/libMultiRobotPlanning-isolated,2025-09-04 14:35:34,524,205483
-1,random-32-32-20.map,random-32-32-20-random-1.scen,113,12400F,CBSDepthSelectConflict,ASTAR-whoenig,1,NULL,NULL,2990,2.39464,NULL,https://github.com/ssfc/libMultiRobotPlanning-isolated,2025-09-04 14:35:37,545,241469
-1,random-32-32-20.map,random-32-32-20-random-1.scen,114,12400F,CBSDepthSelectConflict,ASTAR-whoenig,1,NULL,NULL,3020,2.40773,NULL,https://github.com/ssfc/libMultiRobotPlanning-isolated,2025-09-04 14:35:39,556,235734
-1,random-32-32-20.map,random-32-32-20-random-1.scen,115,12400F,CBSDepthSelectConflict,ASTAR-whoenig,1,NULL,NULL,3082,2.82064,NULL,https://github.com/ssfc/libMultiRobotPlanning-isolated,2025-09-04 14:35:42,626,285066
-1,random-32-32-20.map,random-32-32-20-random-1.scen,116,12400F,CBSDepthSelectConflict,ASTAR-whoenig,1,NULL,NULL,3104,3.10063,NULL,https://github.com/ssfc/libMultiRobotPlanning-isolated,2025-09-04 14:35:45,686,312147
-1,random-32-32-20.map,random-32-32-20-random-1.scen,117,12400F,CBSDepthSelectConflict,ASTAR-whoenig,1,NULL,NULL,3138,3.28129,NULL,https://github.com/ssfc/libMultiRobotPlanning-isolated,2025-09-04 14:35:49,719,329653
-1,random-32-32-20.map,random-32-32-20-random-1.scen,118,12400F,CBSDepthSelectConflict,ASTAR-whoenig,1,NULL,NULL,3152,2.98323,NULL,https://github.com/ssfc/libMultiRobotPlanning-isolated,2025-09-04 14:35:52,685,281862
-1,random-32-32-20.map,random-32-32-20-random-1.scen,119,12400F,CBSDepthSelectConflict,ASTAR-whoenig,1,NULL,NULL,3195,3.23477,NULL,https://github.com/ssfc/libMultiRobotPlanning-isolated,2025-09-04 14:35:55,717,315195
-1,random-32-32-20.map,random-32-32-20-random-1.scen,120,12400F,CBSDepthSelectConflict,ASTAR-whoenig,1,NULL,NULL,3238,2.90597,NULL,https://github.com/ssfc/libMultiRobotPlanning-isolated,2025-09-04 14:35:58,666,268981
-1,random-32-32-20.map,random-32-32-20-random-1.scen,121,12400F,CBSDepthSelectConflict,ASTAR-whoenig,1,NULL,NULL,3234,2.62735,NULL,https://github.com/ssfc/libMultiRobotPlanning-isolated,2025-09-04 14:36:00,620,229479
-1,random-32-32-20.map,random-32-32-20-random-1.scen,122,12400F,CBSDepthSelectConflict,ASTAR-whoenig,1,NULL,NULL,3263,2.91959,NULL,https://github.com/ssfc/libMultiRobotPlanning-isolated,2025-09-04 14:36:03,686,252920
-1,random-32-32-20.map,random-32-32-20-random-1.scen,123,12400F,CBSDepthSelectConflict,ASTAR-whoenig,1,NULL,NULL,3305,3.27723,NULL,https://github.com/ssfc/libMultiRobotPlanning-isolated,2025-09-04 14:36:07,745,294378
-1,random-32-32-20.map,random-32-32-20-random-1.scen,124,12400F,CBSDepthSelectConflict,ASTAR-whoenig,1,NULL,NULL,3337,3.25396,NULL,https://github.com/ssfc/libMultiRobotPlanning-isolated,2025-09-04 14:36:10,722,298942
-1,random-32-32-20.map,random-32-32-20-random-1.scen,125,12400F,CBSDepthSelectConflict,ASTAR-whoenig,1,NULL,NULL,3360,3.20337,NULL,https://github.com/ssfc/libMultiRobotPlanning-isolated,2025-09-04 14:36:13,717,287399
-1,random-32-32-20.map,random-32-32-20-random-1.scen,126,12400F,CBSDepthSelectConflict,ASTAR-whoenig,1,NULL,NULL,3386,3.31387,NULL,https://github.com/ssfc/libMultiRobotPlanning-isolated,2025-09-04 14:36:17,741,295212
-1,random-32-32-20.map,random-32-32-20-random-1.scen,127,12400F,CBSDepthSelectConflict,ASTAR-whoenig,1,NULL,NULL,3406,3.32811,NULL,https://github.com/ssfc/libMultiRobotPlanning-isolated,2025-09-04 14:36:20,741,294936
-1,random-32-32-20.map,random-32-32-20-random-1.scen,128,12400F,CBSDepthSelectConflict,ASTAR-whoenig,1,NULL,NULL,3425,3.52492,NULL,https://github.com/ssfc/libMultiRobotPlanning-isolated,2025-09-04 14:36:23,771,319971
-1,random-32-32-20.map,random-32-32-20-random-1.scen,129,12400F,CBSDepthSelectConflict,ASTAR-whoenig,1,NULL,NULL,3462,3.83796,NULL,https://github.com/ssfc/libMultiRobotPlanning-isolated,2025-09-04 14:36:27,833,345263
-1,random-32-32-20.map,random-32-32-20-random-1.scen,130,12400F,CBSDepthSelectConflict,ASTAR-whoenig,1,NULL,NULL,3478,3.91457,NULL,https://github.com/ssfc/libMultiRobotPlanning-isolated,2025-09-04 14:36:31,843,350603
-1,random-32-32-20.map,random-32-32-20-random-1.scen,131,12400F,CBSDepthSelectConflict,ASTAR-whoenig,1,NULL,NULL,3509,4.22951,NULL,https://github.com/ssfc/libMultiRobotPlanning-isolated,2025-09-04 14:36:35,848,417503
-1,random-32-32-20.map,random-32-32-20-random-1.scen,132,12400F,CBSDepthSelectConflict,ASTAR-whoenig,1,NULL,NULL,3550,4.08874,NULL,https://github.com/ssfc/libMultiRobotPlanning-isolated,2025-09-04 14:36:40,837,385693
-1,random-32-32-20.map,random-32-32-20-random-1.scen,133,12400F,CBSDepthSelectConflict,ASTAR-whoenig,1,NULL,NULL,3556,4.33125,NULL,https://github.com/ssfc/libMultiRobotPlanning-isolated,2025-09-04 14:36:44,900,392074
-1,random-32-32-20.map,random-32-32-20-random-1.scen,134,12400F,CBSDepthSelectConflict,ASTAR-whoenig,1,NULL,NULL,3601,4.34598,NULL,https://github.com/ssfc/libMultiRobotPlanning-isolated,2025-09-04 14:36:48,903,392114
-1,random-32-32-20.map,random-32-32-20-random-1.scen,135,12400F,CBSDepthSelectConflict,ASTAR-whoenig,1,NULL,NULL,3618,4.35895,NULL,https://github.com/ssfc/libMultiRobotPlanning-isolated,2025-09-04 14:36:53,904,391501
-1,random-32-32-20.map,random-32-32-20-random-1.scen,136,12400F,CBSDepthSelectConflict,ASTAR-whoenig,1,NULL,NULL,3689,4.28487,NULL,https://github.com/ssfc/libMultiRobotPlanning-isolated,2025-09-04 14:36:57,927,360285
-1,random-32-32-20.map,random-32-32-20-random-1.scen,137,12400F,CBSDepthSelectConflict,ASTAR-whoenig,1,NULL,NULL,3706,5.45084,NULL,https://github.com/ssfc/libMultiRobotPlanning-isolated,2025-09-04 14:37:03,1098,492774
-1,random-32-32-20.map,random-32-32-20-random-1.scen,138,12400F,CBSDepthSelectConflict,ASTAR-whoenig,1,NULL,NULL,3755,5.5515,NULL,https://github.com/ssfc/libMultiRobotPlanning-isolated,2025-09-04 14:37:08,1103,506535
-1,random-32-32-20.map,random-32-32-20-random-1.scen,139,12400F,CBSDepthSelectConflict,ASTAR-whoenig,1,NULL,NULL,3744,5.73956,NULL,https://github.com/ssfc/libMultiRobotPlanning-isolated,2025-09-04 14:37:14,1049,572768
-1,random-32-32-20.map,random-32-32-20-random-1.scen,140,12400F,CBSDepthSelectConflict,ASTAR-whoenig,1,NULL,NULL,3818,6.59845,NULL,https://github.com/ssfc/libMultiRobotPlanning-isolated,2025-09-04 14:37:21,1204,648522
-1,random-32-32-20.map,random-32-32-20-random-1.scen,141,12400F,CBSDepthSelectConflict,ASTAR-whoenig,1,NULL,NULL,3868,6.31699,NULL,https://github.com/ssfc/libMultiRobotPlanning-isolated,2025-09-04 14:37:27,1211,587934
-1,random-32-32-20.map,random-32-32-20-random-1.scen,142,12400F,CBSDepthSelectConflict,ASTAR-whoenig,1,NULL,NULL,3872,6.27742,NULL,https://github.com/ssfc/libMultiRobotPlanning-isolated,2025-09-04 14:37:33,1205,578929
-1,random-32-32-20.map,random-32-32-20-random-1.scen,143,12400F,CBSDepthSelectConflict,ASTAR-whoenig,1,NULL,NULL,3882,6.09704,NULL,https://github.com/ssfc/libMultiRobotPlanning-isolated,2025-09-04 14:37:39,1153,567036
-1,random-32-32-20.map,random-32-32-20-random-1.scen,144,12400F,CBSDepthSelectConflict,ASTAR-whoenig,1,NULL,NULL,3929,8.1045,NULL,https://github.com/ssfc/libMultiRobotPlanning-isolated,2025-09-04 14:37:48,1444,784046
-1,random-32-32-20.map,random-32-32-20-random-1.scen,145,12400F,CBSDepthSelectConflict,ASTAR-whoenig,1,NULL,NULL,3955,7.68849,NULL,https://github.com/ssfc/libMultiRobotPlanning-isolated,2025-09-04 14:37:55,1388,736786
-1,random-32-32-20.map,random-32-32-20-random-1.scen,146,12400F,CBSDepthSelectConflict,ASTAR-whoenig,1,NULL,NULL,3959,7.01143,NULL,https://github.com/ssfc/libMultiRobotPlanning-isolated,2025-09-04 14:38:02,1295,646126
-1,random-32-32-20.map,random-32-32-20-random-1.scen,147,12400F,CBSDepthSelectConflict,ASTAR-whoenig,1,NULL,NULL,3983,6.2409,NULL,https://github.com/ssfc/libMultiRobotPlanning-isolated,2025-09-04 14:38:09,1206,543173
-1,random-32-32-20.map,random-32-32-20-random-1.scen,148,12400F,CBSDepthSelectConflict,ASTAR-whoenig,1,NULL,NULL,4037,6.89381,NULL,https://github.com/ssfc/libMultiRobotPlanning-isolated,2025-09-04 14:38:16,1276,624703
-1,random-32-32-20.map,random-32-32-20-random-1.scen,149,12400F,CBSDepthSelectConflict,ASTAR-whoenig,1,NULL,NULL,4063,6.82452,NULL,https://github.com/ssfc/libMultiRobotPlanning-isolated,2025-09-04 14:38:22,1307,588754
-1,random-32-32-20.map,random-32-32-20-random-1.scen,150,12400F,CBSDepthSelectConflict,ASTAR-whoenig,1,NULL,NULL,4083,6.32892,NULL,https://github.com/ssfc/libMultiRobotPlanning-isolated,2025-09-04 14:38:29,1199,556913
-1,random-32-32-20.map,random-32-32-20-random-1.scen,151,12400F,CBSDepthSelectConflict,ASTAR-whoenig,1,NULL,NULL,4099,6.3682,NULL,https://github.com/ssfc/libMultiRobotPlanning-isolated,2025-09-04 14:38:35,1199,556873
-1,random-32-32-20.map,random-32-32-20-random-1.scen,152,12400F,CBSDepthSelectConflict,ASTAR-whoenig,1,NULL,NULL,4128,6.37498,NULL,https://github.com/ssfc/libMultiRobotPlanning-isolated,2025-09-04 14:38:42,1207,542444
-1,random-32-32-20.map,random-32-32-20-random-1.scen,153,12400F,CBSDepthSelectConflict,ASTAR-whoenig,1,NULL,NULL,4148,7.06026,NULL,https://github.com/ssfc/libMultiRobotPlanning-isolated,2025-09-04 14:38:49,1302,617162
-1,random-32-32-20.map,random-32-32-20-random-1.scen,154,12400F,CBSDepthSelectConflict,ASTAR-whoenig,1,NULL,NULL,4153,5.78925,NULL,https://github.com/ssfc/libMultiRobotPlanning-isolated,2025-09-04 14:38:55,1135,457648
-1,random-32-32-20.map,random-32-32-20-random-1.scen,155,12400F,CBSDepthSelectConflict,ASTAR-whoenig,1,NULL,NULL,4220,8.30513,NULL,https://github.com/ssfc/libMultiRobotPlanning-isolated,2025-09-04 14:39:03,1462,742360
-1,random-32-32-20.map,random-32-32-20-random-1.scen,156,12400F,CBSDepthSelectConflict,ASTAR-whoenig,1,NULL,NULL,4231,6.89221,NULL,https://github.com/ssfc/libMultiRobotPlanning-isolated,2025-09-04 14:39:10,1281,576687
-1,random-32-32-20.map,random-32-32-20-random-1.scen,157,12400F,CBSDepthSelectConflict,ASTAR-whoenig,1,NULL,NULL,4296,8.89896,NULL,https://github.com/ssfc/libMultiRobotPlanning-isolated,2025-09-04 14:39:19,1526,811290
-1,random-32-32-20.map,random-32-32-20-random-1.scen,158,12400F,CBSDepthSelectConflict,ASTAR-whoenig,1,NULL,NULL,4302,8.92544,NULL,https://github.com/ssfc/libMultiRobotPlanning-isolated,2025-09-04 14:39:28,1526,811276
-1,random-32-32-20.map,random-32-32-20-random-1.scen,159,12400F,CBSDepthSelectConflict,ASTAR-whoenig,1,NULL,NULL,4325,8.95027,NULL,https://github.com/ssfc/libMultiRobotPlanning-isolated,2025-09-04 14:39:37,1526,811999
-1,random-32-32-20.map,random-32-32-20-random-1.scen,160,12400F,CBSDepthSelectConflict,ASTAR-whoenig,1,NULL,NULL,4330,8.95803,NULL,https://github.com/ssfc/libMultiRobotPlanning-isolated,2025-09-04 14:39:46,1525,811384
-1,random-32-32-20.map,random-32-32-20-random-1.scen,161,12400F,CBSDepthSelectConflict,ASTAR-whoenig,1,NULL,NULL,4347,9.01388,NULL,https://github.com/ssfc/libMultiRobotPlanning-isolated,2025-09-04 14:39:55,1525,811415
-1,random-32-32-20.map,random-32-32-20-random-1.scen,162,12400F,CBSDepthSelectConflict,ASTAR-whoenig,1,NULL,NULL,4362,9.20304,NULL,https://github.com/ssfc/libMultiRobotPlanning-isolated,2025-09-04 14:40:04,1553,823626
-1,random-32-32-20.map,random-32-32-20-random-1.scen,163,12400F,CBSDepthSelectConflict,ASTAR-whoenig,1,NULL,NULL,4370,8.10712,NULL,https://github.com/ssfc/libMultiRobotPlanning-isolated,2025-09-04 14:40:13,1442,677215
-1,random-32-32-20.map,random-32-32-20-random-1.scen,164,12400F,CBSDepthSelectConflict,ASTAR-whoenig,1,NULL,NULL,4413,10.3345,NULL,https://github.com/ssfc/libMultiRobotPlanning-isolated,2025-09-04 14:40:23,1695,950275
-1,random-32-32-20.map,random-32-32-20-random-1.scen,165,12400F,CBSDepthSelectConflict,ASTAR-whoenig,1,NULL,NULL,4462,10.9101,NULL,https://github.com/ssfc/libMultiRobotPlanning-isolated,2025-09-04 14:40:34,1824,931973
-1,random-32-32-20.map,random-32-32-20-random-1.scen,166,12400F,CBSDepthSelectConflict,ASTAR-whoenig,1,NULL,NULL,4433,8.18946,NULL,https://github.com/ssfc/libMultiRobotPlanning-isolated,2025-09-04 14:40:42,1452,663729
-1,random-32-32-20.map,random-32-32-20-random-1.scen,167,12400F,CBSDepthSelectConflict,ASTAR-whoenig,1,NULL,NULL,4469,9.57034,NULL,https://github.com/ssfc/libMultiRobotPlanning-isolated,2025-09-04 14:40:52,1576,854647
-1,random-32-32-20.map,random-32-32-20-random-1.scen,168,12400F,CBSDepthSelectConflict,ASTAR-whoenig,1,NULL,NULL,4482,9.60283,NULL,https://github.com/ssfc/libMultiRobotPlanning-isolated,2025-09-04 14:41:02,1577,854637
-1,random-32-32-20.map,random-32-32-20-random-1.scen,169,12400F,CBSDepthSelectConflict,ASTAR-whoenig,1,NULL,NULL,4524,9.85237,NULL,https://github.com/ssfc/libMultiRobotPlanning-isolated,2025-09-04 14:41:12,1676,818844
-1,random-32-32-20.map,random-32-32-20-random-1.scen,170,12400F,CBSDepthSelectConflict,ASTAR-whoenig,1,NULL,NULL,4555,10.4986,NULL,https://github.com/ssfc/libMultiRobotPlanning-isolated,2025-09-04 14:41:22,1716,928410
-1,random-32-32-20.map,random-32-32-20-random-1.scen,171,12400F,CBSDepthSelectConflict,ASTAR-whoenig,1,NULL,NULL,4558,9.64696,NULL,https://github.com/ssfc/libMultiRobotPlanning-isolated,2025-09-04 14:41:32,1602,830549
-1,random-32-32-20.map,random-32-32-20-random-1.scen,172,12400F,CBSDepthSelectConflict,ASTAR-whoenig,1,NULL,NULL,4577,9.91965,NULL,https://github.com/ssfc/libMultiRobotPlanning-isolated,2025-09-04 14:41:42,1653,845666
-1,random-32-32-20.map,random-32-32-20-random-1.scen,173,12400F,CBSDepthSelectConflict,ASTAR-whoenig,1,NULL,NULL,4649,13.1582,NULL,https://github.com/ssfc/libMultiRobotPlanning-isolated,2025-09-04 14:41:55,2123,1092514
-1,random-32-32-20.map,random-32-32-20-random-1.scen,174,12400F,CBSDepthSelectConflict,ASTAR-whoenig,1,NULL,NULL,4669,11.631,NULL,https://github.com/ssfc/libMultiRobotPlanning-isolated,2025-09-04 14:42:07,1930,942840
-1,random-32-32-20.map,random-32-32-20-random-1.scen,175,12400F,CBSDepthSelectConflict,ASTAR-whoenig,1,NULL,NULL,4646,11.9974,NULL,https://github.com/ssfc/libMultiRobotPlanning-isolated,2025-09-04 14:42:19,1914,1018961
-1,random-32-32-20.map,random-32-32-20-random-1.scen,176,12400F,CBSDepthSelectConflict,ASTAR-whoenig,1,NULL,NULL,4692,12.4877,NULL,https://github.com/ssfc/libMultiRobotPlanning-isolated,2025-09-04 14:42:32,2039,999549
-1,random-32-32-20.map,random-32-32-20-random-1.scen,177,12400F,CBSDepthSelectConflict,ASTAR-whoenig,1,NULL,NULL,4733,12.7922,NULL,https://github.com/ssfc/libMultiRobotPlanning-isolated,2025-09-04 14:42:45,2088,1039803
-1,random-32-32-20.map,random-32-32-20-random-1.scen,178,12400F,CBSDepthSelectConflict,ASTAR-whoenig,1,NULL,NULL,4752,13.6826,NULL,https://github.com/ssfc/libMultiRobotPlanning-isolated,2025-09-04 14:42:59,2137,1147635
-1,random-32-32-20.map,random-32-32-20-random-1.scen,179,12400F,CBSDepthSelectConflict,ASTAR-whoenig,1,NULL,NULL,4759,13.0571,NULL,https://github.com/ssfc/libMultiRobotPlanning-isolated,2025-09-04 14:43:12,2037,1119846
-1,random-32-32-20.map,random-32-32-20-random-1.scen,180,12400F,CBSDepthSelectConflict,ASTAR-whoenig,1,NULL,NULL,4806,14.207,NULL,https://github.com/ssfc/libMultiRobotPlanning-isolated,2025-09-04 14:43:26,2226,1202147
-1,random-32-32-20.map,random-32-32-20-random-1.scen,181,12400F,CBSDepthSelectConflict,ASTAR-whoenig,1,NULL,NULL,4763,18.6023,NULL,https://github.com/ssfc/libMultiRobotPlanning-isolated,2025-09-04 14:43:45,3227,1385607
-1,random-32-32-20.map,random-32-32-20-random-1.scen,182,12400F,CBSDepthSelectConflict,ASTAR-whoenig,1,NULL,NULL,4854,12.6419,NULL,https://github.com/ssfc/libMultiRobotPlanning-isolated,2025-09-04 14:43:58,2068,963394
-1,random-32-32-20.map,random-32-32-20-random-1.scen,183,12400F,CBSDepthSelectConflict,ASTAR-whoenig,1,NULL,NULL,4817,15.4038,NULL,https://github.com/ssfc/libMultiRobotPlanning-isolated,2025-09-04 14:44:13,2729,1104299
-1,random-32-32-20.map,random-32-32-20-random-1.scen,184,12400F,CBSDepthSelectConflict,ASTAR-whoenig,1,NULL,NULL,4840,17.019,NULL,https://github.com/ssfc/libMultiRobotPlanning-isolated,2025-09-04 14:44:31,2889,1295965
-1,random-32-32-20.map,random-32-32-20-random-1.scen,185,12400F,CBSDepthSelectConflict,ASTAR-whoenig,1,NULL,NULL,4915,16.3946,NULL,https://github.com/ssfc/libMultiRobotPlanning-isolated,2025-09-04 14:44:47,2545,1284843
-1,random-32-32-20.map,random-32-32-20-random-1.scen,186,12400F,CBSDepthSelectConflict,ASTAR-whoenig,1,NULL,NULL,4875,12.1956,NULL,https://github.com/ssfc/libMultiRobotPlanning-isolated,2025-09-04 14:45:00,2057,871460
-1,random-32-32-20.map,random-32-32-20-random-1.scen,187,12400F,CBSDepthSelectConflict,ASTAR-whoenig,1,NULL,NULL,4942,15.5046,NULL,https://github.com/ssfc/libMultiRobotPlanning-isolated,2025-09-04 14:45:15,2446,1181824
-1,random-32-32-20.map,random-32-32-20-random-1.scen,188,12400F,CBSDepthSelectConflict,ASTAR-whoenig,1,NULL,NULL,4920,15.1597,NULL,https://github.com/ssfc/libMultiRobotPlanning-isolated,2025-09-04 14:45:31,2600,1051730
-1,random-32-32-20.map,random-32-32-20-random-1.scen,189,12400F,CBSDepthSelectConflict,ASTAR-whoenig,1,NULL,NULL,4987,18.7275,NULL,https://github.com/ssfc/libMultiRobotPlanning-isolated,2025-09-04 14:45:49,3017,1427684
-1,random-32-32-20.map,random-32-32-20-random-1.scen,190,12400F,CBSDepthSelectConflict,ASTAR-whoenig,1,NULL,NULL,4966,11.4418,NULL,https://github.com/ssfc/libMultiRobotPlanning-isolated,2025-09-04 14:46:01,1926,790960
-1,random-32-32-20.map,random-32-32-20-random-1.scen,191,12400F,CBSDepthSelectConflict,ASTAR-whoenig,1,NULL,NULL,5036,31.9831,NULL,https://github.com/ssfc/libMultiRobotPlanning-isolated,2025-09-04 14:46:33,5489,2230812
-1,random-32-32-20.map,random-32-32-20-random-1.scen,192,12400F,CBSDepthSelectConflict,ASTAR-whoenig,1,NULL,NULL,5090,21.2747,NULL,https://github.com/ssfc/libMultiRobotPlanning-isolated,2025-09-04 14:46:55,3465,1547985
-1,random-32-32-20.map,random-32-32-20-random-1.scen,193,12400F,CBSDepthSelectConflict,ASTAR-whoenig,1,NULL,NULL,5101,28.3876,NULL,https://github.com/ssfc/libMultiRobotPlanning-isolated,2025-09-04 14:47:23,4609,2031971
-1,random-32-32-20.map,random-32-32-20-random-1.scen,194,12400F,CBSDepthSelectConflict,ASTAR-whoenig,1,NULL,NULL,5146,19.3187,NULL,https://github.com/ssfc/libMultiRobotPlanning-isolated,2025-09-04 14:47:43,3058,1373302
-1,random-32-32-20.map,random-32-32-20-random-1.scen,195,12400F,CBSDepthSelectConflict,ASTAR-whoenig,1,NULL,NULL,5195,18.9609,NULL,https://github.com/ssfc/libMultiRobotPlanning-isolated,2025-09-04 14:48:02,2826,1367345
-1,random-32-32-20.map,random-32-32-20-random-1.scen,196,12400F,CBSDepthSelectConflict,ASTAR-whoenig,1,NULL,NULL,5225,19.2331,NULL,https://github.com/ssfc/libMultiRobotPlanning-isolated,2025-09-04 14:48:22,2769,1496743
-1,random-32-32-20.map,random-32-32-20-random-1.scen,197,12400F,CBSDepthSelectConflict,ASTAR-whoenig,1,NULL,NULL,5254,20.8446,NULL,https://github.com/ssfc/libMultiRobotPlanning-isolated,2025-09-04 14:48:43,2983,1570396
-1,random-32-32-20.map,random-32-32-20-random-1.scen,198,12400F,CBSDepthSelectConflict,ASTAR-whoenig,1,NULL,NULL,5316,19.0443,NULL,https://github.com/ssfc/libMultiRobotPlanning-isolated,2025-09-04 14:49:02,2860,1311001
-1,random-32-32-20.map,random-32-32-20-random-1.scen,199,12400F,CBSDepthSelectConflict,ASTAR-whoenig,1,NULL,NULL,5318,16.8662,NULL,https://github.com/ssfc/libMultiRobotPlanning-isolated,2025-09-04 14:49:19,2583,1180092
-1,random-32-32-20.map,random-32-32-20-random-1.scen,200,12400F,CBSDepthSelectConflict,ASTAR-whoenig,1,NULL,NULL,5381,18.7302,NULL,https://github.com/ssfc/libMultiRobotPlanning-isolated,2025-09-04 14:49:38,2773,1264344
-1,random-32-32-20.map,random-32-32-20-random-1.scen,201,12400F,CBSDepthSelectConflict,ASTAR-whoenig,1,NULL,NULL,5396,19.1374,NULL,https://github.com/ssfc/libMultiRobotPlanning-isolated,2025-09-04 14:49:58,2777,1382938
-1,random-32-32-20.map,random-32-32-20-random-1.scen,202,12400F,CBSDepthSelectConflict,ASTAR-whoenig,1,NULL,NULL,5484,23.6969,NULL,https://github.com/ssfc/libMultiRobotPlanning-isolated,2025-09-04 14:50:21,3168,1992358
-1,random-32-32-20.map,random-32-32-20-random-1.scen,203,12400F,CBSDepthSelectConflict,ASTAR-whoenig,1,NULL,NULL,5519,22.1764,NULL,https://github.com/ssfc/libMultiRobotPlanning-isolated,2025-09-04 14:50:44,3150,1640930
-1,random-32-32-20.map,random-32-32-20-random-1.scen,204,12400F,CBSDepthSelectConflict,ASTAR-whoenig,1,NULL,NULL,5538,22.3091,NULL,https://github.com/ssfc/libMultiRobotPlanning-isolated,2025-09-04 14:51:07,3158,1642135
-1,random-32-32-20.map,random-32-32-20-random-1.scen,205,12400F,CBSDepthSelectConflict,ASTAR-whoenig,1,NULL,NULL,5525,23.9172,NULL,https://github.com/ssfc/libMultiRobotPlanning-isolated,2025-09-04 14:51:31,3280,1792517
-1,random-32-32-20.map,random-32-32-20-random-1.scen,206,12400F,CBSDepthSelectConflict,ASTAR-whoenig,1,NULL,NULL,5576,23.2598,NULL,https://github.com/ssfc/libMultiRobotPlanning-isolated,2025-09-04 14:51:54,3285,1658233
-1,random-32-32-20.map,random-32-32-20-random-1.scen,207,12400F,CBSDepthSelectConflict,ASTAR-whoenig,1,NULL,NULL,5549,22.7254,NULL,https://github.com/ssfc/libMultiRobotPlanning-isolated,2025-09-04 14:52:17,3167,1664208
-1,random-32-32-20.map,random-32-32-20-random-1.scen,208,12400F,CBSDepthSelectConflict,ASTAR-whoenig,1,NULL,NULL,5640,23.6474,NULL,https://github.com/ssfc/libMultiRobotPlanning-isolated,2025-09-04 14:52:41,3197,1800134
-1,random-32-32-20.map,random-32-32-20-random-1.scen,209,12400F,CBSDepthSelectConflict,ASTAR-whoenig,1,NULL,NULL,5638,27.4251,NULL,https://github.com/ssfc/libMultiRobotPlanning-isolated,2025-09-04 14:53:09,3731,1982031
-1,random-32-32-20.map,random-32-32-20-random-1.scen,210,12400F,CBSDepthSelectConflict,ASTAR-whoenig,1,NULL,NULL,5685,23.197,NULL,https://github.com/ssfc/libMultiRobotPlanning-isolated,2025-09-04 14:53:33,3157,1748909
-1,random-32-32-20.map,random-32-32-20-random-1.scen,211,12400F,CBSDepthSelectConflict,ASTAR-whoenig,1,NULL,NULL,5753,26.4884,NULL,https://github.com/ssfc/libMultiRobotPlanning-isolated,2025-09-04 14:53:59,3588,1884295
-1,random-32-32-20.map,random-32-32-20-random-1.scen,212,12400F,CBSDepthSelectConflict,ASTAR-whoenig,1,NULL,NULL,5770,29.8239,NULL,https://github.com/ssfc/libMultiRobotPlanning-isolated,2025-09-04 14:54:30,3789,2342778
-1,random-32-32-20.map,random-32-32-20-random-1.scen,213,12400F,CBSDepthSelectConflict,ASTAR-whoenig,1,NULL,NULL,5789,58.7446,NULL,https://github.com/ssfc/libMultiRobotPlanning-isolated,2025-09-04 14:55:29,8140,4073798
-1,random-32-32-20.map,random-32-32-20-random-1.scen,214,12400F,CBSDepthSelectConflict,ASTAR-whoenig,1,NULL,NULL,5869,34.2133,NULL,https://github.com/ssfc/libMultiRobotPlanning-isolated,2025-09-04 14:56:04,4212,2682921
-1,random-32-32-20.map,random-32-32-20-random-1.scen,215,12400F,CBSDepthSelectConflict,ASTAR-whoenig,1,NULL,NULL,5875,32.0045,NULL,https://github.com/ssfc/libMultiRobotPlanning-isolated,2025-09-04 14:56:36,4046,2374312
-1,random-32-32-20.map,random-32-32-20-random-1.scen,216,12400F,CBSDepthSelectConflict,ASTAR-whoenig,1,NULL,NULL,5905,32.8178,NULL,https://github.com/ssfc/libMultiRobotPlanning-isolated,2025-09-04 14:57:09,4128,2442862
-1,random-32-32-20.map,random-32-32-20-random-1.scen,217,12400F,CBSDepthSelectConflict,ASTAR-whoenig,1,NULL,NULL,5893,46.6142,NULL,https://github.com/ssfc/libMultiRobotPlanning-isolated,2025-09-04 14:57:56,6436,3286878
-1,random-32-32-20.map,random-32-32-20-random-1.scen,218,12400F,CBSDepthSelectConflict,ASTAR-whoenig,1,NULL,NULL,5901,39.8967,NULL,https://github.com/ssfc/libMultiRobotPlanning-isolated,2025-09-04 14:58:37,5986,2503747
-1,random-32-32-20.map,random-32-32-20-random-1.scen,219,12400F,CBSDepthSelectConflict,ASTAR-whoenig,1,NULL,NULL,6011,52.3154,NULL,https://github.com/ssfc/libMultiRobotPlanning-isolated,2025-09-04 14:59:30,7658,3344387
-1,random-32-32-20.map,random-32-32-20-random-1.scen,220,12400F,CBSDepthSelectConflict,ASTAR-whoenig,1,NULL,NULL,6017,48.5048,NULL,https://github.com/ssfc/libMultiRobotPlanning-isolated,2025-09-04 15:00:19,6573,3383685
-1,random-32-32-20.map,random-32-32-20-random-1.scen,221,12400F,CBSDepthSelectConflict,ASTAR-whoenig,1,NULL,NULL,6035,43.2427,NULL,https://github.com/ssfc/libMultiRobotPlanning-isolated,2025-09-04 15:01:03,5744,2913836
-1,random-32-32-20.map,random-32-32-20-random-1.scen,222,12400F,CBSDepthSelectConflict,ASTAR-whoenig,1,NULL,NULL,6097,46.0125,NULL,https://github.com/ssfc/libMultiRobotPlanning-isolated,2025-09-04 15:01:49,5998,3190253
-1,random-32-32-20.map,random-32-32-20-random-1.scen,226,12400F,CBSDepthSelectConflict,ASTAR-whoenig,1,NULL,NULL,6271,1129.14,NULL,https://github.com/ssfc/libMultiRobotPlanning-isolated,2025-09-04 15:38:46,225195,46491079
-1,random-32-32-20.map,random-32-32-20-random-1.scen,227,12400F,CBSDepthSelectConflict,ASTAR-whoenig,1,NULL,NULL,INF,1800.02,NULL,https://github.com/ssfc/libMultiRobotPlanning-isolated,2025-09-04 16:08:53,362361,71594586
-1,random-32-32-20.map,random-32-32-20-random-1.scen,228,12400F,CBSDepthSelectConflict,ASTAR-whoenig,1,NULL,NULL,INF,1800.04,NULL,https://github.com/ssfc/libMultiRobotPlanning-isolated,2025-09-04 16:39:04,359321,71752893
-1,random-32-32-20.map,random-32-32-20-random-1.scen,229,12400F,CBSDepthSelectConflict,ASTAR-whoenig,1,NULL,NULL,6351,1353.88,NULL,https://github.com/ssfc/libMultiRobotPlanning-isolated,2025-09-04 17:01:49,242862,55794730
-1,random-32-32-20.map,random-32-32-20-random-1.scen,230,12400F,CBSDepthSelectConflict,ASTAR-whoenig,1,NULL,NULL,6371,1251.13,NULL,https://github.com/ssfc/libMultiRobotPlanning-isolated,2025-09-04 17:22:49,228365,49301969
-1,random-32-32-20.map,random-32-32-20-random-1.scen,231,12400F,CBSDepthSelectConflict,ASTAR-whoenig,1,NULL,NULL,INF,1800.03,NULL,https://github.com/ssfc/libMultiRobotPlanning-isolated,2025-09-04 17:52:56,340461,64732975
-1,random-32-32-20.map,random-32-32-20-random-1.scen,232,12400F,CBSDepthSelectConflict,ASTAR-whoenig,1,NULL,NULL,INF,1800.03,NULL,https://github.com/ssfc/libMultiRobotPlanning-isolated,2025-09-04 18:23:06,341761,62164765
-1,random-32-32-20.map,random-32-32-20-random-1.scen,233,12400F,CBSDepthSelectConflict,ASTAR-whoenig,1,NULL,NULL,INF,1800.05,NULL,https://github.com/ssfc/libMultiRobotPlanning-isolated,2025-09-04 18:53:16,338271,63272850
-1,random-32-32-20.map,random-32-32-20-random-1.scen,234,12400F,CBSDepthSelectConflict,ASTAR-whoenig,1,NULL,NULL,INF,1800.03,NULL,https://github.com/ssfc/libMultiRobotPlanning-isolated,2025-09-04 19:23:25,337641,62924705
-1,random-32-32-20.map,random-32-32-20-random-1.scen,235,12400F,CBSDepthSelectConflict,ASTAR-whoenig,1,NULL,NULL,INF,1800.05,NULL,https://github.com/ssfc/libMultiRobotPlanning-isolated,2025-09-04 19:53:35,336071,62978287
-1,random-32-32-20.map,random-32-32-20-random-1.scen,236,12400F,CBSDepthSelectConflict,ASTAR-whoenig,1,NULL,NULL,INF,1800.03,NULL,https://github.com/ssfc/libMultiRobotPlanning-isolated,2025-09-04 20:23:44,334541,62682391
-1,random-32-32-20.map,random-32-32-20-random-1.scen,1,12400F,CBSDepthSelectConflict+constraintByOrder,ASTAR-whoenig,1,NULL,NULL,38,0.002882,NULL,https://github.com/ssfc/libMultiRobotPlanning-isolated,2025-09-04 20:38:34,1,168
-1,random-32-32-20.map,random-32-32-20-random-1.scen,2,12400F,CBSDepthSelectConflict+constraintByOrder,ASTAR-whoenig,1,NULL,NULL,52,0.002871,NULL,https://github.com/ssfc/libMultiRobotPlanning-isolated,2025-09-04 20:38:34,1,210
-1,random-32-32-20.map,random-32-32-20-random-1.scen,3,12400F,CBSDepthSelectConflict+constraintByOrder,ASTAR-whoenig,1,NULL,NULL,83,0.00738,NULL,https://github.com/ssfc/libMultiRobotPlanning-isolated,2025-09-04 20:38:34,1,518
-1,random-32-32-20.map,random-32-32-20-random-1.scen,4,12400F,CBSDepthSelectConflict+constraintByOrder,ASTAR-whoenig,1,NULL,NULL,105,0.005663,NULL,https://github.com/ssfc/libMultiRobotPlanning-isolated,2025-09-04 20:38:34,1,579
-1,random-32-32-20.map,random-32-32-20-random-1.scen,5,12400F,CBSDepthSelectConflict+constraintByOrder,ASTAR-whoenig,1,NULL,NULL,138,0.006967,NULL,https://github.com/ssfc/libMultiRobotPlanning-isolated,2025-09-04 20:38:34,1,692
-1,random-32-32-20.map,random-32-32-20-random-1.scen,6,12400F,CBSDepthSelectConflict+constraintByOrder,ASTAR-whoenig,1,NULL,NULL,164,0.006138,NULL,https://github.com/ssfc/libMultiRobotPlanning-isolated,2025-09-04 20:38:34,1,779
-1,random-32-32-20.map,random-32-32-20-random-1.scen,7,12400F,CBSDepthSelectConflict+constraintByOrder,ASTAR-whoenig,1,NULL,NULL,181,0.014141,NULL,https://github.com/ssfc/libMultiRobotPlanning-isolated,2025-09-04 20:38:34,1,814
-1,random-32-32-20.map,random-32-32-20-random-1.scen,8,12400F,CBSDepthSelectConflict+constraintByOrder,ASTAR-whoenig,1,NULL,NULL,193,0.010894,NULL,https://github.com/ssfc/libMultiRobotPlanning-isolated,2025-09-04 20:38:34,2,881
-1,random-32-32-20.map,random-32-32-20-random-1.scen,9,12400F,CBSDepthSelectConflict+constraintByOrder,ASTAR-whoenig,1,NULL,NULL,199,0.008718,NULL,https://github.com/ssfc/libMultiRobotPlanning-isolated,2025-09-04 20:38:34,2,886
-1,random-32-32-20.map,random-32-32-20-random-1.scen,10,12400F,CBSDepthSelectConflict+constraintByOrder,ASTAR-whoenig,1,NULL,NULL,216,0.00749,NULL,https://github.com/ssfc/libMultiRobotPlanning-isolated,2025-09-04 20:38:34,2,903
-1,random-32-32-20.map,random-32-32-20-random-1.scen,11,12400F,CBSDepthSelectConflict+constraintByOrder,ASTAR-whoenig,1,NULL,NULL,240,0.010773,NULL,https://github.com/ssfc/libMultiRobotPlanning-isolated,2025-09-04 20:38:35,3,1118
-1,random-32-32-20.map,random-32-32-20-random-1.scen,12,12400F,CBSDepthSelectConflict+constraintByOrder,ASTAR-whoenig,1,NULL,NULL,265,0.012348,NULL,https://github.com/ssfc/libMultiRobotPlanning-isolated,2025-09-04 20:38:35,3,1158
-1,random-32-32-20.map,random-32-32-20-random-1.scen,13,12400F,CBSDepthSelectConflict+constraintByOrder,ASTAR-whoenig,1,NULL,NULL,282,0.016526,NULL,https://github.com/ssfc/libMultiRobotPlanning-isolated,2025-09-04 20:38:35,8,2142
-1,random-32-32-20.map,random-32-32-20-random-1.scen,14,12400F,CBSDepthSelectConflict+constraintByOrder,ASTAR-whoenig,1,NULL,NULL,332,0.018021,NULL,https://github.com/ssfc/libMultiRobotPlanning-isolated,2025-09-04 20:38:35,9,2454
-1,random-32-32-20.map,random-32-32-20-random-1.scen,15,12400F,CBSDepthSelectConflict+constraintByOrder,ASTAR-whoenig,1,NULL,NULL,357,0.018701,NULL,https://github.com/ssfc/libMultiRobotPlanning-isolated,2025-09-04 20:38:35,9,2500
-1,random-32-32-20.map,random-32-32-20-random-1.scen,16,12400F,CBSDepthSelectConflict+constraintByOrder,ASTAR-whoenig,1,NULL,NULL,397,0.021852,NULL,https://github.com/ssfc/libMultiRobotPlanning-isolated,2025-09-04 20:38:35,10,3300
-1,random-32-32-20.map,random-32-32-20-random-1.scen,17,12400F,CBSDepthSelectConflict+constraintByOrder,ASTAR-whoenig,1,NULL,NULL,417,0.022113,NULL,https://github.com/ssfc/libMultiRobotPlanning-isolated,2025-09-04 20:38:35,10,3320
-1,random-32-32-20.map,random-32-32-20-random-1.scen,18,12400F,CBSDepthSelectConflict+constraintByOrder,ASTAR-whoenig,1,NULL,NULL,426,0.023,NULL,https://github.com/ssfc/libMultiRobotPlanning-isolated,2025-09-04 20:38:35,10,3328
-1,random-32-32-20.map,random-32-32-20-random-1.scen,19,12400F,CBSDepthSelectConflict+constraintByOrder,ASTAR-whoenig,1,NULL,NULL,440,0.02311,NULL,https://github.com/ssfc/libMultiRobotPlanning-isolated,2025-09-04 20:38:35,10,3346
-1,random-32-32-20.map,random-32-32-20-random-1.scen,20,12400F,CBSDepthSelectConflict+constraintByOrder,ASTAR-whoenig,1,NULL,NULL,450,0.023455,NULL,https://github.com/ssfc/libMultiRobotPlanning-isolated,2025-09-04 20:38:35,10,3355
-1,random-32-32-20.map,random-32-32-20-random-1.scen,21,12400F,CBSDepthSelectConflict+constraintByOrder,ASTAR-whoenig,1,NULL,NULL,483,0.024122,NULL,https://github.com/ssfc/libMultiRobotPlanning-isolated,2025-09-04 20:38:35,10,3421
-1,random-32-32-20.map,random-32-32-20-random-1.scen,22,12400F,CBSDepthSelectConflict+constraintByOrder,ASTAR-whoenig,1,NULL,NULL,495,0.026031,NULL,https://github.com/ssfc/libMultiRobotPlanning-isolated,2025-09-04 20:38:35,13,3517
-1,random-32-32-20.map,random-32-32-20-random-1.scen,23,12400F,CBSDepthSelectConflict+constraintByOrder,ASTAR-whoenig,1,NULL,NULL,511,0.026493,NULL,https://github.com/ssfc/libMultiRobotPlanning-isolated,2025-09-04 20:38:35,14,3420
-1,random-32-32-20.map,random-32-32-20-random-1.scen,24,12400F,CBSDepthSelectConflict+constraintByOrder,ASTAR-whoenig,1,NULL,NULL,560,0.027977,NULL,https://github.com/ssfc/libMultiRobotPlanning-isolated,2025-09-04 20:38:35,15,3666
-1,random-32-32-20.map,random-32-32-20-random-1.scen,25,12400F,CBSDepthSelectConflict+constraintByOrder,ASTAR-whoenig,1,NULL,NULL,576,0.03007,NULL,https://github.com/ssfc/libMultiRobotPlanning-isolated,2025-09-04 20:38:35,15,3733
-1,random-32-32-20.map,random-32-32-20-random-1.scen,26,12400F,CBSDepthSelectConflict+constraintByOrder,ASTAR-whoenig,1,NULL,NULL,611,0.031477,NULL,https://github.com/ssfc/libMultiRobotPlanning-isolated,2025-09-04 20:38:35,15,4004
-1,random-32-32-20.map,random-32-32-20-random-1.scen,27,12400F,CBSDepthSelectConflict+constraintByOrder,ASTAR-whoenig,1,NULL,NULL,646,0.048136,NULL,https://github.com/ssfc/libMultiRobotPlanning-isolated,2025-09-04 20:38:35,20,6866
-1,random-32-32-20.map,random-32-32-20-random-1.scen,28,12400F,CBSDepthSelectConflict+constraintByOrder,ASTAR-whoenig,1,NULL,NULL,654,0.049769,NULL,https://github.com/ssfc/libMultiRobotPlanning-isolated,2025-09-04 20:38:35,20,6873
-1,random-32-32-20.map,random-32-32-20-random-1.scen,29,12400F,CBSDepthSelectConflict+constraintByOrder,ASTAR-whoenig,1,NULL,NULL,662,0.049233,NULL,https://github.com/ssfc/libMultiRobotPlanning-isolated,2025-09-04 20:38:35,20,6883
-1,random-32-32-20.map,random-32-32-20-random-1.scen,30,12400F,CBSDepthSelectConflict+constraintByOrder,ASTAR-whoenig,1,NULL,NULL,695,0.05948,NULL,https://github.com/ssfc/libMultiRobotPlanning-isolated,2025-09-04 20:38:35,24,8299
-1,random-32-32-20.map,random-32-32-20-random-1.scen,31,12400F,CBSDepthSelectConflict+constraintByOrder,ASTAR-whoenig,1,NULL,NULL,717,0.07579,NULL,https://github.com/ssfc/libMultiRobotPlanning-isolated,2025-09-04 20:38:35,30,10803
-1,random-32-32-20.map,random-32-32-20-random-1.scen,32,12400F,CBSDepthSelectConflict+constraintByOrder,ASTAR-whoenig,1,NULL,NULL,739,0.076082,NULL,https://github.com/ssfc/libMultiRobotPlanning-isolated,2025-09-04 20:38:35,30,10824
-1,random-32-32-20.map,random-32-32-20-random-1.scen,33,12400F,CBSDepthSelectConflict+constraintByOrder,ASTAR-whoenig,1,NULL,NULL,749,0.07703,NULL,https://github.com/ssfc/libMultiRobotPlanning-isolated,2025-09-04 20:38:35,30,10833
-1,random-32-32-20.map,random-32-32-20-random-1.scen,34,12400F,CBSDepthSelectConflict+constraintByOrder,ASTAR-whoenig,1,NULL,NULL,777,0.077957,NULL,https://github.com/ssfc/libMultiRobotPlanning-isolated,2025-09-04 20:38:35,30,10860
-1,random-32-32-20.map,random-32-32-20-random-1.scen,35,12400F,CBSDepthSelectConflict+constraintByOrder,ASTAR-whoenig,1,NULL,NULL,805,0.07848,NULL,https://github.com/ssfc/libMultiRobotPlanning-isolated,2025-09-04 20:38:35,30,10887
-1,random-32-32-20.map,random-32-32-20-random-1.scen,36,12400F,CBSDepthSelectConflict+constraintByOrder,ASTAR-whoenig,1,NULL,NULL,847,0.085111,NULL,https://github.com/ssfc/libMultiRobotPlanning-isolated,2025-09-04 20:38:36,31,11790
-1,random-32-32-20.map,random-32-32-20-random-1.scen,37,12400F,CBSDepthSelectConflict+constraintByOrder,ASTAR-whoenig,1,NULL,NULL,855,0.085363,NULL,https://github.com/ssfc/libMultiRobotPlanning-isolated,2025-09-04 20:38:36,31,11797
-1,random-32-32-20.map,random-32-32-20-random-1.scen,38,12400F,CBSDepthSelectConflict+constraintByOrder,ASTAR-whoenig,1,NULL,NULL,866,0.086978,NULL,https://github.com/ssfc/libMultiRobotPlanning-isolated,2025-09-04 20:38:36,32,11856
-1,random-32-32-20.map,random-32-32-20-random-1.scen,39,12400F,CBSDepthSelectConflict+constraintByOrder,ASTAR-whoenig,1,NULL,NULL,888,0.107213,NULL,https://github.com/ssfc/libMultiRobotPlanning-isolated,2025-09-04 20:38:36,43,14002
-1,random-32-32-20.map,random-32-32-20-random-1.scen,40,12400F,CBSDepthSelectConflict+constraintByOrder,ASTAR-whoenig,1,NULL,NULL,913,0.106278,NULL,https://github.com/ssfc/libMultiRobotPlanning-isolated,2025-09-04 20:38:36,44,13561
-1,random-32-32-20.map,random-32-32-20-random-1.scen,41,12400F,CBSDepthSelectConflict+constraintByOrder,ASTAR-whoenig,1,NULL,NULL,933,0.107978,NULL,https://github.com/ssfc/libMultiRobotPlanning-isolated,2025-09-04 20:38:36,44,13594
-1,random-32-32-20.map,random-32-32-20-random-1.scen,42,12400F,CBSDepthSelectConflict+constraintByOrder,ASTAR-whoenig,1,NULL,NULL,945,0.108816,NULL,https://github.com/ssfc/libMultiRobotPlanning-isolated,2025-09-04 20:38:36,44,13612
-1,random-32-32-20.map,random-32-32-20-random-1.scen,43,12400F,CBSDepthSelectConflict+constraintByOrder,ASTAR-whoenig,1,NULL,NULL,986,0.112833,NULL,https://github.com/ssfc/libMultiRobotPlanning-isolated,2025-09-04 20:38:36,45,14058
-1,random-32-32-20.map,random-32-32-20-random-1.scen,44,12400F,CBSDepthSelectConflict+constraintByOrder,ASTAR-whoenig,1,NULL,NULL,1028,0.125397,NULL,https://github.com/ssfc/libMultiRobotPlanning-isolated,2025-09-04 20:38:36,47,15710
-1,random-32-32-20.map,random-32-32-20-random-1.scen,45,12400F,CBSDepthSelectConflict+constraintByOrder,ASTAR-whoenig,1,NULL,NULL,1066,0.126686,NULL,https://github.com/ssfc/libMultiRobotPlanning-isolated,2025-09-04 20:38:37,47,15798
-1,random-32-32-20.map,random-32-32-20-random-1.scen,46,12400F,CBSDepthSelectConflict+constraintByOrder,ASTAR-whoenig,1,NULL,NULL,1108,0.157123,NULL,https://github.com/ssfc/libMultiRobotPlanning-isolated,2025-09-04 20:38:37,58,19787
-1,random-32-32-20.map,random-32-32-20-random-1.scen,47,12400F,CBSDepthSelectConflict+constraintByOrder,ASTAR-whoenig,1,NULL,NULL,1139,0.161918,NULL,https://github.com/ssfc/libMultiRobotPlanning-isolated,2025-09-04 20:38:37,59,20194
-1,random-32-32-20.map,random-32-32-20-random-1.scen,48,12400F,CBSDepthSelectConflict+constraintByOrder,ASTAR-whoenig,1,NULL,NULL,1168,0.210951,NULL,https://github.com/ssfc/libMultiRobotPlanning-isolated,2025-09-04 20:38:37,83,26073
-1,random-32-32-20.map,random-32-32-20-random-1.scen,49,12400F,CBSDepthSelectConflict+constraintByOrder,ASTAR-whoenig,1,NULL,NULL,1184,0.216167,NULL,https://github.com/ssfc/libMultiRobotPlanning-isolated,2025-09-04 20:38:37,84,26332
-1,random-32-32-20.map,random-32-32-20-random-1.scen,50,12400F,CBSDepthSelectConflict+constraintByOrder,ASTAR-whoenig,1,NULL,NULL,1220,0.261773,NULL,https://github.com/ssfc/libMultiRobotPlanning-isolated,2025-09-04 20:38:38,106,30950
-1,random-32-32-20.map,random-32-32-20-random-1.scen,51,12400F,CBSDepthSelectConflict+constraintByOrder,ASTAR-whoenig,1,NULL,NULL,1257,0.268578,NULL,https://github.com/ssfc/libMultiRobotPlanning-isolated,2025-09-04 20:38:38,108,31350
-1,random-32-32-20.map,random-32-32-20-random-1.scen,52,12400F,CBSDepthSelectConflict+constraintByOrder,ASTAR-whoenig,1,NULL,NULL,1275,0.269521,NULL,https://github.com/ssfc/libMultiRobotPlanning-isolated,2025-09-04 20:38:38,108,31367
-1,random-32-32-20.map,random-32-32-20-random-1.scen,53,12400F,CBSDepthSelectConflict+constraintByOrder,ASTAR-whoenig,1,NULL,NULL,1295,0.274793,NULL,https://github.com/ssfc/libMultiRobotPlanning-isolated,2025-09-04 20:38:38,110,31513
-1,random-32-32-20.map,random-32-32-20-random-1.scen,54,12400F,CBSDepthSelectConflict+constraintByOrder,ASTAR-whoenig,1,NULL,NULL,1322,0.353417,NULL,https://github.com/ssfc/libMultiRobotPlanning-isolated,2025-09-04 20:38:39,124,43952
-1,random-32-32-20.map,random-32-32-20-random-1.scen,55,12400F,CBSDepthSelectConflict+constraintByOrder,ASTAR-whoenig,1,NULL,NULL,1335,0.288363,NULL,https://github.com/ssfc/libMultiRobotPlanning-isolated,2025-09-04 20:38:39,107,34004
-1,random-32-32-20.map,random-32-32-20-random-1.scen,56,12400F,CBSDepthSelectConflict+constraintByOrder,ASTAR-whoenig,1,NULL,NULL,1386,0.37583,NULL,https://github.com/ssfc/libMultiRobotPlanning-isolated,2025-09-04 20:38:39,134,45215
-1,random-32-32-20.map,random-32-32-20-random-1.scen,57,12400F,CBSDepthSelectConflict+constraintByOrder,ASTAR-whoenig,1,NULL,NULL,1432,0.386763,NULL,https://github.com/ssfc/libMultiRobotPlanning-isolated,2025-09-04 20:38:40,139,45715
-1,random-32-32-20.map,random-32-32-20-random-1.scen,58,12400F,CBSDepthSelectConflict+constraintByOrder,ASTAR-whoenig,1,NULL,NULL,1471,0.406158,NULL,https://github.com/ssfc/libMultiRobotPlanning-isolated,2025-09-04 20:38:40,139,47541
-1,random-32-32-20.map,random-32-32-20-random-1.scen,59,12400F,CBSDepthSelectConflict+constraintByOrder,ASTAR-whoenig,1,NULL,NULL,1502,0.560583,NULL,https://github.com/ssfc/libMultiRobotPlanning-isolated,2025-09-04 20:38:41,176,70146
-1,random-32-32-20.map,random-32-32-20-random-1.scen,60,12400F,CBSDepthSelectConflict+constraintByOrder,ASTAR-whoenig,1,NULL,NULL,1545,0.577358,NULL,https://github.com/ssfc/libMultiRobotPlanning-isolated,2025-09-04 20:38:41,180,71223
-1,random-32-32-20.map,random-32-32-20-random-1.scen,61,12400F,CBSDepthSelectConflict+constraintByOrder,ASTAR-whoenig,1,NULL,NULL,1560,0.579462,NULL,https://github.com/ssfc/libMultiRobotPlanning-isolated,2025-09-04 20:38:42,180,71245
-1,random-32-32-20.map,random-32-32-20-random-1.scen,62,12400F,CBSDepthSelectConflict+constraintByOrder,ASTAR-whoenig,1,NULL,NULL,1586,0.553629,NULL,https://github.com/ssfc/libMultiRobotPlanning-isolated,2025-09-04 20:38:43,169,68057
-1,random-32-32-20.map,random-32-32-20-random-1.scen,63,12400F,CBSDepthSelectConflict+constraintByOrder,ASTAR-whoenig,1,NULL,NULL,1609,0.644798,NULL,https://github.com/ssfc/libMultiRobotPlanning-isolated,2025-09-04 20:38:43,190,80763
-1,random-32-32-20.map,random-32-32-20-random-1.scen,64,12400F,CBSDepthSelectConflict+constraintByOrder,ASTAR-whoenig,1,NULL,NULL,1627,0.463693,NULL,https://github.com/ssfc/libMultiRobotPlanning-isolated,2025-09-04 20:38:44,160,50811
-1,random-32-32-20.map,random-32-32-20-random-1.scen,65,12400F,CBSDepthSelectConflict+constraintByOrder,ASTAR-whoenig,1,NULL,NULL,1654,0.473265,NULL,https://github.com/ssfc/libMultiRobotPlanning-isolated,2025-09-04 20:38:44,165,51481
-1,random-32-32-20.map,random-32-32-20-random-1.scen,66,12400F,CBSDepthSelectConflict+constraintByOrder,ASTAR-whoenig,1,NULL,NULL,1689,0.478957,NULL,https://github.com/ssfc/libMultiRobotPlanning-isolated,2025-09-04 20:38:45,165,51540
-1,random-32-32-20.map,random-32-32-20-random-1.scen,67,12400F,CBSDepthSelectConflict+constraintByOrder,ASTAR-whoenig,1,NULL,NULL,1712,0.480398,NULL,https://github.com/ssfc/libMultiRobotPlanning-isolated,2025-09-04 20:38:45,165,51562
-1,random-32-32-20.map,random-32-32-20-random-1.scen,68,12400F,CBSDepthSelectConflict+constraintByOrder,ASTAR-whoenig,1,NULL,NULL,1754,0.49447,NULL,https://github.com/ssfc/libMultiRobotPlanning-isolated,2025-09-04 20:38:46,168,52383
-1,random-32-32-20.map,random-32-32-20-random-1.scen,69,12400F,CBSDepthSelectConflict+constraintByOrder,ASTAR-whoenig,1,NULL,NULL,1766,0.497955,NULL,https://github.com/ssfc/libMultiRobotPlanning-isolated,2025-09-04 20:38:46,168,52402
-1,random-32-32-20.map,random-32-32-20-random-1.scen,70,12400F,CBSDepthSelectConflict+constraintByOrder,ASTAR-whoenig,1,NULL,NULL,1815,0.636356,NULL,https://github.com/ssfc/libMultiRobotPlanning-isolated,2025-09-04 20:38:47,192,73863
-1,random-32-32-20.map,random-32-32-20-random-1.scen,71,12400F,CBSDepthSelectConflict+constraintByOrder,ASTAR-whoenig,1,NULL,NULL,1850,0.631794,NULL,https://github.com/ssfc/libMultiRobotPlanning-isolated,2025-09-04 20:38:47,200,69147
-1,random-32-32-20.map,random-32-32-20-random-1.scen,72,12400F,CBSDepthSelectConflict+constraintByOrder,ASTAR-whoenig,1,NULL,NULL,1884,0.631051,NULL,https://github.com/ssfc/libMultiRobotPlanning-isolated,2025-09-04 20:38:48,206,66215
-1,random-32-32-20.map,random-32-32-20-random-1.scen,73,12400F,CBSDepthSelectConflict+constraintByOrder,ASTAR-whoenig,1,NULL,NULL,1902,0.638632,NULL,https://github.com/ssfc/libMultiRobotPlanning-isolated,2025-09-04 20:38:49,206,66237
-1,random-32-32-20.map,random-32-32-20-random-1.scen,74,12400F,CBSDepthSelectConflict+constraintByOrder,ASTAR-whoenig,1,NULL,NULL,1916,0.622066,NULL,https://github.com/ssfc/libMultiRobotPlanning-isolated,2025-09-04 20:38:49,198,64541
-1,random-32-32-20.map,random-32-32-20-random-1.scen,75,12400F,CBSDepthSelectConflict+constraintByOrder,ASTAR-whoenig,1,NULL,NULL,1937,0.713676,NULL,https://github.com/ssfc/libMultiRobotPlanning-isolated,2025-09-04 20:38:50,220,76397
-1,random-32-32-20.map,random-32-32-20-random-1.scen,76,12400F,CBSDepthSelectConflict+constraintByOrder,ASTAR-whoenig,1,NULL,NULL,1954,0.807384,NULL,https://github.com/ssfc/libMultiRobotPlanning-isolated,2025-09-04 20:38:51,243,87796
-1,random-32-32-20.map,random-32-32-20-random-1.scen,77,12400F,CBSDepthSelectConflict+constraintByOrder,ASTAR-whoenig,1,NULL,NULL,1971,0.821245,NULL,https://github.com/ssfc/libMultiRobotPlanning-isolated,2025-09-04 20:38:52,245,88186
-1,random-32-32-20.map,random-32-32-20-random-1.scen,78,12400F,CBSDepthSelectConflict+constraintByOrder,ASTAR-whoenig,1,NULL,NULL,1997,0.851264,NULL,https://github.com/ssfc/libMultiRobotPlanning-isolated,2025-09-04 20:38:53,251,91506
-1,random-32-32-20.map,random-32-32-20-random-1.scen,79,12400F,CBSDepthSelectConflict+constraintByOrder,ASTAR-whoenig,1,NULL,NULL,2010,0.850858,NULL,https://github.com/ssfc/libMultiRobotPlanning-isolated,2025-09-04 20:38:53,251,91531
-1,random-32-32-20.map,random-32-32-20-random-1.scen,80,12400F,CBSDepthSelectConflict+constraintByOrder,ASTAR-whoenig,1,NULL,NULL,2061,0.91979,NULL,https://github.com/ssfc/libMultiRobotPlanning-isolated,2025-09-04 20:38:54,271,96927
-1,random-32-32-20.map,random-32-32-20-random-1.scen,81,12400F,CBSDepthSelectConflict+constraintByOrder,ASTAR-whoenig,1,NULL,NULL,2085,0.896639,NULL,https://github.com/ssfc/libMultiRobotPlanning-isolated,2025-09-04 20:38:55,270,92314
-1,random-32-32-20.map,random-32-32-20-random-1.scen,82,12400F,CBSDepthSelectConflict+constraintByOrder,ASTAR-whoenig,1,NULL,NULL,2107,0.907676,NULL,https://github.com/ssfc/libMultiRobotPlanning-isolated,2025-09-04 20:38:56,271,92820
-1,random-32-32-20.map,random-32-32-20-random-1.scen,83,12400F,CBSDepthSelectConflict+constraintByOrder,ASTAR-whoenig,1,NULL,NULL,2117,0.848496,NULL,https://github.com/ssfc/libMultiRobotPlanning-isolated,2025-09-04 20:38:57,260,83965
-1,random-32-32-20.map,random-32-32-20-random-1.scen,84,12400F,CBSDepthSelectConflict+constraintByOrder,ASTAR-whoenig,1,NULL,NULL,2171,1.13603,NULL,https://github.com/ssfc/libMultiRobotPlanning-isolated,2025-09-04 20:38:58,304,126070
-1,random-32-32-20.map,random-32-32-20-random-1.scen,85,12400F,CBSDepthSelectConflict+constraintByOrder,ASTAR-whoenig,1,NULL,NULL,2211,1.1316,NULL,https://github.com/ssfc/libMultiRobotPlanning-isolated,2025-09-04 20:38:59,301,124893
-1,random-32-32-20.map,random-32-32-20-random-1.scen,86,12400F,CBSDepthSelectConflict+constraintByOrder,ASTAR-whoenig,1,NULL,NULL,2249,1.35024,NULL,https://github.com/ssfc/libMultiRobotPlanning-isolated,2025-09-04 20:39:01,351,150589
-1,random-32-32-20.map,random-32-32-20-random-1.scen,87,12400F,CBSDepthSelectConflict+constraintByOrder,ASTAR-whoenig,1,NULL,NULL,2273,1.50717,NULL,https://github.com/ssfc/libMultiRobotPlanning-isolated,2025-09-04 20:39:02,376,172505
-1,random-32-32-20.map,random-32-32-20-random-1.scen,88,12400F,CBSDepthSelectConflict+constraintByOrder,ASTAR-whoenig,1,NULL,NULL,2295,1.52614,NULL,https://github.com/ssfc/libMultiRobotPlanning-isolated,2025-09-04 20:39:04,378,172242
-1,random-32-32-20.map,random-32-32-20-random-1.scen,89,12400F,CBSDepthSelectConflict+constraintByOrder,ASTAR-whoenig,1,NULL,NULL,2315,1.26729,NULL,https://github.com/ssfc/libMultiRobotPlanning-isolated,2025-09-04 20:39:05,352,129364
-1,random-32-32-20.map,random-32-32-20-random-1.scen,90,12400F,CBSDepthSelectConflict+constraintByOrder,ASTAR-whoenig,1,NULL,NULL,2347,1.44215,NULL,https://github.com/ssfc/libMultiRobotPlanning-isolated,2025-09-04 20:39:06,374,155507
-1,random-32-32-20.map,random-32-32-20-random-1.scen,91,12400F,CBSDepthSelectConflict+constraintByOrder,ASTAR-whoenig,1,NULL,NULL,2363,1.45318,NULL,https://github.com/ssfc/libMultiRobotPlanning-isolated,2025-09-04 20:39:08,374,155544
-1,random-32-32-20.map,random-32-32-20-random-1.scen,92,12400F,CBSDepthSelectConflict+constraintByOrder,ASTAR-whoenig,1,NULL,NULL,2392,1.57455,NULL,https://github.com/ssfc/libMultiRobotPlanning-isolated,2025-09-04 20:39:09,389,171874
-1,random-32-32-20.map,random-32-32-20-random-1.scen,93,12400F,CBSDepthSelectConflict+constraintByOrder,ASTAR-whoenig,1,NULL,NULL,2443,1.49685,NULL,https://github.com/ssfc/libMultiRobotPlanning-isolated,2025-09-04 20:39:11,402,150190
-1,random-32-32-20.map,random-32-32-20-random-1.scen,94,12400F,CBSDepthSelectConflict+constraintByOrder,ASTAR-whoenig,1,NULL,NULL,2463,1.58484,NULL,https://github.com/ssfc/libMultiRobotPlanning-isolated,2025-09-04 20:39:13,424,159745
-1,random-32-32-20.map,random-32-32-20-random-1.scen,95,12400F,CBSDepthSelectConflict+constraintByOrder,ASTAR-whoenig,1,NULL,NULL,2490,1.62401,NULL,https://github.com/ssfc/libMultiRobotPlanning-isolated,2025-09-04 20:39:14,434,161813
-1,random-32-32-20.map,random-32-32-20-random-1.scen,96,12400F,CBSDepthSelectConflict+constraintByOrder,ASTAR-whoenig,1,NULL,NULL,2498,1.6395,NULL,https://github.com/ssfc/libMultiRobotPlanning-isolated,2025-09-04 20:39:16,434,161820
-1,random-32-32-20.map,random-32-32-20-random-1.scen,97,12400F,CBSDepthSelectConflict+constraintByOrder,ASTAR-whoenig,1,NULL,NULL,2534,1.71479,NULL,https://github.com/ssfc/libMultiRobotPlanning-isolated,2025-09-04 20:39:18,435,175401
-1,random-32-32-20.map,random-32-32-20-random-1.scen,98,12400F,CBSDepthSelectConflict+constraintByOrder,ASTAR-whoenig,1,NULL,NULL,2552,1.7172,NULL,https://github.com/ssfc/libMultiRobotPlanning-isolated,2025-09-04 20:39:19,436,175527
-1,random-32-32-20.map,random-32-32-20-random-1.scen,99,12400F,CBSDepthSelectConflict+constraintByOrder,ASTAR-whoenig,1,NULL,NULL,2577,1.63005,NULL,https://github.com/ssfc/libMultiRobotPlanning-isolated,2025-09-04 20:39:21,423,159231
-1,random-32-32-20.map,random-32-32-20-random-1.scen,100,12400F,CBSDepthSelectConflict+constraintByOrder,ASTAR-whoenig,1,NULL,NULL,2586,1.62856,NULL,https://github.com/ssfc/libMultiRobotPlanning-isolated,2025-09-04 20:39:23,423,159239
-1,random-32-32-20.map,random-32-32-20-random-1.scen,101,12400F,CBSDepthSelectConflict+constraintByOrder,ASTAR-whoenig,1,NULL,NULL,2614,1.42888,NULL,https://github.com/ssfc/libMultiRobotPlanning-isolated,2025-09-04 20:39:24,376,134023
-1,random-32-32-20.map,random-32-32-20-random-1.scen,102,12400F,CBSDepthSelectConflict+constraintByOrder,ASTAR-whoenig,1,NULL,NULL,2679,2.01039,NULL,https://github.com/ssfc/libMultiRobotPlanning-isolated,2025-09-04 20:39:26,510,194980
-1,random-32-32-20.map,random-32-32-20-random-1.scen,103,12400F,CBSDepthSelectConflict+constraintByOrder,ASTAR-whoenig,1,NULL,NULL,2689,2.02448,NULL,https://github.com/ssfc/libMultiRobotPlanning-isolated,2025-09-04 20:39:28,510,194989
-1,random-32-32-20.map,random-32-32-20-random-1.scen,104,12400F,CBSDepthSelectConflict+constraintByOrder,ASTAR-whoenig,1,NULL,NULL,2722,2.046,NULL,https://github.com/ssfc/libMultiRobotPlanning-isolated,2025-09-04 20:39:30,515,195845
-1,random-32-32-20.map,random-32-32-20-random-1.scen,105,12400F,CBSDepthSelectConflict+constraintByOrder,ASTAR-whoenig,1,NULL,NULL,2729,1.94901,NULL,https://github.com/ssfc/libMultiRobotPlanning-isolated,2025-09-04 20:39:32,494,182910
-1,random-32-32-20.map,random-32-32-20-random-1.scen,106,12400F,CBSDepthSelectConflict+constraintByOrder,ASTAR-whoenig,1,NULL,NULL,2766,1.9524,NULL,https://github.com/ssfc/libMultiRobotPlanning-isolated,2025-09-04 20:39:34,494,183043
-1,random-32-32-20.map,random-32-32-20-random-1.scen,107,12400F,CBSDepthSelectConflict+constraintByOrder,ASTAR-whoenig,1,NULL,NULL,2800,2.09394,NULL,https://github.com/ssfc/libMultiRobotPlanning-isolated,2025-09-04 20:39:36,527,194291
-1,random-32-32-20.map,random-32-32-20-random-1.scen,108,12400F,CBSDepthSelectConflict+constraintByOrder,ASTAR-whoenig,1,NULL,NULL,2837,2.07824,NULL,https://github.com/ssfc/libMultiRobotPlanning-isolated,2025-09-04 20:39:38,520,192092
-1,random-32-32-20.map,random-32-32-20-random-1.scen,109,12400F,CBSDepthSelectConflict+constraintByOrder,ASTAR-whoenig,1,NULL,NULL,2863,2.65402,NULL,https://github.com/ssfc/libMultiRobotPlanning-isolated,2025-09-04 20:39:41,564,285241
-1,random-32-32-20.map,random-32-32-20-random-1.scen,110,12400F,CBSDepthSelectConflict+constraintByOrder,ASTAR-whoenig,1,NULL,NULL,2891,2.13595,NULL,https://github.com/ssfc/libMultiRobotPlanning-isolated,2025-09-04 20:39:43,528,194861
-1,random-32-32-20.map,random-32-32-20-random-1.scen,111,12400F,CBSDepthSelectConflict+constraintByOrder,ASTAR-whoenig,1,NULL,NULL,2914,2.36801,NULL,https://github.com/ssfc/libMultiRobotPlanning-isolated,2025-09-04 20:39:46,560,227805
-1,random-32-32-20.map,random-32-32-20-random-1.scen,112,12400F,CBSDepthSelectConflict+constraintByOrder,ASTAR-whoenig,1,NULL,NULL,2970,2.6644,NULL,https://github.com/ssfc/libMultiRobotPlanning-isolated,2025-09-04 20:39:48,622,259030
-1,random-32-32-20.map,random-32-32-20-random-1.scen,113,12400F,CBSDepthSelectConflict+constraintByOrder,ASTAR-whoenig,1,NULL,NULL,3000,2.63603,NULL,https://github.com/ssfc/libMultiRobotPlanning-isolated,2025-09-04 20:39:51,615,254648
-1,random-32-32-20.map,random-32-32-20-random-1.scen,114,12400F,CBSDepthSelectConflict+constraintByOrder,ASTAR-whoenig,1,NULL,NULL,3024,2.37572,NULL,https://github.com/ssfc/libMultiRobotPlanning-isolated,2025-09-04 20:39:53,567,217112
-1,random-32-32-20.map,random-32-32-20-random-1.scen,115,12400F,CBSDepthSelectConflict+constraintByOrder,ASTAR-whoenig,1,NULL,NULL,3061,2.28814,NULL,https://github.com/ssfc/libMultiRobotPlanning-isolated,2025-09-04 20:39:56,562,202119
-1,random-32-32-20.map,random-32-32-20-random-1.scen,116,12400F,CBSDepthSelectConflict+constraintByOrder,ASTAR-whoenig,1,NULL,NULL,3078,2.21628,NULL,https://github.com/ssfc/libMultiRobotPlanning-isolated,2025-09-04 20:39:58,535,195826
-1,random-32-32-20.map,random-32-32-20-random-1.scen,117,12400F,CBSDepthSelectConflict+constraintByOrder,ASTAR-whoenig,1,NULL,NULL,3102,2.40725,NULL,https://github.com/ssfc/libMultiRobotPlanning-isolated,2025-09-04 20:40:00,568,216012
-1,random-32-32-20.map,random-32-32-20-random-1.scen,118,12400F,CBSDepthSelectConflict+constraintByOrder,ASTAR-whoenig,1,NULL,NULL,3133,2.20346,NULL,https://github.com/ssfc/libMultiRobotPlanning-isolated,2025-09-04 20:40:02,544,184369
-1,random-32-32-20.map,random-32-32-20-random-1.scen,119,12400F,CBSDepthSelectConflict+constraintByOrder,ASTAR-whoenig,1,NULL,NULL,3175,2.22121,NULL,https://github.com/ssfc/libMultiRobotPlanning-isolated,2025-09-04 20:40:05,548,184419
-1,random-32-32-20.map,random-32-32-20-random-1.scen,120,12400F,CBSDepthSelectConflict+constraintByOrder,ASTAR-whoenig,1,NULL,NULL,3220,2.50059,NULL,https://github.com/ssfc/libMultiRobotPlanning-isolated,2025-09-04 20:40:07,602,215193
-1,random-32-32-20.map,random-32-32-20-random-1.scen,121,12400F,CBSDepthSelectConflict+constraintByOrder,ASTAR-whoenig,1,NULL,NULL,3229,2.53241,NULL,https://github.com/ssfc/libMultiRobotPlanning-isolated,2025-09-04 20:40:10,603,217501
-1,random-32-32-20.map,random-32-32-20-random-1.scen,122,12400F,CBSDepthSelectConflict+constraintByOrder,ASTAR-whoenig,1,NULL,NULL,3242,2.67138,NULL,https://github.com/ssfc/libMultiRobotPlanning-isolated,2025-09-04 20:40:12,619,233707
-1,random-32-32-20.map,random-32-32-20-random-1.scen,123,12400F,CBSDepthSelectConflict+constraintByOrder,ASTAR-whoenig,1,NULL,NULL,3286,2.83523,NULL,https://github.com/ssfc/libMultiRobotPlanning-isolated,2025-09-04 20:40:15,658,245898
-1,random-32-32-20.map,random-32-32-20-random-1.scen,124,12400F,CBSDepthSelectConflict+constraintByOrder,ASTAR-whoenig,1,NULL,NULL,3312,2.86386,NULL,https://github.com/ssfc/libMultiRobotPlanning-isolated,2025-09-04 20:40:18,635,261821
-1,random-32-32-20.map,random-32-32-20-random-1.scen,125,12400F,CBSDepthSelectConflict+constraintByOrder,ASTAR-whoenig,1,NULL,NULL,3342,2.92767,NULL,https://github.com/ssfc/libMultiRobotPlanning-isolated,2025-09-04 20:40:21,642,263448
-1,random-32-32-20.map,random-32-32-20-random-1.scen,126,12400F,CBSDepthSelectConflict+constraintByOrder,ASTAR-whoenig,1,NULL,NULL,3372,3.01451,NULL,https://github.com/ssfc/libMultiRobotPlanning-isolated,2025-09-04 20:40:24,667,268177
-1,random-32-32-20.map,random-32-32-20-random-1.scen,127,12400F,CBSDepthSelectConflict+constraintByOrder,ASTAR-whoenig,1,NULL,NULL,3392,3.0244,NULL,https://github.com/ssfc/libMultiRobotPlanning-isolated,2025-09-04 20:40:27,667,267869
-1,random-32-32-20.map,random-32-32-20-random-1.scen,128,12400F,CBSDepthSelectConflict+constraintByOrder,ASTAR-whoenig,1,NULL,NULL,3415,3.34981,NULL,https://github.com/ssfc/libMultiRobotPlanning-isolated,2025-09-04 20:40:31,717,300282
-1,random-32-32-20.map,random-32-32-20-random-1.scen,129,12400F,CBSDepthSelectConflict+constraintByOrder,ASTAR-whoenig,1,NULL,NULL,3449,3.66601,NULL,https://github.com/ssfc/libMultiRobotPlanning-isolated,2025-09-04 20:40:34,785,329347
-1,random-32-32-20.map,random-32-32-20-random-1.scen,130,12400F,CBSDepthSelectConflict+constraintByOrder,ASTAR-whoenig,1,NULL,NULL,3465,3.71777,NULL,https://github.com/ssfc/libMultiRobotPlanning-isolated,2025-09-04 20:40:38,790,332618
-1,random-32-32-20.map,random-32-32-20-random-1.scen,131,12400F,CBSDepthSelectConflict+constraintByOrder,ASTAR-whoenig,1,NULL,NULL,3488,4.0006,NULL,https://github.com/ssfc/libMultiRobotPlanning-isolated,2025-09-04 20:40:42,830,365751
-1,random-32-32-20.map,random-32-32-20-random-1.scen,132,12400F,CBSDepthSelectConflict+constraintByOrder,ASTAR-whoenig,1,NULL,NULL,3526,3.75095,NULL,https://github.com/ssfc/libMultiRobotPlanning-isolated,2025-09-04 20:40:46,806,313712
-1,random-32-32-20.map,random-32-32-20-random-1.scen,133,12400F,CBSDepthSelectConflict+constraintByOrder,ASTAR-whoenig,1,NULL,NULL,3541,3.47866,NULL,https://github.com/ssfc/libMultiRobotPlanning-isolated,2025-09-04 20:40:49,760,291935
-1,random-32-32-20.map,random-32-32-20-random-1.scen,134,12400F,CBSDepthSelectConflict+constraintByOrder,ASTAR-whoenig,1,NULL,NULL,3597,4.18038,NULL,https://github.com/ssfc/libMultiRobotPlanning-isolated,2025-09-04 20:40:54,890,361074
-1,random-32-32-20.map,random-32-32-20-random-1.scen,135,12400F,CBSDepthSelectConflict+constraintByOrder,ASTAR-whoenig,1,NULL,NULL,3610,4.31422,NULL,https://github.com/ssfc/libMultiRobotPlanning-isolated,2025-09-04 20:40:58,901,373358
-1,random-32-32-20.map,random-32-32-20-random-1.scen,136,12400F,CBSDepthSelectConflict+constraintByOrder,ASTAR-whoenig,1,NULL,NULL,3656,4.95632,NULL,https://github.com/ssfc/libMultiRobotPlanning-isolated,2025-09-04 20:41:03,983,454981
-1,random-32-32-20.map,random-32-32-20-random-1.scen,137,12400F,CBSDepthSelectConflict+constraintByOrder,ASTAR-whoenig,1,NULL,NULL,3656,4.00862,NULL,https://github.com/ssfc/libMultiRobotPlanning-isolated,2025-09-04 20:41:07,840,333975
-1,random-32-32-20.map,random-32-32-20-random-1.scen,138,12400F,CBSDepthSelectConflict+constraintByOrder,ASTAR-whoenig,1,NULL,NULL,3750,5.87668,NULL,https://github.com/ssfc/libMultiRobotPlanning-isolated,2025-09-04 20:41:13,1124,554321
-1,random-32-32-20.map,random-32-32-20-random-1.scen,139,12400F,CBSDepthSelectConflict+constraintByOrder,ASTAR-whoenig,1,NULL,NULL,3756,6.20136,NULL,https://github.com/ssfc/libMultiRobotPlanning-isolated,2025-09-04 20:41:19,1184,581295
-1,random-32-32-20.map,random-32-32-20-random-1.scen,140,12400F,CBSDepthSelectConflict+constraintByOrder,ASTAR-whoenig,1,NULL,NULL,3810,6.89009,NULL,https://github.com/ssfc/libMultiRobotPlanning-isolated,2025-09-04 20:41:26,1247,664461
-1,random-32-32-20.map,random-32-32-20-random-1.scen,141,12400F,CBSDepthSelectConflict+constraintByOrder,ASTAR-whoenig,1,NULL,NULL,3856,7.29406,NULL,https://github.com/ssfc/libMultiRobotPlanning-isolated,2025-09-04 20:41:33,1312,707704
-1,random-32-32-20.map,random-32-32-20-random-1.scen,142,12400F,CBSDepthSelectConflict+constraintByOrder,ASTAR-whoenig,1,NULL,NULL,3860,7.35391,NULL,https://github.com/ssfc/libMultiRobotPlanning-isolated,2025-09-04 20:41:41,1312,707636
-1,random-32-32-20.map,random-32-32-20-random-1.scen,143,12400F,CBSDepthSelectConflict+constraintByOrder,ASTAR-whoenig,1,NULL,NULL,3889,6.43843,NULL,https://github.com/ssfc/libMultiRobotPlanning-isolated,2025-09-04 20:41:47,1221,582086
-1,random-32-32-20.map,random-32-32-20-random-1.scen,144,12400F,CBSDepthSelectConflict+constraintByOrder,ASTAR-whoenig,1,NULL,NULL,3910,6.45732,NULL,https://github.com/ssfc/libMultiRobotPlanning-isolated,2025-09-04 20:41:54,1206,589574
-1,random-32-32-20.map,random-32-32-20-random-1.scen,145,12400F,CBSDepthSelectConflict+constraintByOrder,ASTAR-whoenig,1,NULL,NULL,3942,7.06608,NULL,https://github.com/ssfc/libMultiRobotPlanning-isolated,2025-09-04 20:42:01,1261,679336
-1,random-32-32-20.map,random-32-32-20-random-1.scen,146,12400F,CBSDepthSelectConflict+constraintByOrder,ASTAR-whoenig,1,NULL,NULL,3942,5.29193,NULL,https://github.com/ssfc/libMultiRobotPlanning-isolated,2025-09-04 20:42:06,1056,446584
-1,random-32-32-20.map,random-32-32-20-random-1.scen,147,12400F,CBSDepthSelectConflict+constraintByOrder,ASTAR-whoenig,1,NULL,NULL,3957,5.60156,NULL,https://github.com/ssfc/libMultiRobotPlanning-isolated,2025-09-04 20:42:12,1107,470310
-1,random-32-32-20.map,random-32-32-20-random-1.scen,148,12400F,CBSDepthSelectConflict+constraintByOrder,ASTAR-whoenig,1,NULL,NULL,4019,8.26529,NULL,https://github.com/ssfc/libMultiRobotPlanning-isolated,2025-09-04 20:42:20,1374,816897
-1,random-32-32-20.map,random-32-32-20-random-1.scen,149,12400F,CBSDepthSelectConflict+constraintByOrder,ASTAR-whoenig,1,NULL,NULL,4064,8.29185,NULL,https://github.com/ssfc/libMultiRobotPlanning-isolated,2025-09-04 20:42:29,1373,825881
-1,random-32-32-20.map,random-32-32-20-random-1.scen,150,12400F,CBSDepthSelectConflict+constraintByOrder,ASTAR-whoenig,1,NULL,NULL,4079,7.14938,NULL,https://github.com/ssfc/libMultiRobotPlanning-isolated,2025-09-04 20:42:36,1286,650845
-1,random-32-32-20.map,random-32-32-20-random-1.scen,151,12400F,CBSDepthSelectConflict+constraintByOrder,ASTAR-whoenig,1,NULL,NULL,4095,7.20935,NULL,https://github.com/ssfc/libMultiRobotPlanning-isolated,2025-09-04 20:42:43,1286,650741
-1,random-32-32-20.map,random-32-32-20-random-1.scen,152,12400F,CBSDepthSelectConflict+constraintByOrder,ASTAR-whoenig,1,NULL,NULL,4092,6.0138,NULL,https://github.com/ssfc/libMultiRobotPlanning-isolated,2025-09-04 20:42:49,1125,514636
-1,random-32-32-20.map,random-32-32-20-random-1.scen,153,12400F,CBSDepthSelectConflict+constraintByOrder,ASTAR-whoenig,1,NULL,NULL,4115,6.28855,NULL,https://github.com/ssfc/libMultiRobotPlanning-isolated,2025-09-04 20:42:55,1180,522773
-1,random-32-32-20.map,random-32-32-20-random-1.scen,154,12400F,CBSDepthSelectConflict+constraintByOrder,ASTAR-whoenig,1,NULL,NULL,4156,5.95158,NULL,https://github.com/ssfc/libMultiRobotPlanning-isolated,2025-09-04 20:43:02,1149,485658
-1,random-32-32-20.map,random-32-32-20-random-1.scen,155,12400F,CBSDepthSelectConflict+constraintByOrder,ASTAR-whoenig,1,NULL,NULL,4177,8.33031,NULL,https://github.com/ssfc/libMultiRobotPlanning-isolated,2025-09-04 20:43:10,1333,808505
-1,random-32-32-20.map,random-32-32-20-random-1.scen,156,12400F,CBSDepthSelectConflict+constraintByOrder,ASTAR-whoenig,1,NULL,NULL,4215,6.59122,NULL,https://github.com/ssfc/libMultiRobotPlanning-isolated,2025-09-04 20:43:17,1234,547413
-1,random-32-32-20.map,random-32-32-20-random-1.scen,157,12400F,CBSDepthSelectConflict+constraintByOrder,ASTAR-whoenig,1,NULL,NULL,4255,7.05567,NULL,https://github.com/ssfc/libMultiRobotPlanning-isolated,2025-09-04 20:43:24,1328,565004
-1,random-32-32-20.map,random-32-32-20-random-1.scen,158,12400F,CBSDepthSelectConflict+constraintByOrder,ASTAR-whoenig,1,NULL,NULL,4261,7.10584,NULL,https://github.com/ssfc/libMultiRobotPlanning-isolated,2025-09-04 20:43:31,1327,564111
-1,random-32-32-20.map,random-32-32-20-random-1.scen,159,12400F,CBSDepthSelectConflict+constraintByOrder,ASTAR-whoenig,1,NULL,NULL,4284,7.13856,NULL,https://github.com/ssfc/libMultiRobotPlanning-isolated,2025-09-04 20:43:38,1328,564301
-1,random-32-32-20.map,random-32-32-20-random-1.scen,160,12400F,CBSDepthSelectConflict+constraintByOrder,ASTAR-whoenig,1,NULL,NULL,4295,7.85536,NULL,https://github.com/ssfc/libMultiRobotPlanning-isolated,2025-09-04 20:43:46,1402,660090
-1,random-32-32-20.map,random-32-32-20-random-1.scen,161,12400F,CBSDepthSelectConflict+constraintByOrder,ASTAR-whoenig,1,NULL,NULL,4312,7.91418,NULL,https://github.com/ssfc/libMultiRobotPlanning-isolated,2025-09-04 20:43:54,1402,660121
-1,random-32-32-20.map,random-32-32-20-random-1.scen,162,12400F,CBSDepthSelectConflict+constraintByOrder,ASTAR-whoenig,1,NULL,NULL,4325,7.81119,NULL,https://github.com/ssfc/libMultiRobotPlanning-isolated,2025-09-04 20:44:02,1382,654163
-1,random-32-32-20.map,random-32-32-20-random-1.scen,163,12400F,CBSDepthSelectConflict+constraintByOrder,ASTAR-whoenig,1,NULL,NULL,4350,8.45109,NULL,https://github.com/ssfc/libMultiRobotPlanning-isolated,2025-09-04 20:44:10,1507,686894
-1,random-32-32-20.map,random-32-32-20-random-1.scen,164,12400F,CBSDepthSelectConflict+constraintByOrder,ASTAR-whoenig,1,NULL,NULL,4394,8.62014,NULL,https://github.com/ssfc/libMultiRobotPlanning-isolated,2025-09-04 20:44:19,1516,719456
-1,random-32-32-20.map,random-32-32-20-random-1.scen,165,12400F,CBSDepthSelectConflict+constraintByOrder,ASTAR-whoenig,1,NULL,NULL,4449,10.2068,NULL,https://github.com/ssfc/libMultiRobotPlanning-isolated,2025-09-04 20:44:29,1698,891827
-1,random-32-32-20.map,random-32-32-20-random-1.scen,166,12400F,CBSDepthSelectConflict+constraintByOrder,ASTAR-whoenig,1,NULL,NULL,4424,257.665,NULL,https://github.com/ssfc/libMultiRobotPlanning-isolated,2025-09-04 20:48:47,49093,20185614
-1,random-32-32-20.map,random-32-32-20-random-1.scen,167,12400F,CBSDepthSelectConflict+constraintByOrder,ASTAR-whoenig,1,NULL,NULL,4431,280.11,NULL,https://github.com/ssfc/libMultiRobotPlanning-isolated,2025-09-04 20:53:30,52629,21988708
-1,random-32-32-20.map,random-32-32-20-random-1.scen,168,12400F,CBSDepthSelectConflict+constraintByOrder,ASTAR-whoenig,1,NULL,NULL,4444,246.933,NULL,https://github.com/ssfc/libMultiRobotPlanning-isolated,2025-09-04 20:57:39,46733,18949001
-1,random-32-32-20.map,random-32-32-20-random-1.scen,169,12400F,CBSDepthSelectConflict+constraintByOrder,ASTAR-whoenig,1,NULL,NULL,4506,43.6027,NULL,https://github.com/ssfc/libMultiRobotPlanning-isolated,2025-09-04 20:58:25,7886,3452996
-1,random-32-32-20.map,random-32-32-20-random-1.scen,170,12400F,CBSDepthSelectConflict+constraintByOrder,ASTAR-whoenig,1,NULL,NULL,4555,50.179,NULL,https://github.com/ssfc/libMultiRobotPlanning-isolated,2025-09-04 20:59:16,8740,4054869
-1,random-32-32-20.map,random-32-32-20-random-1.scen,171,12400F,CBSDepthSelectConflict+constraintByOrder,ASTAR-whoenig,1,NULL,NULL,4576,95.5905,NULL,https://github.com/ssfc/libMultiRobotPlanning-isolated,2025-09-04 21:00:52,17090,7743446
-1,random-32-32-20.map,random-32-32-20-random-1.scen,172,12400F,CBSDepthSelectConflict+constraintByOrder,ASTAR-whoenig,1,NULL,NULL,4595,1572.06,NULL,https://github.com/ssfc/libMultiRobotPlanning-isolated,2025-09-04 21:27:05,294717,118319623
-1,random-32-32-20.map,random-32-32-20-random-1.scen,173,12400F,CBSDepthSelectConflict+constraintByOrder,ASTAR-whoenig,1,NULL,NULL,4636,111.938,NULL,https://github.com/ssfc/libMultiRobotPlanning-isolated,2025-09-04 21:29:11,21302,8209760
-1,random-32-32-20.map,random-32-32-20-random-1.scen,174,12400F,CBSDepthSelectConflict+constraintByOrder,ASTAR-whoenig,1,NULL,NULL,4605,1733.44,NULL,https://github.com/ssfc/libMultiRobotPlanning-isolated,2025-09-04 21:58:06,315070,134221228
-1,random-32-32-20.map,random-32-32-20-random-1.scen,175,12400F,CBSDepthSelectConflict+constraintByOrder,ASTAR-whoenig,1,NULL,NULL,4620,1517.94,NULL,https://github.com/ssfc/libMultiRobotPlanning-isolated,2025-09-04 22:23:39,275218,116899451
-1,random-32-32-20.map,random-32-32-20-random-1.scen,176,12400F,CBSDepthSelectConflict+constraintByOrder,ASTAR-whoenig,1,NULL,NULL,4653,1592.21,NULL,https://github.com/ssfc/libMultiRobotPlanning-isolated,2025-09-04 22:50:25,288151,120840284
-1,random-32-32-20.map,random-32-32-20-random-1.scen,177,12400F,CBSDepthSelectConflict+constraintByOrder,ASTAR-whoenig,1,NULL,NULL,4715,111.397,NULL,https://github.com/ssfc/libMultiRobotPlanning-isolated,2025-09-04 22:52:31,19605,8727949
-1,random-32-32-20.map,random-32-32-20-random-1.scen,178,12400F,CBSDepthSelectConflict+constraintByOrder,ASTAR-whoenig,1,NULL,NULL,4699,1198.23,NULL,https://github.com/ssfc/libMultiRobotPlanning-isolated,2025-09-04 23:12:30,223969,86598198
-1,random-32-32-20.map,random-32-32-20-random-1.scen,179,12400F,CBSDepthSelectConflict+constraintByOrder,ASTAR-whoenig,1,NULL,NULL,4818,1132.96,NULL,https://github.com/ssfc/libMultiRobotPlanning-isolated,2025-09-04 23:31:34,206208,84346767
-1,random-32-32-20.map,random-32-32-20-random-1.scen,180,12400F,CBSDepthSelectConflict+constraintByOrder,ASTAR-whoenig,1,NULL,NULL,4760,396.238,NULL,https://github.com/ssfc/libMultiRobotPlanning-isolated,2025-09-04 23:38:20,71305,29938458
-1,random-32-32-20.map,random-32-32-20-random-1.scen,181,12400F,CBSDepthSelectConflict+constraintByOrder,ASTAR-whoenig,1,NULL,NULL,4772,261.268,NULL,https://github.com/ssfc/libMultiRobotPlanning-isolated,2025-09-04 23:42:45,46992,19377795
-1,random-32-32-20.map,random-32-32-20-random-1.scen,182,12400F,CBSDepthSelectConflict+constraintByOrder,ASTAR-whoenig,1,NULL,NULL,4810,370.395,NULL,https://github.com/ssfc/libMultiRobotPlanning-isolated,2025-09-04 23:48:57,65125,27832049
-1,random-32-32-20.map,random-32-32-20-random-1.scen,183,12400F,CBSDepthSelectConflict+constraintByOrder,ASTAR-whoenig,1,NULL,NULL,4846,79.5848,NULL,https://github.com/ssfc/libMultiRobotPlanning-isolated,2025-09-04 23:50:20,14047,5754259
-1,random-32-32-20.map,random-32-32-20-random-1.scen,184,12400F,CBSDepthSelectConflict+constraintByOrder,ASTAR-whoenig,1,NULL,NULL,4848,79.9574,NULL,https://github.com/ssfc/libMultiRobotPlanning-isolated,2025-09-04 23:51:41,14088,5774644
-1,random-32-32-20.map,random-32-32-20-random-1.scen,185,12400F,CBSDepthSelectConflict+constraintByOrder,ASTAR-whoenig,1,NULL,NULL,4872,77.7016,NULL,https://github.com/ssfc/libMultiRobotPlanning-isolated,2025-09-04 23:53:00,13573,5519342
-1,random-32-32-20.map,random-32-32-20-random-1.scen,186,12400F,CBSDepthSelectConflict+constraintByOrder,ASTAR-whoenig,1,NULL,NULL,4945,78.876,NULL,https://github.com/ssfc/libMultiRobotPlanning-isolated,2025-09-04 23:54:19,13639,5764906
-1,random-32-32-20.map,random-32-32-20-random-1.scen,187,12400F,CBSDepthSelectConflict+constraintByOrder,ASTAR-whoenig,1,NULL,NULL,4905,104.765,NULL,https://github.com/ssfc/libMultiRobotPlanning-isolated,2025-09-04 23:56:05,18382,7496935
-1,random-32-32-20.map,random-32-32-20-random-1.scen,188,12400F,CBSDepthSelectConflict+constraintByOrder,ASTAR-whoenig,1,NULL,NULL,4920,1582.14,NULL,https://github.com/ssfc/libMultiRobotPlanning-isolated,2025-09-05 00:22:28,278380,112322519
-1,random-32-32-20.map,random-32-32-20-random-1.scen,189,12400F,CBSDepthSelectConflict+constraintByOrder,ASTAR-whoenig,1,NULL,NULL,4986,382.467,NULL,https://github.com/ssfc/libMultiRobotPlanning-isolated,2025-09-05 00:29:06,67924,26339819
-1,random-32-32-20.map,random-32-32-20-random-1.scen,190,12400F,CBSDepthSelectConflict+constraintByOrder,ASTAR-whoenig,1,NULL,NULL,5066,185.606,NULL,https://github.com/ssfc/libMultiRobotPlanning-isolated,2025-09-05 00:32:15,31631,13187880
-1,random-32-32-20.map,random-32-32-20-random-1.scen,191,12400F,CBSDepthSelectConflict+constraintByOrder,ASTAR-whoenig,1,NULL,NULL,5035,21.2606,NULL,https://github.com/ssfc/libMultiRobotPlanning-isolated,2025-09-05 00:32:38,3525,1433676
-1,random-32-32-20.map,random-32-32-20-random-1.scen,192,12400F,CBSDepthSelectConflict+constraintByOrder,ASTAR-whoenig,1,NULL,NULL,5016,43.5061,NULL,https://github.com/ssfc/libMultiRobotPlanning-isolated,2025-09-05 00:33:22,7598,2847638
-1,random-32-32-20.map,random-32-32-20-random-1.scen,193,12400F,CBSDepthSelectConflict+constraintByOrder,ASTAR-whoenig,1,NULL,NULL,5129,21.2035,NULL,https://github.com/ssfc/libMultiRobotPlanning-isolated,2025-09-05 00:33:44,3047,1612745
-1,random-32-32-20.map,random-32-32-20-random-1.scen,194,12400F,CBSDepthSelectConflict+constraintByOrder,ASTAR-whoenig,1,NULL,NULL,5121,28.6236,NULL,https://github.com/ssfc/libMultiRobotPlanning-isolated,2025-09-05 00:34:12,4571,2043886
-1,random-32-32-20.map,random-32-32-20-random-1.scen,195,12400F,CBSDepthSelectConflict+constraintByOrder,ASTAR-whoenig,1,NULL,NULL,5126,55.3479,NULL,https://github.com/ssfc/libMultiRobotPlanning-isolated,2025-09-05 00:35:08,10284,3331746
-1,random-32-32-20.map,random-32-32-20-random-1.scen,196,12400F,CBSDepthSelectConflict+constraintByOrder,ASTAR-whoenig,1,NULL,NULL,5196,74.9321,NULL,https://github.com/ssfc/libMultiRobotPlanning-isolated,2025-09-05 00:36:24,13789,4586127
-1,random-32-32-20.map,random-32-32-20-random-1.scen,197,12400F,CBSDepthSelectConflict+constraintByOrder,ASTAR-whoenig,1,NULL,NULL,INF,1800.03,NULL,https://github.com/ssfc/libMultiRobotPlanning-isolated,2025-09-05 01:06:24,312821,118155009
-1,random-32-32-20.map,random-32-32-20-random-1.scen,198,12400F,CBSDepthSelectConflict+constraintByOrder,ASTAR-whoenig,1,NULL,NULL,INF,1800.03,NULL,https://github.com/ssfc/libMultiRobotPlanning-isolated,2025-09-05 01:36:42,315151,116017867
-1,random-32-32-20.map,random-32-32-20-random-1.scen,199,12400F,CBSDepthSelectConflict+constraintByOrder,ASTAR-whoenig,1,NULL,NULL,INF,1800.03,NULL,https://github.com/ssfc/libMultiRobotPlanning-isolated,2025-09-05 02:06:59,303031,118654530
-1,random-32-32-20.map,random-32-32-20-random-1.scen,200,12400F,CBSDepthSelectConflict+constraintByOrder,ASTAR-whoenig,1,NULL,NULL,INF,1800.01,NULL,https://github.com/ssfc/libMultiRobotPlanning-isolated,2025-09-05 02:37:16,297291,121069376
-1,random-32-32-20.map,random-32-32-20-random-1.scen,201,12400F,CBSDepthSelectConflict+constraintByOrder,ASTAR-whoenig,1,NULL,NULL,INF,1800.05,NULL,https://github.com/ssfc/libMultiRobotPlanning-isolated,2025-09-05 03:07:34,295681,122156444
-1,random-32-32-20.map,random-32-32-20-random-1.scen,202,12400F,CBSDepthSelectConflict+constraintByOrder,ASTAR-whoenig,1,NULL,NULL,5480,521.683,NULL,https://github.com/ssfc/libMultiRobotPlanning-isolated,2025-09-05 03:16:33,86471,34269098
-1,random-32-32-20.map,random-32-32-20-random-1.scen,203,12400F,CBSDepthSelectConflict+constraintByOrder,ASTAR-whoenig,1,NULL,NULL,5487,101.146,NULL,https://github.com/ssfc/libMultiRobotPlanning-isolated,2025-09-05 03:18:19,15436,7154975
-1,random-32-32-20.map,random-32-32-20-random-1.scen,204,12400F,CBSDepthSelectConflict+constraintByOrder,ASTAR-whoenig,1,NULL,NULL,5501,75.0411,NULL,https://github.com/ssfc/libMultiRobotPlanning-isolated,2025-09-05 03:19:35,11513,5328425
-1,random-32-32-20.map,random-32-32-20-random-1.scen,205,12400F,CBSDepthSelectConflict+constraintByOrder,ASTAR-whoenig,1,NULL,NULL,5565,20.9946,NULL,https://github.com/ssfc/libMultiRobotPlanning-isolated,2025-09-05 03:19:57,3039,1430174
-1,random-32-32-20.map,random-32-32-20-random-1.scen,206,12400F,CBSDepthSelectConflict+constraintByOrder,ASTAR-whoenig,1,NULL,NULL,5565,198.993,NULL,https://github.com/ssfc/libMultiRobotPlanning-isolated,2025-09-05 03:23:16,31736,13474691
-1,random-32-32-20.map,random-32-32-20-random-1.scen,207,12400F,CBSDepthSelectConflict+constraintByOrder,ASTAR-whoenig,1,NULL,NULL,5527,32.2778,NULL,https://github.com/ssfc/libMultiRobotPlanning-isolated,2025-09-05 03:23:51,5178,2074522
-1,random-32-32-20.map,random-32-32-20-random-1.scen,208,12400F,CBSDepthSelectConflict+constraintByOrder,ASTAR-whoenig,1,NULL,NULL,5613,25.6839,NULL,https://github.com/ssfc/libMultiRobotPlanning-isolated,2025-09-05 03:24:17,3326,2092037
-1,random-32-32-20.map,random-32-32-20-random-1.scen,209,12400F,CBSDepthSelectConflict+constraintByOrder,ASTAR-whoenig,1,NULL,NULL,5681,568.537,NULL,https://github.com/ssfc/libMultiRobotPlanning-isolated,2025-09-05 03:33:46,103861,31634809
-1,random-32-32-20.map,random-32-32-20-random-1.scen,210,12400F,CBSDepthSelectConflict+constraintByOrder,ASTAR-whoenig,1,NULL,NULL,5680,262.138,NULL,https://github.com/ssfc/libMultiRobotPlanning-isolated,2025-09-05 03:38:13,42925,16537636
-1,random-32-32-20.map,random-32-32-20-random-1.scen,211,12400F,CBSDepthSelectConflict+constraintByOrder,ASTAR-whoenig,1,NULL,NULL,5784,42.4392,NULL,https://github.com/ssfc/libMultiRobotPlanning-isolated,2025-09-05 03:38:58,5967,2969116
-1,random-32-32-20.map,random-32-32-20-random-1.scen,212,12400F,CBSDepthSelectConflict+constraintByOrder,ASTAR-whoenig,1,NULL,NULL,5759,162.926,NULL,https://github.com/ssfc/libMultiRobotPlanning-isolated,2025-09-05 03:41:41,26365,10359932
-1,random-32-32-20.map,random-32-32-20-random-1.scen,213,12400F,CBSDepthSelectConflict+constraintByOrder,ASTAR-whoenig,1,NULL,NULL,5776,126.242,NULL,https://github.com/ssfc/libMultiRobotPlanning-isolated,2025-09-05 03:43:49,18979,8452986
-1,random-32-32-20.map,random-32-32-20-random-1.scen,214,12400F,CBSDepthSelectConflict+constraintByOrder,ASTAR-whoenig,1,NULL,NULL,5865,30.889,NULL,https://github.com/ssfc/libMultiRobotPlanning-isolated,2025-09-05 03:44:21,3968,2201187
-1,random-32-32-20.map,random-32-32-20-random-1.scen,215,12400F,CBSDepthSelectConflict+constraintByOrder,ASTAR-whoenig,1,NULL,NULL,5788,54.3906,NULL,https://github.com/ssfc/libMultiRobotPlanning-isolated,2025-09-05 03:45:16,8501,3343023
-1,random-32-32-20.map,random-32-32-20-random-1.scen,216,12400F,CBSDepthSelectConflict+constraintByOrder,ASTAR-whoenig,1,NULL,NULL,5922,75.9477,NULL,https://github.com/ssfc/libMultiRobotPlanning-isolated,2025-09-05 03:46:33,10843,5191049
-1,random-32-32-20.map,random-32-32-20-random-1.scen,217,12400F,CBSDepthSelectConflict+constraintByOrder,ASTAR-whoenig,1,NULL,NULL,5898,144.464,NULL,https://github.com/ssfc/libMultiRobotPlanning-isolated,2025-09-05 03:48:58,22345,9041632
-1,random-32-32-20.map,random-32-32-20-random-1.scen,218,12400F,CBSDepthSelectConflict+constraintByOrder,ASTAR-whoenig,1,NULL,NULL,5942,147.357,NULL,https://github.com/ssfc/libMultiRobotPlanning-isolated,2025-09-05 03:51:27,22462,9287672
-1,random-32-32-20.map,random-32-32-20-random-1.scen,219,12400F,CBSDepthSelectConflict+constraintByOrder,ASTAR-whoenig,1,NULL,NULL,6032,41.9789,NULL,https://github.com/ssfc/libMultiRobotPlanning-isolated,2025-09-05 03:52:11,5566,2825739
-1,random-32-32-20.map,random-32-32-20-random-1.scen,220,12400F,CBSDepthSelectConflict+constraintByOrder,ASTAR-whoenig,1,NULL,NULL,6025,29.3262,NULL,https://github.com/ssfc/libMultiRobotPlanning-isolated,2025-09-05 03:52:41,3835,1921708
-1,random-32-32-20.map,random-32-32-20-random-1.scen,221,12400F,CBSDepthSelectConflict+constraintByOrder,ASTAR-whoenig,1,NULL,NULL,6014,28.7617,NULL,https://github.com/ssfc/libMultiRobotPlanning-isolated,2025-09-05 03:53:10,3773,1912312
-1,random-32-32-20.map,random-32-32-20-random-1.scen,222,12400F,CBSDepthSelectConflict+constraintByOrder,ASTAR-whoenig,1,NULL,NULL,6031,437.871,NULL,https://github.com/ssfc/libMultiRobotPlanning-isolated,2025-09-05 04:00:28,68972,25795740
-1,random-32-32-20.map,random-32-32-20-random-1.scen,223,12400F,CBSDepthSelectConflict+constraintByOrder,ASTAR-whoenig,1,NULL,NULL,INF,1800.03,NULL,https://github.com/ssfc/libMultiRobotPlanning-isolated,2025-09-05 04:30:33,358331,77974219
-1,random-32-32-20.map,random-32-32-20-random-1.scen,224,12400F,CBSDepthSelectConflict+constraintByOrder,ASTAR-whoenig,1,NULL,NULL,INF,1800.05,NULL,https://github.com/ssfc/libMultiRobotPlanning-isolated,2025-09-05 05:00:44,355961,76587026
-1,random-32-32-20.map,random-32-32-20-random-1.scen,225,12400F,CBSDepthSelectConflict+constraintByOrder,ASTAR-whoenig,1,NULL,NULL,INF,1800.03,NULL,https://github.com/ssfc/libMultiRobotPlanning-isolated,2025-09-05 05:30:56,358891,73182215
-1,random-32-32-20.map,random-32-32-20-random-1.scen,226,12400F,CBSDepthSelectConflict+constraintByOrder,ASTAR-whoenig,1,NULL,NULL,6193,753.327,NULL,https://github.com/ssfc/libMultiRobotPlanning-isolated,2025-09-05 05:43:41,151240,29936432
-1,random-32-32-20.map,random-32-32-20-random-1.scen,227,12400F,CBSDepthSelectConflict+constraintByOrder,ASTAR-whoenig,1,NULL,NULL,6332,1396,NULL,https://github.com/ssfc/libMultiRobotPlanning-isolated,2025-09-05 06:07:02,269712,58949342
-1,random-32-32-20.map,random-32-32-20-random-1.scen,229,12400F,CBSDepthSelectConflict+constraintByOrder,ASTAR-whoenig,1,NULL,NULL,6339,936.832,NULL,https://github.com/ssfc/libMultiRobotPlanning-isolated,2025-09-05 06:46:05,173510,35369557
-1,random-32-32-20.map,random-32-32-20-random-1.scen,230,12400F,CBSDepthSelectConflict+constraintByOrder,ASTAR-whoenig,1,NULL,NULL,INF,1800.05,NULL,https://github.com/ssfc/libMultiRobotPlanning-isolated,2025-09-05 07:16:11,329811,69542255
-1,random-32-32-20.map,random-32-32-20-random-1.scen,231,12400F,CBSDepthSelectConflict+constraintByOrder,ASTAR-whoenig,1,NULL,NULL,INF,1800.02,NULL,https://github.com/ssfc/libMultiRobotPlanning-isolated,2025-09-05 07:46:21,337081,65648471
-1,random-32-32-20.map,random-32-32-20-random-1.scen,232,12400F,CBSDepthSelectConflict+constraintByOrder,ASTAR-whoenig,1,NULL,NULL,INF,1800.04,NULL,https://github.com/ssfc/libMultiRobotPlanning-isolated,2025-09-05 08:16:31,340281,62734445
-1,random-32-32-20.map,random-32-32-20-random-1.scen,233,12400F,CBSDepthSelectConflict+constraintByOrder,ASTAR-whoenig,1,NULL,NULL,INF,1800.02,NULL,https://github.com/ssfc/libMultiRobotPlanning-isolated,2025-09-05 08:46:41,337271,64041650
-1,random-32-32-20.map,random-32-32-20-random-1.scen,234,12400F,CBSDepthSelectConflict+constraintByOrder,ASTAR-whoenig,1,NULL,NULL,INF,1800,NULL,https://github.com/ssfc/libMultiRobotPlanning-isolated,2025-09-05 09:16:50,336441,63542000
-1,random-32-32-20.map,random-32-32-20-random-1.scen,235,12400F,CBSDepthSelectConflict+constraintByOrder,ASTAR-whoenig,1,NULL,NULL,INF,1800.05,NULL,https://github.com/ssfc/libMultiRobotPlanning-isolated,2025-09-05 09:47:00,334091,63594456
-1,random-32-32-20.map,random-32-32-20-random-1.scen,1,12400F,CBSDepthLengthOrder,ASTAR-whoenig,1,NULL,NULL,38,0.000999,NULL,https://github.com/ssfc/libMultiRobotPlanning-isolated,2025-09-05 10:03:25,1,168
-1,random-32-32-20.map,random-32-32-20-random-1.scen,2,12400F,CBSDepthLengthOrder,ASTAR-whoenig,1,NULL,NULL,52,0.00228,NULL,https://github.com/ssfc/libMultiRobotPlanning-isolated,2025-09-05 10:03:25,1,210
-1,random-32-32-20.map,random-32-32-20-random-1.scen,3,12400F,CBSDepthLengthOrder,ASTAR-whoenig,1,NULL,NULL,83,0.004677,NULL,https://github.com/ssfc/libMultiRobotPlanning-isolated,2025-09-05 10:03:25,1,518
-1,random-32-32-20.map,random-32-32-20-random-1.scen,4,12400F,CBSDepthLengthOrder,ASTAR-whoenig,1,NULL,NULL,105,0.009617,NULL,https://github.com/ssfc/libMultiRobotPlanning-isolated,2025-09-05 10:03:25,1,579
-1,random-32-32-20.map,random-32-32-20-random-1.scen,5,12400F,CBSDepthLengthOrder,ASTAR-whoenig,1,NULL,NULL,138,0.004383,NULL,https://github.com/ssfc/libMultiRobotPlanning-isolated,2025-09-05 10:03:25,1,692
-1,random-32-32-20.map,random-32-32-20-random-1.scen,6,12400F,CBSDepthLengthOrder,ASTAR-whoenig,1,NULL,NULL,164,0.004848,NULL,https://github.com/ssfc/libMultiRobotPlanning-isolated,2025-09-05 10:03:25,1,779
-1,random-32-32-20.map,random-32-32-20-random-1.scen,7,12400F,CBSDepthLengthOrder,ASTAR-whoenig,1,NULL,NULL,181,0.006629,NULL,https://github.com/ssfc/libMultiRobotPlanning-isolated,2025-09-05 10:03:25,1,814
-1,random-32-32-20.map,random-32-32-20-random-1.scen,8,12400F,CBSDepthLengthOrder,ASTAR-whoenig,1,NULL,NULL,193,0.010164,NULL,https://github.com/ssfc/libMultiRobotPlanning-isolated,2025-09-05 10:03:25,2,881
-1,random-32-32-20.map,random-32-32-20-random-1.scen,9,12400F,CBSDepthLengthOrder,ASTAR-whoenig,1,NULL,NULL,199,0.00833,NULL,https://github.com/ssfc/libMultiRobotPlanning-isolated,2025-09-05 10:03:25,2,886
-1,random-32-32-20.map,random-32-32-20-random-1.scen,10,12400F,CBSDepthLengthOrder,ASTAR-whoenig,1,NULL,NULL,216,0.007348,NULL,https://github.com/ssfc/libMultiRobotPlanning-isolated,2025-09-05 10:03:25,2,903
-1,random-32-32-20.map,random-32-32-20-random-1.scen,11,12400F,CBSDepthLengthOrder,ASTAR-whoenig,1,NULL,NULL,240,0.00773,NULL,https://github.com/ssfc/libMultiRobotPlanning-isolated,2025-09-05 10:03:25,3,1118
-1,random-32-32-20.map,random-32-32-20-random-1.scen,12,12400F,CBSDepthLengthOrder,ASTAR-whoenig,1,NULL,NULL,265,0.007714,NULL,https://github.com/ssfc/libMultiRobotPlanning-isolated,2025-09-05 10:03:25,3,1158
-1,random-32-32-20.map,random-32-32-20-random-1.scen,13,12400F,CBSDepthLengthOrder,ASTAR-whoenig,1,NULL,NULL,279,0.013956,NULL,https://github.com/ssfc/libMultiRobotPlanning-isolated,2025-09-05 10:03:25,7,2046
-1,random-32-32-20.map,random-32-32-20-random-1.scen,14,12400F,CBSDepthLengthOrder,ASTAR-whoenig,1,NULL,NULL,329,0.015304,NULL,https://github.com/ssfc/libMultiRobotPlanning-isolated,2025-09-05 10:03:25,8,2372
-1,random-32-32-20.map,random-32-32-20-random-1.scen,15,12400F,CBSDepthLengthOrder,ASTAR-whoenig,1,NULL,NULL,354,0.015761,NULL,https://github.com/ssfc/libMultiRobotPlanning-isolated,2025-09-05 10:03:25,8,2418
-1,random-32-32-20.map,random-32-32-20-random-1.scen,16,12400F,CBSDepthLengthOrder,ASTAR-whoenig,1,NULL,NULL,394,0.020679,NULL,https://github.com/ssfc/libMultiRobotPlanning-isolated,2025-09-05 10:03:25,9,3218
-1,random-32-32-20.map,random-32-32-20-random-1.scen,17,12400F,CBSDepthLengthOrder,ASTAR-whoenig,1,NULL,NULL,414,0.020406,NULL,https://github.com/ssfc/libMultiRobotPlanning-isolated,2025-09-05 10:03:25,9,3238
-1,random-32-32-20.map,random-32-32-20-random-1.scen,18,12400F,CBSDepthLengthOrder,ASTAR-whoenig,1,NULL,NULL,423,0.020023,NULL,https://github.com/ssfc/libMultiRobotPlanning-isolated,2025-09-05 10:03:25,9,3246
-1,random-32-32-20.map,random-32-32-20-random-1.scen,19,12400F,CBSDepthLengthOrder,ASTAR-whoenig,1,NULL,NULL,437,0.019481,NULL,https://github.com/ssfc/libMultiRobotPlanning-isolated,2025-09-05 10:03:25,9,3264
-1,random-32-32-20.map,random-32-32-20-random-1.scen,20,12400F,CBSDepthLengthOrder,ASTAR-whoenig,1,NULL,NULL,447,0.019907,NULL,https://github.com/ssfc/libMultiRobotPlanning-isolated,2025-09-05 10:03:25,9,3273
-1,random-32-32-20.map,random-32-32-20-random-1.scen,21,12400F,CBSDepthLengthOrder,ASTAR-whoenig,1,NULL,NULL,480,0.020521,NULL,https://github.com/ssfc/libMultiRobotPlanning-isolated,2025-09-05 10:03:25,9,3339
-1,random-32-32-20.map,random-32-32-20-random-1.scen,22,12400F,CBSDepthLengthOrder,ASTAR-whoenig,1,NULL,NULL,492,0.024464,NULL,https://github.com/ssfc/libMultiRobotPlanning-isolated,2025-09-05 10:03:25,13,3624
-1,random-32-32-20.map,random-32-32-20-random-1.scen,23,12400F,CBSDepthLengthOrder,ASTAR-whoenig,1,NULL,NULL,508,0.021634,NULL,https://github.com/ssfc/libMultiRobotPlanning-isolated,2025-09-05 10:03:25,14,3527
-1,random-32-32-20.map,random-32-32-20-random-1.scen,24,12400F,CBSDepthLengthOrder,ASTAR-whoenig,1,NULL,NULL,557,0.023933,NULL,https://github.com/ssfc/libMultiRobotPlanning-isolated,2025-09-05 10:03:26,15,3773
-1,random-32-32-20.map,random-32-32-20-random-1.scen,25,12400F,CBSDepthLengthOrder,ASTAR-whoenig,1,NULL,NULL,573,0.024967,NULL,https://github.com/ssfc/libMultiRobotPlanning-isolated,2025-09-05 10:03:26,15,3840
-1,random-32-32-20.map,random-32-32-20-random-1.scen,26,12400F,CBSDepthLengthOrder,ASTAR-whoenig,1,NULL,NULL,608,0.026747,NULL,https://github.com/ssfc/libMultiRobotPlanning-isolated,2025-09-05 10:03:26,15,4111
-1,random-32-32-20.map,random-32-32-20-random-1.scen,27,12400F,CBSDepthLengthOrder,ASTAR-whoenig,1,NULL,NULL,643,0.045913,NULL,https://github.com/ssfc/libMultiRobotPlanning-isolated,2025-09-05 10:03:26,20,7363
-1,random-32-32-20.map,random-32-32-20-random-1.scen,28,12400F,CBSDepthLengthOrder,ASTAR-whoenig,1,NULL,NULL,651,0.046596,NULL,https://github.com/ssfc/libMultiRobotPlanning-isolated,2025-09-05 10:03:26,20,7370
-1,random-32-32-20.map,random-32-32-20-random-1.scen,29,12400F,CBSDepthLengthOrder,ASTAR-whoenig,1,NULL,NULL,659,0.046976,NULL,https://github.com/ssfc/libMultiRobotPlanning-isolated,2025-09-05 10:03:26,20,7380
-1,random-32-32-20.map,random-32-32-20-random-1.scen,30,12400F,CBSDepthLengthOrder,ASTAR-whoenig,1,NULL,NULL,695,0.074362,NULL,https://github.com/ssfc/libMultiRobotPlanning-isolated,2025-09-05 10:03:26,30,11786
-1,random-32-32-20.map,random-32-32-20-random-1.scen,31,12400F,CBSDepthLengthOrder,ASTAR-whoenig,1,NULL,NULL,720,0.08524,NULL,https://github.com/ssfc/libMultiRobotPlanning-isolated,2025-09-05 10:03:26,35,13671
-1,random-32-32-20.map,random-32-32-20-random-1.scen,32,12400F,CBSDepthLengthOrder,ASTAR-whoenig,1,NULL,NULL,742,0.086074,NULL,https://github.com/ssfc/libMultiRobotPlanning-isolated,2025-09-05 10:03:26,35,13692
-1,random-32-32-20.map,random-32-32-20-random-1.scen,33,12400F,CBSDepthLengthOrder,ASTAR-whoenig,1,NULL,NULL,752,0.086715,NULL,https://github.com/ssfc/libMultiRobotPlanning-isolated,2025-09-05 10:03:26,35,13701
-1,random-32-32-20.map,random-32-32-20-random-1.scen,34,12400F,CBSDepthLengthOrder,ASTAR-whoenig,1,NULL,NULL,780,0.088423,NULL,https://github.com/ssfc/libMultiRobotPlanning-isolated,2025-09-05 10:03:26,35,13728
-1,random-32-32-20.map,random-32-32-20-random-1.scen,35,12400F,CBSDepthLengthOrder,ASTAR-whoenig,1,NULL,NULL,808,0.089666,NULL,https://github.com/ssfc/libMultiRobotPlanning-isolated,2025-09-05 10:03:26,35,13755
-1,random-32-32-20.map,random-32-32-20-random-1.scen,36,12400F,CBSDepthLengthOrder,ASTAR-whoenig,1,NULL,NULL,850,0.107812,NULL,https://github.com/ssfc/libMultiRobotPlanning-isolated,2025-09-05 10:03:26,38,16692
-1,random-32-32-20.map,random-32-32-20-random-1.scen,37,12400F,CBSDepthLengthOrder,ASTAR-whoenig,1,NULL,NULL,858,0.108664,NULL,https://github.com/ssfc/libMultiRobotPlanning-isolated,2025-09-05 10:03:26,38,16699
-1,random-32-32-20.map,random-32-32-20-random-1.scen,38,12400F,CBSDepthLengthOrder,ASTAR-whoenig,1,NULL,NULL,869,0.11101,NULL,https://github.com/ssfc/libMultiRobotPlanning-isolated,2025-09-05 10:03:27,39,16758
-1,random-32-32-20.map,random-32-32-20-random-1.scen,39,12400F,CBSDepthLengthOrder,ASTAR-whoenig,1,NULL,NULL,888,0.122168,NULL,https://github.com/ssfc/libMultiRobotPlanning-isolated,2025-09-05 10:03:27,49,18030
-1,random-32-32-20.map,random-32-32-20-random-1.scen,40,12400F,CBSDepthLengthOrder,ASTAR-whoenig,1,NULL,NULL,916,0.124053,NULL,https://github.com/ssfc/libMultiRobotPlanning-isolated,2025-09-05 10:03:27,50,18102
-1,random-32-32-20.map,random-32-32-20-random-1.scen,41,12400F,CBSDepthLengthOrder,ASTAR-whoenig,1,NULL,NULL,936,0.126093,NULL,https://github.com/ssfc/libMultiRobotPlanning-isolated,2025-09-05 10:03:27,50,18135
-1,random-32-32-20.map,random-32-32-20-random-1.scen,42,12400F,CBSDepthLengthOrder,ASTAR-whoenig,1,NULL,NULL,948,0.127944,NULL,https://github.com/ssfc/libMultiRobotPlanning-isolated,2025-09-05 10:03:27,50,18153
-1,random-32-32-20.map,random-32-32-20-random-1.scen,43,12400F,CBSDepthLengthOrder,ASTAR-whoenig,1,NULL,NULL,989,0.135185,NULL,https://github.com/ssfc/libMultiRobotPlanning-isolated,2025-09-05 10:03:27,52,18727
-1,random-32-32-20.map,random-32-32-20-random-1.scen,44,12400F,CBSDepthLengthOrder,ASTAR-whoenig,1,NULL,NULL,1030,0.162201,NULL,https://github.com/ssfc/libMultiRobotPlanning-isolated,2025-09-05 10:03:27,58,21942
-1,random-32-32-20.map,random-32-32-20-random-1.scen,45,12400F,CBSDepthLengthOrder,ASTAR-whoenig,1,NULL,NULL,1068,0.164664,NULL,https://github.com/ssfc/libMultiRobotPlanning-isolated,2025-09-05 10:03:28,58,22030
-1,random-32-32-20.map,random-32-32-20-random-1.scen,46,12400F,CBSDepthLengthOrder,ASTAR-whoenig,1,NULL,NULL,1102,0.180224,NULL,https://github.com/ssfc/libMultiRobotPlanning-isolated,2025-09-05 10:03:28,61,23798
-1,random-32-32-20.map,random-32-32-20-random-1.scen,47,12400F,CBSDepthLengthOrder,ASTAR-whoenig,1,NULL,NULL,1133,0.185533,NULL,https://github.com/ssfc/libMultiRobotPlanning-isolated,2025-09-05 10:03:28,62,24205
-1,random-32-32-20.map,random-32-32-20-random-1.scen,48,12400F,CBSDepthLengthOrder,ASTAR-whoenig,1,NULL,NULL,1162,0.206993,NULL,https://github.com/ssfc/libMultiRobotPlanning-isolated,2025-09-05 10:03:28,76,26220
-1,random-32-32-20.map,random-32-32-20-random-1.scen,49,12400F,CBSDepthLengthOrder,ASTAR-whoenig,1,NULL,NULL,1180,0.227272,NULL,https://github.com/ssfc/libMultiRobotPlanning-isolated,2025-09-05 10:03:28,80,28691
-1,random-32-32-20.map,random-32-32-20-random-1.scen,50,12400F,CBSDepthLengthOrder,ASTAR-whoenig,1,NULL,NULL,1212,0.265379,NULL,https://github.com/ssfc/libMultiRobotPlanning-isolated,2025-09-05 10:03:29,93,32383
-1,random-32-32-20.map,random-32-32-20-random-1.scen,51,12400F,CBSDepthLengthOrder,ASTAR-whoenig,1,NULL,NULL,1248,0.274461,NULL,https://github.com/ssfc/libMultiRobotPlanning-isolated,2025-09-05 10:03:29,94,33231
-1,random-32-32-20.map,random-32-32-20-random-1.scen,52,12400F,CBSDepthLengthOrder,ASTAR-whoenig,1,NULL,NULL,1266,0.278904,NULL,https://github.com/ssfc/libMultiRobotPlanning-isolated,2025-09-05 10:03:29,94,33248
-1,random-32-32-20.map,random-32-32-20-random-1.scen,53,12400F,CBSDepthLengthOrder,ASTAR-whoenig,1,NULL,NULL,1284,0.284183,NULL,https://github.com/ssfc/libMultiRobotPlanning-isolated,2025-09-05 10:03:29,95,33317
-1,random-32-32-20.map,random-32-32-20-random-1.scen,54,12400F,CBSDepthLengthOrder,ASTAR-whoenig,1,NULL,NULL,1318,0.357766,NULL,https://github.com/ssfc/libMultiRobotPlanning-isolated,2025-09-05 10:03:30,111,41511
-1,random-32-32-20.map,random-32-32-20-random-1.scen,55,12400F,CBSDepthLengthOrder,ASTAR-whoenig,1,NULL,NULL,1334,0.360662,NULL,https://github.com/ssfc/libMultiRobotPlanning-isolated,2025-09-05 10:03:30,112,40932
-1,random-32-32-20.map,random-32-32-20-random-1.scen,56,12400F,CBSDepthLengthOrder,ASTAR-whoenig,1,NULL,NULL,1374,0.381324,NULL,https://github.com/ssfc/libMultiRobotPlanning-isolated,2025-09-05 10:03:31,115,41964
-1,random-32-32-20.map,random-32-32-20-random-1.scen,57,12400F,CBSDepthLengthOrder,ASTAR-whoenig,1,NULL,NULL,1420,0.410551,NULL,https://github.com/ssfc/libMultiRobotPlanning-isolated,2025-09-05 10:03:31,122,43913
-1,random-32-32-20.map,random-32-32-20-random-1.scen,58,12400F,CBSDepthLengthOrder,ASTAR-whoenig,1,NULL,NULL,1463,0.690575,NULL,https://github.com/ssfc/libMultiRobotPlanning-isolated,2025-09-05 10:03:32,171,74903
-1,random-32-32-20.map,random-32-32-20-random-1.scen,59,12400F,CBSDepthLengthOrder,ASTAR-whoenig,1,NULL,NULL,1493,0.723174,NULL,https://github.com/ssfc/libMultiRobotPlanning-isolated,2025-09-05 10:03:32,180,78529
-1,random-32-32-20.map,random-32-32-20-random-1.scen,60,12400F,CBSDepthLengthOrder,ASTAR-whoenig,1,NULL,NULL,1536,0.748876,NULL,https://github.com/ssfc/libMultiRobotPlanning-isolated,2025-09-05 10:03:33,184,78678
-1,random-32-32-20.map,random-32-32-20-random-1.scen,61,12400F,CBSDepthLengthOrder,ASTAR-whoenig,1,NULL,NULL,1552,0.809407,NULL,https://github.com/ssfc/libMultiRobotPlanning-isolated,2025-09-05 10:03:34,196,83033
-1,random-32-32-20.map,random-32-32-20-random-1.scen,62,12400F,CBSDepthLengthOrder,ASTAR-whoenig,1,NULL,NULL,1582,0.825474,NULL,https://github.com/ssfc/libMultiRobotPlanning-isolated,2025-09-05 10:03:35,198,83292
-1,random-32-32-20.map,random-32-32-20-random-1.scen,63,12400F,CBSDepthLengthOrder,ASTAR-whoenig,1,NULL,NULL,1601,0.858184,NULL,https://github.com/ssfc/libMultiRobotPlanning-isolated,2025-09-05 10:03:36,205,84375
-1,random-32-32-20.map,random-32-32-20-random-1.scen,64,12400F,CBSDepthLengthOrder,ASTAR-whoenig,1,NULL,NULL,1619,0.876694,NULL,https://github.com/ssfc/libMultiRobotPlanning-isolated,2025-09-05 10:03:37,209,85053
-1,random-32-32-20.map,random-32-32-20-random-1.scen,65,12400F,CBSDepthLengthOrder,ASTAR-whoenig,1,NULL,NULL,1646,0.904201,NULL,https://github.com/ssfc/libMultiRobotPlanning-isolated,2025-09-05 10:03:37,214,85522
-1,random-32-32-20.map,random-32-32-20-random-1.scen,66,12400F,CBSDepthLengthOrder,ASTAR-whoenig,1,NULL,NULL,1681,0.928507,NULL,https://github.com/ssfc/libMultiRobotPlanning-isolated,2025-09-05 10:03:38,216,85940
-1,random-32-32-20.map,random-32-32-20-random-1.scen,67,12400F,CBSDepthLengthOrder,ASTAR-whoenig,1,NULL,NULL,1704,0.940113,NULL,https://github.com/ssfc/libMultiRobotPlanning-isolated,2025-09-05 10:03:39,216,85962
-1,random-32-32-20.map,random-32-32-20-random-1.scen,68,12400F,CBSDepthLengthOrder,ASTAR-whoenig,1,NULL,NULL,1745,0.966844,NULL,https://github.com/ssfc/libMultiRobotPlanning-isolated,2025-09-05 10:03:40,219,87419
-1,random-32-32-20.map,random-32-32-20-random-1.scen,69,12400F,CBSDepthLengthOrder,ASTAR-whoenig,1,NULL,NULL,1757,0.98612,NULL,https://github.com/ssfc/libMultiRobotPlanning-isolated,2025-09-05 10:03:41,219,87438
-1,random-32-32-20.map,random-32-32-20-random-1.scen,70,12400F,CBSDepthLengthOrder,ASTAR-whoenig,1,NULL,NULL,1804,1.11426,NULL,https://github.com/ssfc/libMultiRobotPlanning-isolated,2025-09-05 10:03:42,236,96244
-1,random-32-32-20.map,random-32-32-20-random-1.scen,71,12400F,CBSDepthLengthOrder,ASTAR-whoenig,1,NULL,NULL,1836,1.28174,NULL,https://github.com/ssfc/libMultiRobotPlanning-isolated,2025-09-05 10:03:44,256,116114
-1,random-32-32-20.map,random-32-32-20-random-1.scen,72,12400F,CBSDepthLengthOrder,ASTAR-whoenig,1,NULL,NULL,1875,1.4059,NULL,https://github.com/ssfc/libMultiRobotPlanning-isolated,2025-09-05 10:03:45,276,123422
-1,random-32-32-20.map,random-32-32-20-random-1.scen,73,12400F,CBSDepthLengthOrder,ASTAR-whoenig,1,NULL,NULL,1893,1.42916,NULL,https://github.com/ssfc/libMultiRobotPlanning-isolated,2025-09-05 10:03:47,276,123444
-1,random-32-32-20.map,random-32-32-20-random-1.scen,74,12400F,CBSDepthLengthOrder,ASTAR-whoenig,1,NULL,NULL,1907,1.44655,NULL,https://github.com/ssfc/libMultiRobotPlanning-isolated,2025-09-05 10:03:48,276,123459
-1,random-32-32-20.map,random-32-32-20-random-1.scen,75,12400F,CBSDepthLengthOrder,ASTAR-whoenig,1,NULL,NULL,1931,1.55482,NULL,https://github.com/ssfc/libMultiRobotPlanning-isolated,2025-09-05 10:03:50,297,131903
-1,random-32-32-20.map,random-32-32-20-random-1.scen,76,12400F,CBSDepthLengthOrder,ASTAR-whoenig,1,NULL,NULL,1949,1.56296,NULL,https://github.com/ssfc/libMultiRobotPlanning-isolated,2025-09-05 10:03:51,295,131475
-1,random-32-32-20.map,random-32-32-20-random-1.scen,77,12400F,CBSDepthLengthOrder,ASTAR-whoenig,1,NULL,NULL,1963,1.61383,NULL,https://github.com/ssfc/libMultiRobotPlanning-isolated,2025-09-05 10:03:53,300,133275
-1,random-32-32-20.map,random-32-32-20-random-1.scen,78,12400F,CBSDepthLengthOrder,ASTAR-whoenig,1,NULL,NULL,1999,1.8576,NULL,https://github.com/ssfc/libMultiRobotPlanning-isolated,2025-09-05 10:03:55,329,157425
-1,random-32-32-20.map,random-32-32-20-random-1.scen,79,12400F,CBSDepthLengthOrder,ASTAR-whoenig,1,NULL,NULL,2012,1.8869,NULL,https://github.com/ssfc/libMultiRobotPlanning-isolated,2025-09-05 10:03:57,329,157450
-1,random-32-32-20.map,random-32-32-20-random-1.scen,80,12400F,CBSDepthLengthOrder,ASTAR-whoenig,1,NULL,NULL,2058,1.98201,NULL,https://github.com/ssfc/libMultiRobotPlanning-isolated,2025-09-05 10:03:59,340,161069
-1,random-32-32-20.map,random-32-32-20-random-1.scen,81,12400F,CBSDepthLengthOrder,ASTAR-whoenig,1,NULL,NULL,2083,2.0152,NULL,https://github.com/ssfc/libMultiRobotPlanning-isolated,2025-09-05 10:04:01,342,161210
-1,random-32-32-20.map,random-32-32-20-random-1.scen,82,12400F,CBSDepthLengthOrder,ASTAR-whoenig,1,NULL,NULL,2106,2.28372,NULL,https://github.com/ssfc/libMultiRobotPlanning-isolated,2025-09-05 10:04:03,376,176667
-1,random-32-32-20.map,random-32-32-20-random-1.scen,83,12400F,CBSDepthLengthOrder,ASTAR-whoenig,1,NULL,NULL,2122,2.29222,NULL,https://github.com/ssfc/libMultiRobotPlanning-isolated,2025-09-05 10:04:05,374,173954
-1,random-32-32-20.map,random-32-32-20-random-1.scen,84,12400F,CBSDepthLengthOrder,ASTAR-whoenig,1,NULL,NULL,2170,2.84384,NULL,https://github.com/ssfc/libMultiRobotPlanning-isolated,2025-09-05 10:04:08,428,216181
-1,random-32-32-20.map,random-32-32-20-random-1.scen,85,12400F,CBSDepthLengthOrder,ASTAR-whoenig,1,NULL,NULL,2210,2.77716,NULL,https://github.com/ssfc/libMultiRobotPlanning-isolated,2025-09-05 10:04:11,420,211692
-1,random-32-32-20.map,random-32-32-20-random-1.scen,86,12400F,CBSDepthLengthOrder,ASTAR-whoenig,1,NULL,NULL,2236,2.86399,NULL,https://github.com/ssfc/libMultiRobotPlanning-isolated,2025-09-05 10:04:14,431,211059
-1,random-32-32-20.map,random-32-32-20-random-1.scen,87,12400F,CBSDepthLengthOrder,ASTAR-whoenig,1,NULL,NULL,2266,2.98317,NULL,https://github.com/ssfc/libMultiRobotPlanning-isolated,2025-09-05 10:04:17,440,217759
-1,random-32-32-20.map,random-32-32-20-random-1.scen,88,12400F,CBSDepthLengthOrder,ASTAR-whoenig,1,NULL,NULL,2288,3.03132,NULL,https://github.com/ssfc/libMultiRobotPlanning-isolated,2025-09-05 10:04:20,443,218129
-1,random-32-32-20.map,random-32-32-20-random-1.scen,89,12400F,CBSDepthLengthOrder,ASTAR-whoenig,1,NULL,NULL,2313,3.12128,NULL,https://github.com/ssfc/libMultiRobotPlanning-isolated,2025-09-05 10:04:23,442,231016
-1,random-32-32-20.map,random-32-32-20-random-1.scen,90,12400F,CBSDepthLengthOrder,ASTAR-whoenig,1,NULL,NULL,2332,2.80069,NULL,https://github.com/ssfc/libMultiRobotPlanning-isolated,2025-09-05 10:04:26,413,201525
-1,random-32-32-20.map,random-32-32-20-random-1.scen,91,12400F,CBSDepthLengthOrder,ASTAR-whoenig,1,NULL,NULL,2348,2.84421,NULL,https://github.com/ssfc/libMultiRobotPlanning-isolated,2025-09-05 10:04:29,413,201562
-1,random-32-32-20.map,random-32-32-20-random-1.scen,92,12400F,CBSDepthLengthOrder,ASTAR-whoenig,1,NULL,NULL,2378,2.94446,NULL,https://github.com/ssfc/libMultiRobotPlanning-isolated,2025-09-05 10:04:32,429,204036
-1,random-32-32-20.map,random-32-32-20-random-1.scen,93,12400F,CBSDepthLengthOrder,ASTAR-whoenig,1,NULL,NULL,2422,3.03165,NULL,https://github.com/ssfc/libMultiRobotPlanning-isolated,2025-09-05 10:04:35,437,207919
-1,random-32-32-20.map,random-32-32-20-random-1.scen,94,12400F,CBSDepthLengthOrder,ASTAR-whoenig,1,NULL,NULL,2451,3.91313,NULL,https://github.com/ssfc/libMultiRobotPlanning-isolated,2025-09-05 10:04:39,524,265189
-1,random-32-32-20.map,random-32-32-20-random-1.scen,95,12400F,CBSDepthLengthOrder,ASTAR-whoenig,1,NULL,NULL,2477,4.14788,NULL,https://github.com/ssfc/libMultiRobotPlanning-isolated,2025-09-05 10:04:43,542,282813
-1,random-32-32-20.map,random-32-32-20-random-1.scen,96,12400F,CBSDepthLengthOrder,ASTAR-whoenig,1,NULL,NULL,2485,4.2089,NULL,https://github.com/ssfc/libMultiRobotPlanning-isolated,2025-09-05 10:04:47,542,282820
-1,random-32-32-20.map,random-32-32-20-random-1.scen,97,12400F,CBSDepthLengthOrder,ASTAR-whoenig,1,NULL,NULL,2516,4.02182,NULL,https://github.com/ssfc/libMultiRobotPlanning-isolated,2025-09-05 10:04:51,535,267767
-1,random-32-32-20.map,random-32-32-20-random-1.scen,98,12400F,CBSDepthLengthOrder,ASTAR-whoenig,1,NULL,NULL,2534,4.08002,NULL,https://github.com/ssfc/libMultiRobotPlanning-isolated,2025-09-05 10:04:55,537,267984
-1,random-32-32-20.map,random-32-32-20-random-1.scen,99,12400F,CBSDepthLengthOrder,ASTAR-whoenig,1,NULL,NULL,2562,4.1406,NULL,https://github.com/ssfc/libMultiRobotPlanning-isolated,2025-09-05 10:04:59,538,268557
-1,random-32-32-20.map,random-32-32-20-random-1.scen,100,12400F,CBSDepthLengthOrder,ASTAR-whoenig,1,NULL,NULL,2571,4.2115,NULL,https://github.com/ssfc/libMultiRobotPlanning-isolated,2025-09-05 10:05:04,538,268565
-1,random-32-32-20.map,random-32-32-20-random-1.scen,101,12400F,CBSDepthLengthOrder,ASTAR-whoenig,1,NULL,NULL,2623,4.82165,NULL,https://github.com/ssfc/libMultiRobotPlanning-isolated,2025-09-05 10:05:08,591,302771
-1,random-32-32-20.map,random-32-32-20-random-1.scen,102,12400F,CBSDepthLengthOrder,ASTAR-whoenig,1,NULL,NULL,2671,5.01475,NULL,https://github.com/ssfc/libMultiRobotPlanning-isolated,2025-09-05 10:05:13,610,307329
-1,random-32-32-20.map,random-32-32-20-random-1.scen,103,12400F,CBSDepthLengthOrder,ASTAR-whoenig,1,NULL,NULL,2681,5.08205,NULL,https://github.com/ssfc/libMultiRobotPlanning-isolated,2025-09-05 10:05:19,610,307338
-1,random-32-32-20.map,random-32-32-20-random-1.scen,104,12400F,CBSDepthLengthOrder,ASTAR-whoenig,1,NULL,NULL,2716,5.29181,NULL,https://github.com/ssfc/libMultiRobotPlanning-isolated,2025-09-05 10:05:24,626,314902
-1,random-32-32-20.map,random-32-32-20-random-1.scen,105,12400F,CBSDepthLengthOrder,ASTAR-whoenig,1,NULL,NULL,2725,4.30255,NULL,https://github.com/ssfc/libMultiRobotPlanning-isolated,2025-09-05 10:05:28,538,245293
-1,random-32-32-20.map,random-32-32-20-random-1.scen,106,12400F,CBSDepthLengthOrder,ASTAR-whoenig,1,NULL,NULL,2762,4.36516,NULL,https://github.com/ssfc/libMultiRobotPlanning-isolated,2025-09-05 10:05:33,538,245426
-1,random-32-32-20.map,random-32-32-20-random-1.scen,107,12400F,CBSDepthLengthOrder,ASTAR-whoenig,1,NULL,NULL,2793,4.93235,NULL,https://github.com/ssfc/libMultiRobotPlanning-isolated,2025-09-05 10:05:38,596,271389
-1,random-32-32-20.map,random-32-32-20-random-1.scen,108,12400F,CBSDepthLengthOrder,ASTAR-whoenig,1,NULL,NULL,2833,5.00524,NULL,https://github.com/ssfc/libMultiRobotPlanning-isolated,2025-09-05 10:05:43,598,271766
-1,random-32-32-20.map,random-32-32-20-random-1.scen,109,12400F,CBSDepthLengthOrder,ASTAR-whoenig,1,NULL,NULL,2854,4.62024,NULL,https://github.com/ssfc/libMultiRobotPlanning-isolated,2025-09-05 10:05:47,570,230614
-1,random-32-32-20.map,random-32-32-20-random-1.scen,110,12400F,CBSDepthLengthOrder,ASTAR-whoenig,1,NULL,NULL,2898,6.19649,NULL,https://github.com/ssfc/libMultiRobotPlanning-isolated,2025-09-05 10:05:53,701,325403
-1,random-32-32-20.map,random-32-32-20-random-1.scen,111,12400F,CBSDepthLengthOrder,ASTAR-whoenig,1,NULL,NULL,2927,6.31289,NULL,https://github.com/ssfc/libMultiRobotPlanning-isolated,2025-09-05 10:06:00,707,327125
-1,random-32-32-20.map,random-32-32-20-random-1.scen,112,12400F,CBSDepthLengthOrder,ASTAR-whoenig,1,NULL,NULL,2969,6.34003,NULL,https://github.com/ssfc/libMultiRobotPlanning-isolated,2025-09-05 10:06:06,704,323212
-1,random-32-32-20.map,random-32-32-20-random-1.scen,113,12400F,CBSDepthLengthOrder,ASTAR-whoenig,1,NULL,NULL,3006,6.78932,NULL,https://github.com/ssfc/libMultiRobotPlanning-isolated,2025-09-05 10:06:13,757,324520
-1,random-32-32-20.map,random-32-32-20-random-1.scen,114,12400F,CBSDepthLengthOrder,ASTAR-whoenig,1,NULL,NULL,3036,7.14266,NULL,https://github.com/ssfc/libMultiRobotPlanning-isolated,2025-09-05 10:06:20,794,336968
-1,random-32-32-20.map,random-32-32-20-random-1.scen,115,12400F,CBSDepthLengthOrder,ASTAR-whoenig,1,NULL,NULL,3076,7.28374,NULL,https://github.com/ssfc/libMultiRobotPlanning-isolated,2025-09-05 10:06:27,801,338344
-1,random-32-32-20.map,random-32-32-20-random-1.scen,116,12400F,CBSDepthLengthOrder,ASTAR-whoenig,1,NULL,NULL,3102,7.37912,NULL,https://github.com/ssfc/libMultiRobotPlanning-isolated,2025-09-05 10:06:35,802,339140
-1,random-32-32-20.map,random-32-32-20-random-1.scen,117,12400F,CBSDepthLengthOrder,ASTAR-whoenig,1,NULL,NULL,3123,7.35956,NULL,https://github.com/ssfc/libMultiRobotPlanning-isolated,2025-09-05 10:06:42,790,337809
-1,random-32-32-20.map,random-32-32-20-random-1.scen,118,12400F,CBSDepthLengthOrder,ASTAR-whoenig,1,NULL,NULL,3151,7.24339,NULL,https://github.com/ssfc/libMultiRobotPlanning-isolated,2025-09-05 10:06:49,771,329897
-1,random-32-32-20.map,random-32-32-20-random-1.scen,119,12400F,CBSDepthLengthOrder,ASTAR-whoenig,1,NULL,NULL,3197,7.51903,NULL,https://github.com/ssfc/libMultiRobotPlanning-isolated,2025-09-05 10:06:57,791,335328
-1,random-32-32-20.map,random-32-32-20-random-1.scen,120,12400F,CBSDepthLengthOrder,ASTAR-whoenig,1,NULL,NULL,3247,8.17981,NULL,https://github.com/ssfc/libMultiRobotPlanning-isolated,2025-09-05 10:07:05,852,372661
-1,random-32-32-20.map,random-32-32-20-random-1.scen,121,12400F,CBSDepthLengthOrder,ASTAR-whoenig,1,NULL,NULL,3260,8.7439,NULL,https://github.com/ssfc/libMultiRobotPlanning-isolated,2025-09-05 10:07:14,878,395775
-1,random-32-32-20.map,random-32-32-20-random-1.scen,122,12400F,CBSDepthLengthOrder,ASTAR-whoenig,1,NULL,NULL,3272,8.5565,NULL,https://github.com/ssfc/libMultiRobotPlanning-isolated,2025-09-05 10:07:23,859,398343
-1,random-32-32-20.map,random-32-32-20-random-1.scen,123,12400F,CBSDepthLengthOrder,ASTAR-whoenig,1,NULL,NULL,3310,8.75473,NULL,https://github.com/ssfc/libMultiRobotPlanning-isolated,2025-09-05 10:07:31,873,407484
-1,random-32-32-20.map,random-32-32-20-random-1.scen,124,12400F,CBSDepthLengthOrder,ASTAR-whoenig,1,NULL,NULL,3354,11.0837,NULL,https://github.com/ssfc/libMultiRobotPlanning-isolated,2025-09-05 10:07:42,1015,537862
-1,random-32-32-20.map,random-32-32-20-random-1.scen,125,12400F,CBSDepthLengthOrder,ASTAR-whoenig,1,NULL,NULL,3367,8.92684,NULL,https://github.com/ssfc/libMultiRobotPlanning-isolated,2025-09-05 10:07:51,871,407186
-1,random-32-32-20.map,random-32-32-20-random-1.scen,126,12400F,CBSDepthLengthOrder,ASTAR-whoenig,1,NULL,NULL,3389,9.22724,NULL,https://github.com/ssfc/libMultiRobotPlanning-isolated,2025-09-05 10:08:01,897,412074
-1,random-32-32-20.map,random-32-32-20-random-1.scen,127,12400F,CBSDepthLengthOrder,ASTAR-whoenig,1,NULL,NULL,3409,9.3677,NULL,https://github.com/ssfc/libMultiRobotPlanning-isolated,2025-09-05 10:08:10,897,411735
-1,random-32-32-20.map,random-32-32-20-random-1.scen,128,12400F,CBSDepthLengthOrder,ASTAR-whoenig,1,NULL,NULL,3427,9.45183,NULL,https://github.com/ssfc/libMultiRobotPlanning-isolated,2025-09-05 10:08:20,901,411870
-1,random-32-32-20.map,random-32-32-20-random-1.scen,129,12400F,CBSDepthLengthOrder,ASTAR-whoenig,1,NULL,NULL,3474,11.6277,NULL,https://github.com/ssfc/libMultiRobotPlanning-isolated,2025-09-05 10:08:31,1037,549064
-1,random-32-32-20.map,random-32-32-20-random-1.scen,130,12400F,CBSDepthLengthOrder,ASTAR-whoenig,1,NULL,NULL,3495,11.7143,NULL,https://github.com/ssfc/libMultiRobotPlanning-isolated,2025-09-05 10:08:43,1038,542574
-1,random-32-32-20.map,random-32-32-20-random-1.scen,131,12400F,CBSDepthLengthOrder,ASTAR-whoenig,1,NULL,NULL,3509,11.9041,NULL,https://github.com/ssfc/libMultiRobotPlanning-isolated,2025-09-05 10:08:55,1035,543290
-1,random-32-32-20.map,random-32-32-20-random-1.scen,132,12400F,CBSDepthLengthOrder,ASTAR-whoenig,1,NULL,NULL,3543,12.6463,NULL,https://github.com/ssfc/libMultiRobotPlanning-isolated,2025-09-05 10:09:08,1087,558058
-1,random-32-32-20.map,random-32-32-20-random-1.scen,133,12400F,CBSDepthLengthOrder,ASTAR-whoenig,1,NULL,NULL,3571,13.0205,NULL,https://github.com/ssfc/libMultiRobotPlanning-isolated,2025-09-05 10:09:21,1126,554362
-1,random-32-32-20.map,random-32-32-20-random-1.scen,134,12400F,CBSDepthLengthOrder,ASTAR-whoenig,1,NULL,NULL,3588,11.5617,NULL,https://github.com/ssfc/libMultiRobotPlanning-isolated,2025-09-05 10:09:32,1037,480116
-1,random-32-32-20.map,random-32-32-20-random-1.scen,135,12400F,CBSDepthLengthOrder,ASTAR-whoenig,1,NULL,NULL,3606,11.8352,NULL,https://github.com/ssfc/libMultiRobotPlanning-isolated,2025-09-05 10:09:44,1052,487412
-1,random-32-32-20.map,random-32-32-20-random-1.scen,136,12400F,CBSDepthLengthOrder,ASTAR-whoenig,1,NULL,NULL,3666,13.6026,NULL,https://github.com/ssfc/libMultiRobotPlanning-isolated,2025-09-05 10:09:58,1176,559069
-1,random-32-32-20.map,random-32-32-20-random-1.scen,137,12400F,CBSDepthLengthOrder,ASTAR-whoenig,1,NULL,NULL,3678,13.8903,NULL,https://github.com/ssfc/libMultiRobotPlanning-isolated,2025-09-05 10:10:12,1183,566753
-1,random-32-32-20.map,random-32-32-20-random-1.scen,138,12400F,CBSDepthLengthOrder,ASTAR-whoenig,1,NULL,NULL,INF,1800.06,NULL,https://github.com/ssfc/libMultiRobotPlanning-isolated,2025-09-05 10:40:12,232071,70247063
-1,random-32-32-20.map,random-32-32-20-random-1.scen,139,12400F,CBSDepthLengthOrder,ASTAR-whoenig,1,NULL,NULL,INF,1800.04,NULL,https://github.com/ssfc/libMultiRobotPlanning-isolated,2025-09-05 11:10:20,230621,69102348
-1,random-32-32-20.map,random-32-32-20-random-1.scen,140,12400F,CBSDepthLengthOrder,ASTAR-whoenig,1,NULL,NULL,INF,1800.08,NULL,https://github.com/ssfc/libMultiRobotPlanning-isolated,2025-09-05 11:40:29,229501,69017288
-1,random-32-32-20.map,random-32-32-20-random-1.scen,141,12400F,CBSDepthLengthOrder,ASTAR-whoenig,1,NULL,NULL,INF,1800.07,NULL,https://github.com/ssfc/libMultiRobotPlanning-isolated,2025-09-05 12:10:37,225471,68156648
-1,random-32-32-20.map,random-32-32-20-random-1.scen,142,12400F,CBSDepthLengthOrder,ASTAR-whoenig,1,NULL,NULL,INF,1800.07,NULL,https://github.com/ssfc/libMultiRobotPlanning-isolated,2025-09-05 12:40:46,223191,67526946
-1,random-32-32-20.map,random-32-32-20-random-1.scen,143,12400F,CBSDepthLengthOrder,ASTAR-whoenig,1,NULL,NULL,INF,1800.02,NULL,https://github.com/ssfc/libMultiRobotPlanning-isolated,2025-09-05 13:10:54,215031,68232298
-1,random-32-32-20.map,random-32-32-20-random-1.scen,144,12400F,CBSDepthLengthOrder,ASTAR-whoenig,1,NULL,NULL,INF,1800.08,NULL,https://github.com/ssfc/libMultiRobotPlanning-isolated,2025-09-05 13:41:02,213261,67971709
-1,random-32-32-20.map,random-32-32-20-random-1.scen,145,12400F,CBSDepthLengthOrder,ASTAR-whoenig,1,NULL,NULL,INF,1800.04,NULL,https://github.com/ssfc/libMultiRobotPlanning-isolated,2025-09-05 14:11:11,212291,67074065
-1,random-32-32-20.map,random-32-32-20-random-1.scen,1,12400F,CBSDepthLengthOrderReverse,ASTAR-whoenig,1,NULL,NULL,38,0.000991,NULL,https://github.com/ssfc/libMultiRobotPlanning-isolated,2025-09-05 14:21:13,1,168
-1,random-32-32-20.map,random-32-32-20-random-1.scen,2,12400F,CBSDepthLengthOrderReverse,ASTAR-whoenig,1,NULL,NULL,52,0.003135,NULL,https://github.com/ssfc/libMultiRobotPlanning-isolated,2025-09-05 14:21:13,1,210
-1,random-32-32-20.map,random-32-32-20-random-1.scen,3,12400F,CBSDepthLengthOrderReverse,ASTAR-whoenig,1,NULL,NULL,83,0.002987,NULL,https://github.com/ssfc/libMultiRobotPlanning-isolated,2025-09-05 14:21:13,1,518
-1,random-32-32-20.map,random-32-32-20-random-1.scen,4,12400F,CBSDepthLengthOrderReverse,ASTAR-whoenig,1,NULL,NULL,105,0.003361,NULL,https://github.com/ssfc/libMultiRobotPlanning-isolated,2025-09-05 14:21:13,1,579
-1,random-32-32-20.map,random-32-32-20-random-1.scen,5,12400F,CBSDepthLengthOrderReverse,ASTAR-whoenig,1,NULL,NULL,138,0.005396,NULL,https://github.com/ssfc/libMultiRobotPlanning-isolated,2025-09-05 14:21:13,1,692
-1,random-32-32-20.map,random-32-32-20-random-1.scen,6,12400F,CBSDepthLengthOrderReverse,ASTAR-whoenig,1,NULL,NULL,164,0.006059,NULL,https://github.com/ssfc/libMultiRobotPlanning-isolated,2025-09-05 14:21:13,1,779
-1,random-32-32-20.map,random-32-32-20-random-1.scen,7,12400F,CBSDepthLengthOrderReverse,ASTAR-whoenig,1,NULL,NULL,181,0.005739,NULL,https://github.com/ssfc/libMultiRobotPlanning-isolated,2025-09-05 14:21:13,1,814
-1,random-32-32-20.map,random-32-32-20-random-1.scen,8,12400F,CBSDepthLengthOrderReverse,ASTAR-whoenig,1,NULL,NULL,193,0.006111,NULL,https://github.com/ssfc/libMultiRobotPlanning-isolated,2025-09-05 14:21:13,2,881
-1,random-32-32-20.map,random-32-32-20-random-1.scen,9,12400F,CBSDepthLengthOrderReverse,ASTAR-whoenig,1,NULL,NULL,199,0.006171,NULL,https://github.com/ssfc/libMultiRobotPlanning-isolated,2025-09-05 14:21:13,2,886
-1,random-32-32-20.map,random-32-32-20-random-1.scen,10,12400F,CBSDepthLengthOrderReverse,ASTAR-whoenig,1,NULL,NULL,216,0.006047,NULL,https://github.com/ssfc/libMultiRobotPlanning-isolated,2025-09-05 14:21:13,2,903
-1,random-32-32-20.map,random-32-32-20-random-1.scen,11,12400F,CBSDepthLengthOrderReverse,ASTAR-whoenig,1,NULL,NULL,240,0.008127,NULL,https://github.com/ssfc/libMultiRobotPlanning-isolated,2025-09-05 14:21:13,3,1118
-1,random-32-32-20.map,random-32-32-20-random-1.scen,12,12400F,CBSDepthLengthOrderReverse,ASTAR-whoenig,1,NULL,NULL,265,0.011471,NULL,https://github.com/ssfc/libMultiRobotPlanning-isolated,2025-09-05 14:21:13,3,1158
-1,random-32-32-20.map,random-32-32-20-random-1.scen,13,12400F,CBSDepthLengthOrderReverse,ASTAR-whoenig,1,NULL,NULL,282,0.015392,NULL,https://github.com/ssfc/libMultiRobotPlanning-isolated,2025-09-05 14:21:13,8,2142
-1,random-32-32-20.map,random-32-32-20-random-1.scen,14,12400F,CBSDepthLengthOrderReverse,ASTAR-whoenig,1,NULL,NULL,332,0.016468,NULL,https://github.com/ssfc/libMultiRobotPlanning-isolated,2025-09-05 14:21:13,9,2454
-1,random-32-32-20.map,random-32-32-20-random-1.scen,15,12400F,CBSDepthLengthOrderReverse,ASTAR-whoenig,1,NULL,NULL,357,0.017163,NULL,https://github.com/ssfc/libMultiRobotPlanning-isolated,2025-09-05 14:21:13,9,2500
-1,random-32-32-20.map,random-32-32-20-random-1.scen,16,12400F,CBSDepthLengthOrderReverse,ASTAR-whoenig,1,NULL,NULL,399,0.024242,NULL,https://github.com/ssfc/libMultiRobotPlanning-isolated,2025-09-05 14:21:13,11,3803
-1,random-32-32-20.map,random-32-32-20-random-1.scen,17,12400F,CBSDepthLengthOrderReverse,ASTAR-whoenig,1,NULL,NULL,419,0.02377,NULL,https://github.com/ssfc/libMultiRobotPlanning-isolated,2025-09-05 14:21:13,11,3823
-1,random-32-32-20.map,random-32-32-20-random-1.scen,18,12400F,CBSDepthLengthOrderReverse,ASTAR-whoenig,1,NULL,NULL,428,0.023375,NULL,https://github.com/ssfc/libMultiRobotPlanning-isolated,2025-09-05 14:21:13,11,3831
-1,random-32-32-20.map,random-32-32-20-random-1.scen,19,12400F,CBSDepthLengthOrderReverse,ASTAR-whoenig,1,NULL,NULL,442,0.022531,NULL,https://github.com/ssfc/libMultiRobotPlanning-isolated,2025-09-05 14:21:14,11,3849
-1,random-32-32-20.map,random-32-32-20-random-1.scen,20,12400F,CBSDepthLengthOrderReverse,ASTAR-whoenig,1,NULL,NULL,452,0.022906,NULL,https://github.com/ssfc/libMultiRobotPlanning-isolated,2025-09-05 14:21:14,11,3858
-1,random-32-32-20.map,random-32-32-20-random-1.scen,21,12400F,CBSDepthLengthOrderReverse,ASTAR-whoenig,1,NULL,NULL,485,0.023229,NULL,https://github.com/ssfc/libMultiRobotPlanning-isolated,2025-09-05 14:21:14,11,3924
-1,random-32-32-20.map,random-32-32-20-random-1.scen,22,12400F,CBSDepthLengthOrderReverse,ASTAR-whoenig,1,NULL,NULL,497,0.024598,NULL,https://github.com/ssfc/libMultiRobotPlanning-isolated,2025-09-05 14:21:14,14,4020
-1,random-32-32-20.map,random-32-32-20-random-1.scen,23,12400F,CBSDepthLengthOrderReverse,ASTAR-whoenig,1,NULL,NULL,513,0.028638,NULL,https://github.com/ssfc/libMultiRobotPlanning-isolated,2025-09-05 14:21:14,17,4566
-1,random-32-32-20.map,random-32-32-20-random-1.scen,24,12400F,CBSDepthLengthOrderReverse,ASTAR-whoenig,1,NULL,NULL,564,0.033788,NULL,https://github.com/ssfc/libMultiRobotPlanning-isolated,2025-09-05 14:21:14,20,5186
-1,random-32-32-20.map,random-32-32-20-random-1.scen,25,12400F,CBSDepthLengthOrderReverse,ASTAR-whoenig,1,NULL,NULL,580,0.034844,NULL,https://github.com/ssfc/libMultiRobotPlanning-isolated,2025-09-05 14:21:14,20,5253
-1,random-32-32-20.map,random-32-32-20-random-1.scen,26,12400F,CBSDepthLengthOrderReverse,ASTAR-whoenig,1,NULL,NULL,615,0.035628,NULL,https://github.com/ssfc/libMultiRobotPlanning-isolated,2025-09-05 14:21:14,20,5524
-1,random-32-32-20.map,random-32-32-20-random-1.scen,27,12400F,CBSDepthLengthOrderReverse,ASTAR-whoenig,1,NULL,NULL,650,0.050231,NULL,https://github.com/ssfc/libMultiRobotPlanning-isolated,2025-09-05 14:21:14,24,7698
-1,random-32-32-20.map,random-32-32-20-random-1.scen,28,12400F,CBSDepthLengthOrderReverse,ASTAR-whoenig,1,NULL,NULL,658,0.051185,NULL,https://github.com/ssfc/libMultiRobotPlanning-isolated,2025-09-05 14:21:14,24,7705
-1,random-32-32-20.map,random-32-32-20-random-1.scen,29,12400F,CBSDepthLengthOrderReverse,ASTAR-whoenig,1,NULL,NULL,666,0.051688,NULL,https://github.com/ssfc/libMultiRobotPlanning-isolated,2025-09-05 14:21:14,24,7715
-1,random-32-32-20.map,random-32-32-20-random-1.scen,30,12400F,CBSDepthLengthOrderReverse,ASTAR-whoenig,1,NULL,NULL,697,0.058829,NULL,https://github.com/ssfc/libMultiRobotPlanning-isolated,2025-09-05 14:21:14,27,8618
-1,random-32-32-20.map,random-32-32-20-random-1.scen,31,12400F,CBSDepthLengthOrderReverse,ASTAR-whoenig,1,NULL,NULL,729,0.092594,NULL,https://github.com/ssfc/libMultiRobotPlanning-isolated,2025-09-05 14:21:14,51,13819
-1,random-32-32-20.map,random-32-32-20-random-1.scen,32,12400F,CBSDepthLengthOrderReverse,ASTAR-whoenig,1,NULL,NULL,751,0.093942,NULL,https://github.com/ssfc/libMultiRobotPlanning-isolated,2025-09-05 14:21:14,51,13840
-1,random-32-32-20.map,random-32-32-20-random-1.scen,33,12400F,CBSDepthLengthOrderReverse,ASTAR-whoenig,1,NULL,NULL,761,0.095308,NULL,https://github.com/ssfc/libMultiRobotPlanning-isolated,2025-09-05 14:21:14,51,13849
-1,random-32-32-20.map,random-32-32-20-random-1.scen,34,12400F,CBSDepthLengthOrderReverse,ASTAR-whoenig,1,NULL,NULL,790,0.10657,NULL,https://github.com/ssfc/libMultiRobotPlanning-isolated,2025-09-05 14:21:14,55,15288
-1,random-32-32-20.map,random-32-32-20-random-1.scen,35,12400F,CBSDepthLengthOrderReverse,ASTAR-whoenig,1,NULL,NULL,818,0.108996,NULL,https://github.com/ssfc/libMultiRobotPlanning-isolated,2025-09-05 14:21:14,55,15315
-1,random-32-32-20.map,random-32-32-20-random-1.scen,36,12400F,CBSDepthLengthOrderReverse,ASTAR-whoenig,1,NULL,NULL,866,0.146806,NULL,https://github.com/ssfc/libMultiRobotPlanning-isolated,2025-09-05 14:21:15,69,21631
-1,random-32-32-20.map,random-32-32-20-random-1.scen,37,12400F,CBSDepthLengthOrderReverse,ASTAR-whoenig,1,NULL,NULL,874,0.149884,NULL,https://github.com/ssfc/libMultiRobotPlanning-isolated,2025-09-05 14:21:15,69,21638
-1,random-32-32-20.map,random-32-32-20-random-1.scen,38,12400F,CBSDepthLengthOrderReverse,ASTAR-whoenig,1,NULL,NULL,888,0.153247,NULL,https://github.com/ssfc/libMultiRobotPlanning-isolated,2025-09-05 14:21:15,71,21746
-1,random-32-32-20.map,random-32-32-20-random-1.scen,39,12400F,CBSDepthLengthOrderReverse,ASTAR-whoenig,1,NULL,NULL,909,0.160677,NULL,https://github.com/ssfc/libMultiRobotPlanning-isolated,2025-09-05 14:21:15,75,22004
-1,random-32-32-20.map,random-32-32-20-random-1.scen,40,12400F,CBSDepthLengthOrderReverse,ASTAR-whoenig,1,NULL,NULL,953,0.268098,NULL,https://github.com/ssfc/libMultiRobotPlanning-isolated,2025-09-05 14:21:15,131,37294
-1,random-32-32-20.map,random-32-32-20-random-1.scen,41,12400F,CBSDepthLengthOrderReverse,ASTAR-whoenig,1,NULL,NULL,973,0.272449,NULL,https://github.com/ssfc/libMultiRobotPlanning-isolated,2025-09-05 14:21:16,131,37327
-1,random-32-32-20.map,random-32-32-20-random-1.scen,42,12400F,CBSDepthLengthOrderReverse,ASTAR-whoenig,1,NULL,NULL,985,0.276135,NULL,https://github.com/ssfc/libMultiRobotPlanning-isolated,2025-09-05 14:21:16,131,37345
-1,random-32-32-20.map,random-32-32-20-random-1.scen,43,12400F,CBSDepthLengthOrderReverse,ASTAR-whoenig,1,NULL,NULL,1027,0.282217,NULL,https://github.com/ssfc/libMultiRobotPlanning-isolated,2025-09-05 14:21:16,133,37703
-1,random-32-32-20.map,random-32-32-20-random-1.scen,44,12400F,CBSDepthLengthOrderReverse,ASTAR-whoenig,1,NULL,NULL,1074,0.334923,NULL,https://github.com/ssfc/libMultiRobotPlanning-isolated,2025-09-05 14:21:17,144,44139
-1,random-32-32-20.map,random-32-32-20-random-1.scen,45,12400F,CBSDepthLengthOrderReverse,ASTAR-whoenig,1,NULL,NULL,1112,0.345629,NULL,https://github.com/ssfc/libMultiRobotPlanning-isolated,2025-09-05 14:21:17,145,44485
-1,random-32-32-20.map,random-32-32-20-random-1.scen,46,12400F,CBSDepthLengthOrderReverse,ASTAR-whoenig,1,NULL,NULL,1144,0.350185,NULL,https://github.com/ssfc/libMultiRobotPlanning-isolated,2025-09-05 14:21:17,145,44562
-1,random-32-32-20.map,random-32-32-20-random-1.scen,47,12400F,CBSDepthLengthOrderReverse,ASTAR-whoenig,1,NULL,NULL,1180,0.41242,NULL,https://github.com/ssfc/libMultiRobotPlanning-isolated,2025-09-05 14:21:18,165,53177
-1,random-32-32-20.map,random-32-32-20-random-1.scen,48,12400F,CBSDepthLengthOrderReverse,ASTAR-whoenig,1,NULL,NULL,1203,0.371688,NULL,https://github.com/ssfc/libMultiRobotPlanning-isolated,2025-09-05 14:21:18,149,46699
-1,random-32-32-20.map,random-32-32-20-random-1.scen,49,12400F,CBSDepthLengthOrderReverse,ASTAR-whoenig,1,NULL,NULL,1219,0.379638,NULL,https://github.com/ssfc/libMultiRobotPlanning-isolated,2025-09-05 14:21:18,150,46970
-1,random-32-32-20.map,random-32-32-20-random-1.scen,50,12400F,CBSDepthLengthOrderReverse,ASTAR-whoenig,1,NULL,NULL,1259,0.467649,NULL,https://github.com/ssfc/libMultiRobotPlanning-isolated,2025-09-05 14:21:19,177,56067
-1,random-32-32-20.map,random-32-32-20-random-1.scen,51,12400F,CBSDepthLengthOrderReverse,ASTAR-whoenig,1,NULL,NULL,1321,0.777878,NULL,https://github.com/ssfc/libMultiRobotPlanning-isolated,2025-09-05 14:21:20,254,97854
-1,random-32-32-20.map,random-32-32-20-random-1.scen,52,12400F,CBSDepthLengthOrderReverse,ASTAR-whoenig,1,NULL,NULL,1339,0.786742,NULL,https://github.com/ssfc/libMultiRobotPlanning-isolated,2025-09-05 14:21:20,254,97871
-1,random-32-32-20.map,random-32-32-20-random-1.scen,53,12400F,CBSDepthLengthOrderReverse,ASTAR-whoenig,1,NULL,NULL,1362,0.810087,NULL,https://github.com/ssfc/libMultiRobotPlanning-isolated,2025-09-05 14:21:21,257,98423
-1,random-32-32-20.map,random-32-32-20-random-1.scen,54,12400F,CBSDepthLengthOrderReverse,ASTAR-whoenig,1,NULL,NULL,1397,0.909218,NULL,https://github.com/ssfc/libMultiRobotPlanning-isolated,2025-09-05 14:21:22,276,108424
-1,random-32-32-20.map,random-32-32-20-random-1.scen,55,12400F,CBSDepthLengthOrderReverse,ASTAR-whoenig,1,NULL,NULL,1418,0.933388,NULL,https://github.com/ssfc/libMultiRobotPlanning-isolated,2025-09-05 14:21:23,283,109701
-1,random-32-32-20.map,random-32-32-20-random-1.scen,56,12400F,CBSDepthLengthOrderReverse,ASTAR-whoenig,1,NULL,NULL,1464,1.07679,NULL,https://github.com/ssfc/libMultiRobotPlanning-isolated,2025-09-05 14:21:24,302,124335
-1,random-32-32-20.map,random-32-32-20-random-1.scen,57,12400F,CBSDepthLengthOrderReverse,ASTAR-whoenig,1,NULL,NULL,1510,1.05899,NULL,https://github.com/ssfc/libMultiRobotPlanning-isolated,2025-09-05 14:21:25,310,114853
-1,random-32-32-20.map,random-32-32-20-random-1.scen,58,12400F,CBSDepthLengthOrderReverse,ASTAR-whoenig,1,NULL,NULL,1558,1.19649,NULL,https://github.com/ssfc/libMultiRobotPlanning-isolated,2025-09-05 14:21:26,333,128219
-1,random-32-32-20.map,random-32-32-20-random-1.scen,59,12400F,CBSDepthLengthOrderReverse,ASTAR-whoenig,1,NULL,NULL,1602,1.55516,NULL,https://github.com/ssfc/libMultiRobotPlanning-isolated,2025-09-05 14:21:28,449,169443
-1,random-32-32-20.map,random-32-32-20-random-1.scen,60,12400F,CBSDepthLengthOrderReverse,ASTAR-whoenig,1,NULL,NULL,1704,3.13638,NULL,https://github.com/ssfc/libMultiRobotPlanning-isolated,2025-09-05 14:21:31,732,367867
-1,random-32-32-20.map,random-32-32-20-random-1.scen,61,12400F,CBSDepthLengthOrderReverse,ASTAR-whoenig,1,NULL,NULL,1719,3.18192,NULL,https://github.com/ssfc/libMultiRobotPlanning-isolated,2025-09-05 14:21:34,732,367889
-1,random-32-32-20.map,random-32-32-20-random-1.scen,62,12400F,CBSDepthLengthOrderReverse,ASTAR-whoenig,1,NULL,NULL,1749,3.24337,NULL,https://github.com/ssfc/libMultiRobotPlanning-isolated,2025-09-05 14:21:38,735,368664
-1,random-32-32-20.map,random-32-32-20-random-1.scen,63,12400F,CBSDepthLengthOrderReverse,ASTAR-whoenig,1,NULL,NULL,1774,3.41998,NULL,https://github.com/ssfc/libMultiRobotPlanning-isolated,2025-09-05 14:21:41,770,379160
-1,random-32-32-20.map,random-32-32-20-random-1.scen,64,12400F,CBSDepthLengthOrderReverse,ASTAR-whoenig,1,NULL,NULL,1802,3.55331,NULL,https://github.com/ssfc/libMultiRobotPlanning-isolated,2025-09-05 14:21:45,801,386076
-1,random-32-32-20.map,random-32-32-20-random-1.scen,65,12400F,CBSDepthLengthOrderReverse,ASTAR-whoenig,1,NULL,NULL,1831,3.62785,NULL,https://github.com/ssfc/libMultiRobotPlanning-isolated,2025-09-05 14:21:48,811,387179
-1,random-32-32-20.map,random-32-32-20-random-1.scen,66,12400F,CBSDepthLengthOrderReverse,ASTAR-whoenig,1,NULL,NULL,1866,3.67058,NULL,https://github.com/ssfc/libMultiRobotPlanning-isolated,2025-09-05 14:21:52,811,387223
-1,random-32-32-20.map,random-32-32-20-random-1.scen,67,12400F,CBSDepthLengthOrderReverse,ASTAR-whoenig,1,NULL,NULL,1889,3.72709,NULL,https://github.com/ssfc/libMultiRobotPlanning-isolated,2025-09-05 14:21:56,811,387245
-1,random-32-32-20.map,random-32-32-20-random-1.scen,68,12400F,CBSDepthLengthOrderReverse,ASTAR-whoenig,1,NULL,NULL,1936,4.67389,NULL,https://github.com/ssfc/libMultiRobotPlanning-isolated,2025-09-05 14:22:00,948,499096
-1,random-32-32-20.map,random-32-32-20-random-1.scen,69,12400F,CBSDepthLengthOrderReverse,ASTAR-whoenig,1,NULL,NULL,1948,4.73784,NULL,https://github.com/ssfc/libMultiRobotPlanning-isolated,2025-09-05 14:22:05,949,499305
-1,random-32-32-20.map,random-32-32-20-random-1.scen,70,12400F,CBSDepthLengthOrderReverse,ASTAR-whoenig,1,NULL,NULL,1994,4.78968,NULL,https://github.com/ssfc/libMultiRobotPlanning-isolated,2025-09-05 14:22:10,944,496998
-1,random-32-32-20.map,random-32-32-20-random-1.scen,71,12400F,CBSDepthLengthOrderReverse,ASTAR-whoenig,1,NULL,NULL,2001,4.03703,NULL,https://github.com/ssfc/libMultiRobotPlanning-isolated,2025-09-05 14:22:14,814,393448
-1,random-32-32-20.map,random-32-32-20-random-1.scen,72,12400F,CBSDepthLengthOrderReverse,ASTAR-whoenig,1,NULL,NULL,2049,4.58607,NULL,https://github.com/ssfc/libMultiRobotPlanning-isolated,2025-09-05 14:22:19,855,470450
-1,random-32-32-20.map,random-32-32-20-random-1.scen,73,12400F,CBSDepthLengthOrderReverse,ASTAR-whoenig,1,NULL,NULL,2067,4.65013,NULL,https://github.com/ssfc/libMultiRobotPlanning-isolated,2025-09-05 14:22:23,855,470472
-1,random-32-32-20.map,random-32-32-20-random-1.scen,74,12400F,CBSDepthLengthOrderReverse,ASTAR-whoenig,1,NULL,NULL,2081,4.71585,NULL,https://github.com/ssfc/libMultiRobotPlanning-isolated,2025-09-05 14:22:28,855,470487
-1,random-32-32-20.map,random-32-32-20-random-1.scen,75,12400F,CBSDepthLengthOrderReverse,ASTAR-whoenig,1,NULL,NULL,2114,5.20539,NULL,https://github.com/ssfc/libMultiRobotPlanning-isolated,2025-09-05 14:22:33,915,513281
-1,random-32-32-20.map,random-32-32-20-random-1.scen,76,12400F,CBSDepthLengthOrderReverse,ASTAR-whoenig,1,NULL,NULL,2136,5.32109,NULL,https://github.com/ssfc/libMultiRobotPlanning-isolated,2025-09-05 14:22:39,924,516197
-1,random-32-32-20.map,random-32-32-20-random-1.scen,77,12400F,CBSDepthLengthOrderReverse,ASTAR-whoenig,1,NULL,NULL,2153,5.39592,NULL,https://github.com/ssfc/libMultiRobotPlanning-isolated,2025-09-05 14:22:44,928,517663
-1,random-32-32-20.map,random-32-32-20-random-1.scen,78,12400F,CBSDepthLengthOrderReverse,ASTAR-whoenig,1,NULL,NULL,2194,5.94735,NULL,https://github.com/ssfc/libMultiRobotPlanning-isolated,2025-09-05 14:22:50,989,572025
-1,random-32-32-20.map,random-32-32-20-random-1.scen,79,12400F,CBSDepthLengthOrderReverse,ASTAR-whoenig,1,NULL,NULL,2207,6.03153,NULL,https://github.com/ssfc/libMultiRobotPlanning-isolated,2025-09-05 14:22:56,989,572050
-1,random-32-32-20.map,random-32-32-20-random-1.scen,80,12400F,CBSDepthLengthOrderReverse,ASTAR-whoenig,1,NULL,NULL,2279,7.21223,NULL,https://github.com/ssfc/libMultiRobotPlanning-isolated,2025-09-05 14:23:03,1163,666153
-1,random-32-32-20.map,random-32-32-20-random-1.scen,81,12400F,CBSDepthLengthOrderReverse,ASTAR-whoenig,1,NULL,NULL,2304,7.26006,NULL,https://github.com/ssfc/libMultiRobotPlanning-isolated,2025-09-05 14:23:11,1166,666419
-1,random-32-32-20.map,random-32-32-20-random-1.scen,82,12400F,CBSDepthLengthOrderReverse,ASTAR-whoenig,1,NULL,NULL,2330,7.5447,NULL,https://github.com/ssfc/libMultiRobotPlanning-isolated,2025-09-05 14:23:18,1187,677518
-1,random-32-32-20.map,random-32-32-20-random-1.scen,83,12400F,CBSDepthLengthOrderReverse,ASTAR-whoenig,1,NULL,NULL,2352,7.82776,NULL,https://github.com/ssfc/libMultiRobotPlanning-isolated,2025-09-05 14:23:26,1220,688421
-1,random-32-32-20.map,random-32-32-20-random-1.scen,84,12400F,CBSDepthLengthOrderReverse,ASTAR-whoenig,1,NULL,NULL,2413,9.22644,NULL,https://github.com/ssfc/libMultiRobotPlanning-isolated,2025-09-05 14:23:35,1406,814560
-1,random-32-32-20.map,random-32-32-20-random-1.scen,85,12400F,CBSDepthLengthOrderReverse,ASTAR-whoenig,1,NULL,NULL,2462,9.28053,NULL,https://github.com/ssfc/libMultiRobotPlanning-isolated,2025-09-05 14:23:45,1424,785238
-1,random-32-32-20.map,random-32-32-20-random-1.scen,86,12400F,CBSDepthLengthOrderReverse,ASTAR-whoenig,1,NULL,NULL,2506,10.5472,NULL,https://github.com/ssfc/libMultiRobotPlanning-isolated,2025-09-05 14:23:55,1568,883914
-1,random-32-32-20.map,random-32-32-20-random-1.scen,87,12400F,CBSDepthLengthOrderReverse,ASTAR-whoenig,1,NULL,NULL,2555,13.7916,NULL,https://github.com/ssfc/libMultiRobotPlanning-isolated,2025-09-05 14:24:09,1912,1216938
-1,random-32-32-20.map,random-32-32-20-random-1.scen,88,12400F,CBSDepthLengthOrderReverse,ASTAR-whoenig,1,NULL,NULL,2578,13.9719,NULL,https://github.com/ssfc/libMultiRobotPlanning-isolated,2025-09-05 14:24:23,1919,1217894
-1,random-32-32-20.map,random-32-32-20-random-1.scen,89,12400F,CBSDepthLengthOrderReverse,ASTAR-whoenig,1,NULL,NULL,2615,15.4853,NULL,https://github.com/ssfc/libMultiRobotPlanning-isolated,2025-09-05 14:24:39,2095,1324017
-1,random-32-32-20.map,random-32-32-20-random-1.scen,90,12400F,CBSDepthLengthOrderReverse,ASTAR-whoenig,1,NULL,NULL,2678,16.5019,NULL,https://github.com/ssfc/libMultiRobotPlanning-isolated,2025-09-05 14:24:55,2177,1398734
-1,random-32-32-20.map,random-32-32-20-random-1.scen,91,12400F,CBSDepthLengthOrderReverse,ASTAR-whoenig,1,NULL,NULL,2694,16.7321,NULL,https://github.com/ssfc/libMultiRobotPlanning-isolated,2025-09-05 14:25:12,2177,1398771
-1,random-32-32-20.map,random-32-32-20-random-1.scen,92,12400F,CBSDepthLengthOrderReverse,ASTAR-whoenig,1,NULL,NULL,3016,64.757,NULL,https://github.com/ssfc/libMultiRobotPlanning-isolated,2025-09-05 14:26:17,5543,6355419
-1,random-32-32-20.map,random-32-32-20-random-1.scen,93,12400F,CBSDepthLengthOrderReverse,ASTAR-whoenig,1,NULL,NULL,2865,31.6063,NULL,https://github.com/ssfc/libMultiRobotPlanning-isolated,2025-09-05 14:26:49,3534,2699316
-1,random-32-32-20.map,random-32-32-20-random-1.scen,94,12400F,CBSDepthLengthOrderReverse,ASTAR-whoenig,1,NULL,NULL,2905,36.5088,NULL,https://github.com/ssfc/libMultiRobotPlanning-isolated,2025-09-05 14:27:26,3854,3135085
-1,random-32-32-20.map,random-32-32-20-random-1.scen,95,12400F,CBSDepthLengthOrderReverse,ASTAR-whoenig,1,NULL,NULL,2946,37.9392,NULL,https://github.com/ssfc/libMultiRobotPlanning-isolated,2025-09-05 14:28:04,3945,3230869
-1,random-32-32-20.map,random-32-32-20-random-1.scen,96,12400F,CBSDepthLengthOrderReverse,ASTAR-whoenig,1,NULL,NULL,2954,38.421,NULL,https://github.com/ssfc/libMultiRobotPlanning-isolated,2025-09-05 14:28:43,3945,3230876
-1,random-32-32-20.map,random-32-32-20-random-1.scen,97,12400F,CBSDepthLengthOrderReverse,ASTAR-whoenig,1,NULL,NULL,3023,41.1501,NULL,https://github.com/ssfc/libMultiRobotPlanning-isolated,2025-09-05 14:29:24,4152,3470696
-1,random-32-32-20.map,random-32-32-20-random-1.scen,98,12400F,CBSDepthLengthOrderReverse,ASTAR-whoenig,1,NULL,NULL,3043,41.5695,NULL,https://github.com/ssfc/libMultiRobotPlanning-isolated,2025-09-05 14:30:06,4158,3473147
-1,random-32-32-20.map,random-32-32-20-random-1.scen,99,12400F,CBSDepthLengthOrderReverse,ASTAR-whoenig,1,NULL,NULL,3042,610.578,NULL,https://github.com/ssfc/libMultiRobotPlanning-isolated,2025-09-05 14:40:17,52959,52110200
-1,random-32-32-20.map,random-32-32-20-random-1.scen,100,12400F,CBSDepthLengthOrderReverse,ASTAR-whoenig,1,NULL,NULL,3051,617.145,NULL,https://github.com/ssfc/libMultiRobotPlanning-isolated,2025-09-05 14:50:41,52959,52110208
-1,random-32-32-20.map,random-32-32-20-random-1.scen,101,12400F,CBSDepthLengthOrderReverse,ASTAR-whoenig,1,NULL,NULL,3129,203.177,NULL,https://github.com/ssfc/libMultiRobotPlanning-isolated,2025-09-05 14:54:11,24291,14478177
-1,random-32-32-20.map,random-32-32-20-random-1.scen,102,12400F,CBSDepthLengthOrderReverse,ASTAR-whoenig,1,NULL,NULL,INF,1800.06,NULL,https://github.com/ssfc/libMultiRobotPlanning-isolated,2025-09-05 15:24:12,152171,150722689
-1,random-32-32-20.map,random-32-32-20-random-1.scen,103,12400F,CBSDepthLengthOrderReverse,ASTAR-whoenig,1,NULL,NULL,INF,1800.03,NULL,https://github.com/ssfc/libMultiRobotPlanning-isolated,2025-09-05 15:54:31,150251,149386959
-1,random-32-32-20.map,random-32-32-20-random-1.scen,104,12400F,CBSDepthLengthOrderReverse,ASTAR-whoenig,1,NULL,NULL,INF,1800.19,NULL,https://github.com/ssfc/libMultiRobotPlanning-isolated,2025-09-05 16:24:50,150811,147458800
-1,random-32-32-20.map,random-32-32-20-random-1.scen,105,12400F,CBSDepthLengthOrderReverse,ASTAR-whoenig,1,NULL,NULL,INF,1800.06,NULL,https://github.com/ssfc/libMultiRobotPlanning-isolated,2025-09-05 16:55:08,160231,142166440
-1,random-32-32-20.map,random-32-32-20-random-1.scen,106,12400F,CBSDepthLengthOrderReverse,ASTAR-whoenig,1,NULL,NULL,INF,1800.04,NULL,https://github.com/ssfc/libMultiRobotPlanning-isolated,2025-09-05 17:25:25,160021,140586988
-1,random-32-32-20.map,random-32-32-20-random-1.scen,107,12400F,CBSDepthLengthOrderReverse,ASTAR-whoenig,1,NULL,NULL,3505,1209.96,NULL,https://github.com/ssfc/libMultiRobotPlanning-isolated,2025-09-05 17:45:52,119496,85935581
-1,random-32-32-20.map,random-32-32-20-random-1.scen,108,12400F,CBSDepthLengthOrderReverse,ASTAR-whoenig,1,NULL,NULL,3435,1067.25,NULL,https://github.com/ssfc/libMultiRobotPlanning-isolated,2025-09-05 18:03:51,91117,80059983
-1,random-32-32-20.map,random-32-32-20-random-1.scen,110,12400F,CBSDepthLengthOrderReverse,ASTAR-whoenig,1,NULL,NULL,INF,1800.07,NULL,https://github.com/ssfc/libMultiRobotPlanning-isolated,2025-09-05 18:38:54,451801,80728398
-1,random-32-32-20.map,random-32-32-20-random-1.scen,111,12400F,CBSDepthLengthOrderReverse,ASTAR-whoenig,1,NULL,NULL,INF,1800.03,NULL,https://github.com/ssfc/libMultiRobotPlanning-isolated,2025-09-05 19:09:06,436221,82053909
-1,random-32-32-20.map,random-32-32-20-random-1.scen,112,12400F,CBSDepthLengthOrderReverse,ASTAR-whoenig,1,NULL,NULL,INF,1800.03,NULL,https://github.com/ssfc/libMultiRobotPlanning-isolated,2025-09-05 19:39:15,423761,81043466
-1,random-32-32-20.map,random-32-32-20-random-1.scen,113,12400F,CBSDepthLengthOrderReverse,ASTAR-whoenig,1,NULL,NULL,INF,1800.01,NULL,https://github.com/ssfc/libMultiRobotPlanning-isolated,2025-09-05 20:09:27,445841,76772610
-1,random-32-32-20.map,random-32-32-20-random-1.scen,114,12400F,CBSDepthLengthOrderReverse,ASTAR-whoenig,1,NULL,NULL,INF,1800.02,NULL,https://github.com/ssfc/libMultiRobotPlanning-isolated,2025-09-05 20:39:39,441881,75496708
-1,random-32-32-20.map,random-32-32-20-random-1.scen,115,12400F,CBSDepthLengthOrderReverse,ASTAR-whoenig,1,NULL,NULL,INF,1800,NULL,https://github.com/ssfc/libMultiRobotPlanning-isolated,2025-09-05 21:09:51,452771,73325575
-1,random-32-32-20.map,random-32-32-20-random-1.scen,116,12400F,CBSDepthLengthOrderReverse,ASTAR-whoenig,1,NULL,NULL,INF,1800.01,NULL,https://github.com/ssfc/libMultiRobotPlanning-isolated,2025-09-05 21:40:02,451271,72108314
-1,random-32-32-20.map,random-32-32-20-random-1.scen,117,12400F,CBSDepthLengthOrderReverse,ASTAR-whoenig,1,NULL,NULL,INF,1800.03,NULL,https://github.com/ssfc/libMultiRobotPlanning-isolated,2025-09-05 22:10:14,442701,71256501
-1,random-32-32-20.map,random-32-32-20-random-1.scen,1,12400F,CBS-whoenig,whoenig-ASTAR,1,NULL,NULL,36,0.004411,NULL,https://github.com/ssfc/libMultiRobotPlanning-isolated,2025-09-06 00:36:46,1,168
-1,random-32-32-20.map,random-32-32-20-random-1.scen,2,12400F,CBS-whoenig,whoenig-ASTAR,1,NULL,NULL,48,0.00252,NULL,https://github.com/ssfc/libMultiRobotPlanning-isolated,2025-09-06 00:36:46,1,210
-1,random-32-32-20.map,random-32-32-20-random-1.scen,3,12400F,CBS-whoenig,whoenig-ASTAR,1,NULL,NULL,77,0.00965,NULL,https://github.com/ssfc/libMultiRobotPlanning-isolated,2025-09-06 00:36:46,1,518
-1,random-32-32-20.map,random-32-32-20-random-1.scen,4,12400F,CBS-whoenig,whoenig-ASTAR,1,NULL,NULL,97,0.005305,NULL,https://github.com/ssfc/libMultiRobotPlanning-isolated,2025-09-06 00:36:46,1,579
-1,random-32-32-20.map,random-32-32-20-random-1.scen,5,12400F,CBS-whoenig,whoenig-ASTAR,1,NULL,NULL,128,0.007229,NULL,https://github.com/ssfc/libMultiRobotPlanning-isolated,2025-09-06 00:36:46,1,692
-1,random-32-32-20.map,random-32-32-20-random-1.scen,6,12400F,CBS-whoenig,whoenig-ASTAR,1,NULL,NULL,152,0.006318,NULL,https://github.com/ssfc/libMultiRobotPlanning-isolated,2025-09-06 00:36:46,1,779
-1,random-32-32-20.map,random-32-32-20-random-1.scen,7,12400F,CBS-whoenig,whoenig-ASTAR,1,NULL,NULL,167,0.006528,NULL,https://github.com/ssfc/libMultiRobotPlanning-isolated,2025-09-06 00:36:46,1,814
-1,random-32-32-20.map,random-32-32-20-random-1.scen,8,12400F,CBS-whoenig,whoenig-ASTAR,1,NULL,NULL,177,0.00672,NULL,https://github.com/ssfc/libMultiRobotPlanning-isolated,2025-09-06 00:36:46,2,881
-1,random-32-32-20.map,random-32-32-20-random-1.scen,9,12400F,CBS-whoenig,whoenig-ASTAR,1,NULL,NULL,181,0.009841,NULL,https://github.com/ssfc/libMultiRobotPlanning-isolated,2025-09-06 00:36:46,2,886
-1,random-32-32-20.map,random-32-32-20-random-1.scen,10,12400F,CBS-whoenig,whoenig-ASTAR,1,NULL,NULL,196,0.009961,NULL,https://github.com/ssfc/libMultiRobotPlanning-isolated,2025-09-06 00:36:46,2,903
-1,random-32-32-20.map,random-32-32-20-random-1.scen,11,12400F,CBS-whoenig,whoenig-ASTAR,1,NULL,NULL,218,0.011072,NULL,https://github.com/ssfc/libMultiRobotPlanning-isolated,2025-09-06 00:36:46,4,1173
-1,random-32-32-20.map,random-32-32-20-random-1.scen,12,12400F,CBS-whoenig,whoenig-ASTAR,1,NULL,NULL,241,0.011581,NULL,https://github.com/ssfc/libMultiRobotPlanning-isolated,2025-09-06 00:36:46,4,1213
-1,random-32-32-20.map,random-32-32-20-random-1.scen,13,12400F,CBS-whoenig,whoenig-ASTAR,1,NULL,NULL,253,0.03397,NULL,https://github.com/ssfc/libMultiRobotPlanning-isolated,2025-09-06 00:36:46,19,4793
-1,random-32-32-20.map,random-32-32-20-random-1.scen,14,12400F,CBS-whoenig,whoenig-ASTAR,1,NULL,NULL,301,0.030864,NULL,https://github.com/ssfc/libMultiRobotPlanning-isolated,2025-09-06 00:36:46,20,5237
-1,random-32-32-20.map,random-32-32-20-random-1.scen,15,12400F,CBS-whoenig,whoenig-ASTAR,1,NULL,NULL,324,0.031142,NULL,https://github.com/ssfc/libMultiRobotPlanning-isolated,2025-09-06 00:36:47,20,5283
-1,random-32-32-20.map,random-32-32-20-random-1.scen,16,12400F,CBS-whoenig,whoenig-ASTAR,1,NULL,NULL,362,0.038194,NULL,https://github.com/ssfc/libMultiRobotPlanning-isolated,2025-09-06 00:36:47,22,6545
-1,random-32-32-20.map,random-32-32-20-random-1.scen,17,12400F,CBS-whoenig,whoenig-ASTAR,1,NULL,NULL,380,0.038849,NULL,https://github.com/ssfc/libMultiRobotPlanning-isolated,2025-09-06 00:36:47,22,6565
-1,random-32-32-20.map,random-32-32-20-random-1.scen,18,12400F,CBS-whoenig,whoenig-ASTAR,1,NULL,NULL,387,0.038827,NULL,https://github.com/ssfc/libMultiRobotPlanning-isolated,2025-09-06 00:36:47,22,6573
-1,random-32-32-20.map,random-32-32-20-random-1.scen,19,12400F,CBS-whoenig,whoenig-ASTAR,1,NULL,NULL,399,0.039033,NULL,https://github.com/ssfc/libMultiRobotPlanning-isolated,2025-09-06 00:36:47,22,6591
-1,random-32-32-20.map,random-32-32-20-random-1.scen,20,12400F,CBS-whoenig,whoenig-ASTAR,1,NULL,NULL,407,0.039489,NULL,https://github.com/ssfc/libMultiRobotPlanning-isolated,2025-09-06 00:36:47,22,6600
-1,random-32-32-20.map,random-32-32-20-random-1.scen,21,12400F,CBS-whoenig,whoenig-ASTAR,1,NULL,NULL,438,0.040891,NULL,https://github.com/ssfc/libMultiRobotPlanning-isolated,2025-09-06 00:36:47,22,6666
-1,random-32-32-20.map,random-32-32-20-random-1.scen,22,12400F,CBS-whoenig,whoenig-ASTAR,1,NULL,NULL,447,0.081063,NULL,https://github.com/ssfc/libMultiRobotPlanning-isolated,2025-09-06 00:36:47,57,13022
-1,random-32-32-20.map,random-32-32-20-random-1.scen,23,12400F,CBS-whoenig,whoenig-ASTAR,1,NULL,NULL,461,0.347993,NULL,https://github.com/ssfc/libMultiRobotPlanning-isolated,2025-09-06 00:36:47,313,55731
-1,random-32-32-20.map,random-32-32-20-random-1.scen,24,12400F,CBS-whoenig,whoenig-ASTAR,1,NULL,NULL,508,0.353833,NULL,https://github.com/ssfc/libMultiRobotPlanning-isolated,2025-09-06 00:36:48,313,55785
-1,random-32-32-20.map,random-32-32-20-random-1.scen,25,12400F,CBS-whoenig,whoenig-ASTAR,1,NULL,NULL,522,0.358453,NULL,https://github.com/ssfc/libMultiRobotPlanning-isolated,2025-09-06 00:36:48,313,55852
-1,random-32-32-20.map,random-32-32-20-random-1.scen,26,12400F,CBS-whoenig,whoenig-ASTAR,1,NULL,NULL,555,0.363124,NULL,https://github.com/ssfc/libMultiRobotPlanning-isolated,2025-09-06 00:36:48,313,56123
-1,random-32-32-20.map,random-32-32-20-random-1.scen,27,12400F,CBS-whoenig,whoenig-ASTAR,1,NULL,NULL,586,0.669283,NULL,https://github.com/ssfc/libMultiRobotPlanning-isolated,2025-09-06 00:36:49,525,101384
-1,random-32-32-20.map,random-32-32-20-random-1.scen,28,12400F,CBS-whoenig,whoenig-ASTAR,1,NULL,NULL,592,0.67802,NULL,https://github.com/ssfc/libMultiRobotPlanning-isolated,2025-09-06 00:36:50,525,101391
-1,random-32-32-20.map,random-32-32-20-random-1.scen,29,12400F,CBS-whoenig,whoenig-ASTAR,1,NULL,NULL,598,0.68702,NULL,https://github.com/ssfc/libMultiRobotPlanning-isolated,2025-09-06 00:36:50,525,101401
-1,random-32-32-20.map,random-32-32-20-random-1.scen,30,12400F,CBS-whoenig,whoenig-ASTAR,1,NULL,NULL,627,1.35209,NULL,https://github.com/ssfc/libMultiRobotPlanning-isolated,2025-09-06 00:36:52,1061,198308
-1,random-32-32-20.map,random-32-32-20-random-1.scen,31,12400F,CBS-whoenig,whoenig-ASTAR,1,NULL,NULL,649,22.1265,NULL,https://github.com/ssfc/libMultiRobotPlanning-isolated,2025-09-06 00:37:14,16398,3302110
-1,random-32-32-20.map,random-32-32-20-random-1.scen,32,12400F,CBS-whoenig,whoenig-ASTAR,1,NULL,NULL,669,22.4214,NULL,https://github.com/ssfc/libMultiRobotPlanning-isolated,2025-09-06 00:37:36,16398,3302131
-1,random-32-32-20.map,random-32-32-20-random-1.scen,33,12400F,CBS-whoenig,whoenig-ASTAR,1,NULL,NULL,677,22.7352,NULL,https://github.com/ssfc/libMultiRobotPlanning-isolated,2025-09-06 00:37:59,16398,3302140
-1,random-32-32-20.map,random-32-32-20-random-1.scen,34,12400F,CBS-whoenig,whoenig-ASTAR,1,NULL,NULL,703,23.0172,NULL,https://github.com/ssfc/libMultiRobotPlanning-isolated,2025-09-06 00:38:22,16398,3302167
-1,random-32-32-20.map,random-32-32-20-random-1.scen,35,12400F,CBS-whoenig,whoenig-ASTAR,1,NULL,NULL,729,23.3462,NULL,https://github.com/ssfc/libMultiRobotPlanning-isolated,2025-09-06 00:38:46,16398,3302194
-1,random-32-32-20.map,random-32-32-20-random-1.scen,36,12400F,CBS-whoenig,whoenig-ASTAR,1,NULL,NULL,769,48.5601,NULL,https://github.com/ssfc/libMultiRobotPlanning-isolated,2025-09-06 00:39:34,32783,6803555
-1,random-32-32-20.map,random-32-32-20-random-1.scen,37,12400F,CBS-whoenig,whoenig-ASTAR,1,NULL,NULL,775,49.2492,NULL,https://github.com/ssfc/libMultiRobotPlanning-isolated,2025-09-06 00:40:24,32783,6803562
-1,random-32-32-20.map,random-32-32-20-random-1.scen,38,12400F,CBS-whoenig,whoenig-ASTAR,1,NULL,NULL,784,50.0155,NULL,https://github.com/ssfc/libMultiRobotPlanning-isolated,2025-09-06 00:41:14,32783,6803572
-1,random-32-32-20.map,random-32-32-20-random-1.scen,39,12400F,CBS-whoenig,whoenig-ASTAR,1,NULL,NULL,799,45.8692,NULL,https://github.com/ssfc/libMultiRobotPlanning-isolated,2025-09-06 00:42:00,34614,6320652
-1,random-32-32-20.map,random-32-32-20-random-1.scen,40,12400F,CBS-whoenig,whoenig-ASTAR,1,NULL,NULL,826,360.934,NULL,https://github.com/ssfc/libMultiRobotPlanning-isolated,2025-09-06 00:48:02,265303,46227363
-1,random-32-32-20.map,random-32-32-20-random-1.scen,41,12400F,CBS-whoenig,whoenig-ASTAR,1,NULL,NULL,844,366.383,NULL,https://github.com/ssfc/libMultiRobotPlanning-isolated,2025-09-06 00:54:10,265303,46227396
-1,random-32-32-20.map,random-32-32-20-random-1.scen,42,12400F,CBS-whoenig,whoenig-ASTAR,1,NULL,NULL,854,372.37,NULL,https://github.com/ssfc/libMultiRobotPlanning-isolated,2025-09-06 01:00:24,265303,46227414
-1,random-32-32-20.map,random-32-32-20-random-1.scen,43,12400F,CBS-whoenig,whoenig-ASTAR,1,NULL,NULL,893,371.673,NULL,https://github.com/ssfc/libMultiRobotPlanning-isolated,2025-09-06 01:06:38,263635,45483796
-1,random-32-32-20.map,random-32-32-20-random-1.scen,44,12400F,CBS-whoenig,whoenig-ASTAR,1,NULL,NULL,932,379.61,NULL,https://github.com/ssfc/libMultiRobotPlanning-isolated,2025-09-06 01:13:00,264761,45766181
-1,random-32-32-20.map,random-32-32-20-random-1.scen,45,12400F,CBS-whoenig,whoenig-ASTAR,1,NULL,NULL,968,385.973,NULL,https://github.com/ssfc/libMultiRobotPlanning-isolated,2025-09-06 01:19:28,264761,45766269
-1,random-32-32-20.map,random-32-32-20-random-1.scen,46,12400F,CBS-whoenig,whoenig-ASTAR,1,NULL,NULL,INF,1800,NULL,https://github.com/ssfc/libMultiRobotPlanning-isolated,2025-09-06 01:49:30,1158431,212144807
-1,random-32-32-20.map,random-32-32-20-random-1.scen,47,12400F,CBS-whoenig,whoenig-ASTAR,1,NULL,NULL,INF,1800.01,NULL,https://github.com/ssfc/libMultiRobotPlanning-isolated,2025-09-06 02:19:41,1139701,208982832
-1,random-32-32-20.map,random-32-32-20-random-1.scen,48,12400F,CBS-whoenig,whoenig-ASTAR,1,NULL,NULL,INF,1800.01,NULL,https://github.com/ssfc/libMultiRobotPlanning-isolated,2025-09-06 02:49:51,1234721,237570853
-1,random-32-32-20.map,random-32-32-20-random-1.scen,49,12400F,CBS-whoenig,whoenig-ASTAR,1,NULL,NULL,INF,1800.02,NULL,https://github.com/ssfc/libMultiRobotPlanning-isolated,2025-09-06 03:20:02,1219691,234428786
-1,random-32-32-20.map,random-32-32-20-random-1.scen,50,12400F,CBS-whoenig,whoenig-ASTAR,1,NULL,NULL,INF,1800.01,NULL,https://github.com/ssfc/libMultiRobotPlanning-isolated,2025-09-06 03:50:14,1119061,255502423
-1,random-32-32-20.map,random-32-32-20-random-1.scen,51,12400F,CBS-whoenig,whoenig-ASTAR,1,NULL,NULL,INF,1800,NULL,https://github.com/ssfc/libMultiRobotPlanning-isolated,2025-09-06 04:20:25,1112641,252280931
-1,random-32-32-20.map,random-32-32-20-random-1.scen,52,12400F,CBS-whoenig,whoenig-ASTAR,1,NULL,NULL,INF,1800,NULL,https://github.com/ssfc/libMultiRobotPlanning-isolated,2025-09-06 04:50:36,1101091,249461865
-1,random-32-32-20.map,random-32-32-20-random-1.scen,53,12400F,CBS-whoenig,whoenig-ASTAR,1,NULL,NULL,INF,1800.01,NULL,https://github.com/ssfc/libMultiRobotPlanning-isolated,2025-09-06 05:20:47,1090891,246949465
-1,random-32-32-20.map,random-32-32-20-random-1.scen,54,12400F,CBS-whoenig,whoenig-ASTAR,1,NULL,NULL,INF,1800.01,NULL,https://github.com/ssfc/libMultiRobotPlanning-isolated,2025-09-06 05:50:58,1085481,242979178
-1,random-32-32-20.map,random-32-32-20-random-1.scen,55,12400F,CBS-whoenig,whoenig-ASTAR,1,NULL,NULL,INF,1800.02,NULL,https://github.com/ssfc/libMultiRobotPlanning-isolated,2025-09-06 06:21:09,1083951,239154437
-1,random-32-32-20.map,random-32-32-20-random-1.scen,56,12400F,CBS-whoenig,whoenig-ASTAR,1,NULL,NULL,INF,1800.02,NULL,https://github.com/ssfc/libMultiRobotPlanning-isolated,2025-09-06 06:51:20,1072491,236362804
-1,random-32-32-20.map,random-32-32-20-random-1.scen,57,12400F,CBS-whoenig,whoenig-ASTAR,1,NULL,NULL,INF,1800,NULL,https://github.com/ssfc/libMultiRobotPlanning-isolated,2025-09-06 07:21:32,1061521,233829623
-1,random-32-32-20.map,random-32-32-20-random-1.scen,1,12400F,CBSDepthRandomAvoid,ASTAR-whoenig,1,NULL,NULL,38,0.00102,NULL,https://github.com/ssfc/libMultiRobotPlanning-isolated,2025-09-06 08:02:45,1,168
-1,random-32-32-20.map,random-32-32-20-random-1.scen,2,12400F,CBSDepthRandomAvoid,ASTAR-whoenig,1,NULL,NULL,52,0.003691,NULL,https://github.com/ssfc/libMultiRobotPlanning-isolated,2025-09-06 08:02:45,1,210
-1,random-32-32-20.map,random-32-32-20-random-1.scen,3,12400F,CBSDepthRandomAvoid,ASTAR-whoenig,1,NULL,NULL,83,0.012069,NULL,https://github.com/ssfc/libMultiRobotPlanning-isolated,2025-09-06 08:02:45,1,518
-1,random-32-32-20.map,random-32-32-20-random-1.scen,4,12400F,CBSDepthRandomAvoid,ASTAR-whoenig,1,NULL,NULL,105,0.005579,NULL,https://github.com/ssfc/libMultiRobotPlanning-isolated,2025-09-06 08:02:45,1,579
-1,random-32-32-20.map,random-32-32-20-random-1.scen,5,12400F,CBSDepthRandomAvoid,ASTAR-whoenig,1,NULL,NULL,138,0.013104,NULL,https://github.com/ssfc/libMultiRobotPlanning-isolated,2025-09-06 08:02:45,1,692
-1,random-32-32-20.map,random-32-32-20-random-1.scen,6,12400F,CBSDepthRandomAvoid,ASTAR-whoenig,1,NULL,NULL,164,0.010464,NULL,https://github.com/ssfc/libMultiRobotPlanning-isolated,2025-09-06 08:02:45,1,779
-1,random-32-32-20.map,random-32-32-20-random-1.scen,7,12400F,CBSDepthRandomAvoid,ASTAR-whoenig,1,NULL,NULL,181,0.010442,NULL,https://github.com/ssfc/libMultiRobotPlanning-isolated,2025-09-06 08:02:45,1,814
-1,random-32-32-20.map,random-32-32-20-random-1.scen,8,12400F,CBSDepthRandomAvoid,ASTAR-whoenig,1,NULL,NULL,193,0.008963,NULL,https://github.com/ssfc/libMultiRobotPlanning-isolated,2025-09-06 08:02:45,2,881
-1,random-32-32-20.map,random-32-32-20-random-1.scen,9,12400F,CBSDepthRandomAvoid,ASTAR-whoenig,1,NULL,NULL,199,0.008551,NULL,https://github.com/ssfc/libMultiRobotPlanning-isolated,2025-09-06 08:02:45,2,886
-1,random-32-32-20.map,random-32-32-20-random-1.scen,10,12400F,CBSDepthRandomAvoid,ASTAR-whoenig,1,NULL,NULL,216,0.007789,NULL,https://github.com/ssfc/libMultiRobotPlanning-isolated,2025-09-06 08:02:45,2,903
-1,random-32-32-20.map,random-32-32-20-random-1.scen,11,12400F,CBSDepthRandomAvoid,ASTAR-whoenig,1,NULL,NULL,240,0.009679,NULL,https://github.com/ssfc/libMultiRobotPlanning-isolated,2025-09-06 08:02:45,3,1118
-1,random-32-32-20.map,random-32-32-20-random-1.scen,12,12400F,CBSDepthRandomAvoid,ASTAR-whoenig,1,NULL,NULL,265,0.01538,NULL,https://github.com/ssfc/libMultiRobotPlanning-isolated,2025-09-06 08:02:45,3,1158
-1,random-32-32-20.map,random-32-32-20-random-1.scen,13,12400F,CBSDepthRandomAvoid,ASTAR-whoenig,1,NULL,NULL,281,0.02244,NULL,https://github.com/ssfc/libMultiRobotPlanning-isolated,2025-09-06 08:02:45,10,3135
-1,random-32-32-20.map,random-32-32-20-random-1.scen,14,12400F,CBSDepthRandomAvoid,ASTAR-whoenig,1,NULL,NULL,335,0.030109,NULL,https://github.com/ssfc/libMultiRobotPlanning-isolated,2025-09-06 08:02:45,13,5137
-1,random-32-32-20.map,random-32-32-20-random-1.scen,15,12400F,CBSDepthRandomAvoid,ASTAR-whoenig,1,NULL,NULL,360,0.030285,NULL,https://github.com/ssfc/libMultiRobotPlanning-isolated,2025-09-06 08:02:45,13,5183
-1,random-32-32-20.map,random-32-32-20-random-1.scen,16,12400F,CBSDepthRandomAvoid,ASTAR-whoenig,1,NULL,NULL,402,0.036146,NULL,https://github.com/ssfc/libMultiRobotPlanning-isolated,2025-09-06 08:02:45,15,6486
-1,random-32-32-20.map,random-32-32-20-random-1.scen,17,12400F,CBSDepthRandomAvoid,ASTAR-whoenig,1,NULL,NULL,422,0.036819,NULL,https://github.com/ssfc/libMultiRobotPlanning-isolated,2025-09-06 08:02:45,15,6506
-1,random-32-32-20.map,random-32-32-20-random-1.scen,18,12400F,CBSDepthRandomAvoid,ASTAR-whoenig,1,NULL,NULL,431,0.036805,NULL,https://github.com/ssfc/libMultiRobotPlanning-isolated,2025-09-06 08:02:45,15,6514
-1,random-32-32-20.map,random-32-32-20-random-1.scen,19,12400F,CBSDepthRandomAvoid,ASTAR-whoenig,1,NULL,NULL,445,0.038386,NULL,https://github.com/ssfc/libMultiRobotPlanning-isolated,2025-09-06 08:02:45,15,6532
-1,random-32-32-20.map,random-32-32-20-random-1.scen,20,12400F,CBSDepthRandomAvoid,ASTAR-whoenig,1,NULL,NULL,455,0.037796,NULL,https://github.com/ssfc/libMultiRobotPlanning-isolated,2025-09-06 08:02:46,15,6541
-1,random-32-32-20.map,random-32-32-20-random-1.scen,21,12400F,CBSDepthRandomAvoid,ASTAR-whoenig,1,NULL,NULL,488,0.038507,NULL,https://github.com/ssfc/libMultiRobotPlanning-isolated,2025-09-06 08:02:46,15,6607
-1,random-32-32-20.map,random-32-32-20-random-1.scen,22,12400F,CBSDepthRandomAvoid,ASTAR-whoenig,1,NULL,NULL,502,0.053712,NULL,https://github.com/ssfc/libMultiRobotPlanning-isolated,2025-09-06 08:02:46,21,8987
-1,random-32-32-20.map,random-32-32-20-random-1.scen,23,12400F,CBSDepthRandomAvoid,ASTAR-whoenig,1,NULL,NULL,516,0.050717,NULL,https://github.com/ssfc/libMultiRobotPlanning-isolated,2025-09-06 08:02:46,21,8387
-1,random-32-32-20.map,random-32-32-20-random-1.scen,24,12400F,CBSDepthRandomAvoid,ASTAR-whoenig,1,NULL,NULL,566,0.061838,NULL,https://github.com/ssfc/libMultiRobotPlanning-isolated,2025-09-06 08:02:46,25,10233
-1,random-32-32-20.map,random-32-32-20-random-1.scen,25,12400F,CBSDepthRandomAvoid,ASTAR-whoenig,1,NULL,NULL,582,0.0623,NULL,https://github.com/ssfc/libMultiRobotPlanning-isolated,2025-09-06 08:02:46,25,10300
-1,random-32-32-20.map,random-32-32-20-random-1.scen,26,12400F,CBSDepthRandomAvoid,ASTAR-whoenig,1,NULL,NULL,617,0.064463,NULL,https://github.com/ssfc/libMultiRobotPlanning-isolated,2025-09-06 08:02:46,25,10571
-1,random-32-32-20.map,random-32-32-20-random-1.scen,27,12400F,CBSDepthRandomAvoid,ASTAR-whoenig,1,NULL,NULL,652,0.092326,NULL,https://github.com/ssfc/libMultiRobotPlanning-isolated,2025-09-06 08:02:46,31,14936
-1,random-32-32-20.map,random-32-32-20-random-1.scen,28,12400F,CBSDepthRandomAvoid,ASTAR-whoenig,1,NULL,NULL,660,0.093181,NULL,https://github.com/ssfc/libMultiRobotPlanning-isolated,2025-09-06 08:02:46,31,14943
-1,random-32-32-20.map,random-32-32-20-random-1.scen,29,12400F,CBSDepthRandomAvoid,ASTAR-whoenig,1,NULL,NULL,668,0.094737,NULL,https://github.com/ssfc/libMultiRobotPlanning-isolated,2025-09-06 08:02:46,31,14953
-1,random-32-32-20.map,random-32-32-20-random-1.scen,30,12400F,CBSDepthRandomAvoid,ASTAR-whoenig,1,NULL,NULL,697,0.081186,NULL,https://github.com/ssfc/libMultiRobotPlanning-isolated,2025-09-06 08:02:46,31,12172
-1,random-32-32-20.map,random-32-32-20-random-1.scen,31,12400F,CBSDepthRandomAvoid,ASTAR-whoenig,1,NULL,NULL,721,0.081434,NULL,https://github.com/ssfc/libMultiRobotPlanning-isolated,2025-09-06 08:02:46,35,12142
-1,random-32-32-20.map,random-32-32-20-random-1.scen,32,12400F,CBSDepthRandomAvoid,ASTAR-whoenig,1,NULL,NULL,743,0.083495,NULL,https://github.com/ssfc/libMultiRobotPlanning-isolated,2025-09-06 08:02:46,35,12163
-1,random-32-32-20.map,random-32-32-20-random-1.scen,33,12400F,CBSDepthRandomAvoid,ASTAR-whoenig,1,NULL,NULL,753,0.084808,NULL,https://github.com/ssfc/libMultiRobotPlanning-isolated,2025-09-06 08:02:47,35,12172
-1,random-32-32-20.map,random-32-32-20-random-1.scen,34,12400F,CBSDepthRandomAvoid,ASTAR-whoenig,1,NULL,NULL,788,0.122732,NULL,https://github.com/ssfc/libMultiRobotPlanning-isolated,2025-09-06 08:02:47,51,17982
-1,random-32-32-20.map,random-32-32-20-random-1.scen,35,12400F,CBSDepthRandomAvoid,ASTAR-whoenig,1,NULL,NULL,816,0.124412,NULL,https://github.com/ssfc/libMultiRobotPlanning-isolated,2025-09-06 08:02:47,51,18009
-1,random-32-32-20.map,random-32-32-20-random-1.scen,36,12400F,CBSDepthRandomAvoid,ASTAR-whoenig,1,NULL,NULL,861,0.158131,NULL,https://github.com/ssfc/libMultiRobotPlanning-isolated,2025-09-06 08:02:47,69,23735
-1,random-32-32-20.map,random-32-32-20-random-1.scen,37,12400F,CBSDepthRandomAvoid,ASTAR-whoenig,1,NULL,NULL,869,0.15871,NULL,https://github.com/ssfc/libMultiRobotPlanning-isolated,2025-09-06 08:02:47,69,23742
-1,random-32-32-20.map,random-32-32-20-random-1.scen,38,12400F,CBSDepthRandomAvoid,ASTAR-whoenig,1,NULL,NULL,876,0.117522,NULL,https://github.com/ssfc/libMultiRobotPlanning-isolated,2025-09-06 08:02:47,49,17031
-1,random-32-32-20.map,random-32-32-20-random-1.scen,39,12400F,CBSDepthRandomAvoid,ASTAR-whoenig,1,NULL,NULL,896,0.126875,NULL,https://github.com/ssfc/libMultiRobotPlanning-isolated,2025-09-06 08:02:47,56,17580
-1,random-32-32-20.map,random-32-32-20-random-1.scen,40,12400F,CBSDepthRandomAvoid,ASTAR-whoenig,1,NULL,NULL,932,0.16476,NULL,https://github.com/ssfc/libMultiRobotPlanning-isolated,2025-09-06 08:02:47,73,21993
-1,random-32-32-20.map,random-32-32-20-random-1.scen,41,12400F,CBSDepthRandomAvoid,ASTAR-whoenig,1,NULL,NULL,952,0.168691,NULL,https://github.com/ssfc/libMultiRobotPlanning-isolated,2025-09-06 08:02:48,73,22026
-1,random-32-32-20.map,random-32-32-20-random-1.scen,42,12400F,CBSDepthRandomAvoid,ASTAR-whoenig,1,NULL,NULL,964,0.170677,NULL,https://github.com/ssfc/libMultiRobotPlanning-isolated,2025-09-06 08:02:48,73,22044
-1,random-32-32-20.map,random-32-32-20-random-1.scen,43,12400F,CBSDepthRandomAvoid,ASTAR-whoenig,1,NULL,NULL,1005,0.195132,NULL,https://github.com/ssfc/libMultiRobotPlanning-isolated,2025-09-06 08:02:48,80,27157
-1,random-32-32-20.map,random-32-32-20-random-1.scen,44,12400F,CBSDepthRandomAvoid,ASTAR-whoenig,1,NULL,NULL,1050,0.234184,NULL,https://github.com/ssfc/libMultiRobotPlanning-isolated,2025-09-06 08:02:48,91,31075
-1,random-32-32-20.map,random-32-32-20-random-1.scen,45,12400F,CBSDepthRandomAvoid,ASTAR-whoenig,1,NULL,NULL,1088,0.265698,NULL,https://github.com/ssfc/libMultiRobotPlanning-isolated,2025-09-06 08:02:49,94,35494
-1,random-32-32-20.map,random-32-32-20-random-1.scen,46,12400F,CBSDepthRandomAvoid,ASTAR-whoenig,1,NULL,NULL,1120,0.268016,NULL,https://github.com/ssfc/libMultiRobotPlanning-isolated,2025-09-06 08:02:49,94,35571
-1,random-32-32-20.map,random-32-32-20-random-1.scen,47,12400F,CBSDepthRandomAvoid,ASTAR-whoenig,1,NULL,NULL,1146,0.189651,NULL,https://github.com/ssfc/libMultiRobotPlanning-isolated,2025-09-06 08:02:49,68,23686
-1,random-32-32-20.map,random-32-32-20-random-1.scen,48,12400F,CBSDepthRandomAvoid,ASTAR-whoenig,1,NULL,NULL,1199,0.447439,NULL,https://github.com/ssfc/libMultiRobotPlanning-isolated,2025-09-06 08:02:49,169,57986
-1,random-32-32-20.map,random-32-32-20-random-1.scen,49,12400F,CBSDepthRandomAvoid,ASTAR-whoenig,1,NULL,NULL,1212,0.457985,NULL,https://github.com/ssfc/libMultiRobotPlanning-isolated,2025-09-06 08:02:50,148,60855
-1,random-32-32-20.map,random-32-32-20-random-1.scen,50,12400F,CBSDepthRandomAvoid,ASTAR-whoenig,1,NULL,NULL,1260,0.752432,NULL,https://github.com/ssfc/libMultiRobotPlanning-isolated,2025-09-06 08:02:51,257,90659
-1,random-32-32-20.map,random-32-32-20-random-1.scen,51,12400F,CBSDepthRandomAvoid,ASTAR-whoenig,1,NULL,NULL,1362,2.07608,NULL,https://github.com/ssfc/libMultiRobotPlanning-isolated,2025-09-06 08:02:53,589,277174
-1,random-32-32-20.map,random-32-32-20-random-1.scen,52,12400F,CBSDepthRandomAvoid,ASTAR-whoenig,1,NULL,NULL,1380,2.09877,NULL,https://github.com/ssfc/libMultiRobotPlanning-isolated,2025-09-06 08:02:55,589,277191
-1,random-32-32-20.map,random-32-32-20-random-1.scen,53,12400F,CBSDepthRandomAvoid,ASTAR-whoenig,1,NULL,NULL,1327,0.702753,NULL,https://github.com/ssfc/libMultiRobotPlanning-isolated,2025-09-06 08:02:56,244,81942
-1,random-32-32-20.map,random-32-32-20-random-1.scen,54,12400F,CBSDepthRandomAvoid,ASTAR-whoenig,1,NULL,NULL,1424,1.41788,NULL,https://github.com/ssfc/libMultiRobotPlanning-isolated,2025-09-06 08:02:57,424,168183
-1,random-32-32-20.map,random-32-32-20-random-1.scen,55,12400F,CBSDepthRandomAvoid,ASTAR-whoenig,1,NULL,NULL,1352,0.453819,NULL,https://github.com/ssfc/libMultiRobotPlanning-isolated,2025-09-06 08:02:57,132,49080
-1,random-32-32-20.map,random-32-32-20-random-1.scen,56,12400F,CBSDepthRandomAvoid,ASTAR-whoenig,1,NULL,NULL,1418,0.844793,NULL,https://github.com/ssfc/libMultiRobotPlanning-isolated,2025-09-06 08:02:58,271,91896
-1,random-32-32-20.map,random-32-32-20-random-1.scen,57,12400F,CBSDepthRandomAvoid,ASTAR-whoenig,1,NULL,NULL,1508,3.76142,NULL,https://github.com/ssfc/libMultiRobotPlanning-isolated,2025-09-06 08:03:02,1162,457032
-1,random-32-32-20.map,random-32-32-20-random-1.scen,58,12400F,CBSDepthRandomAvoid,ASTAR-whoenig,1,NULL,NULL,1538,1.44323,NULL,https://github.com/ssfc/libMultiRobotPlanning-isolated,2025-09-06 08:03:04,334,164442
-1,random-32-32-20.map,random-32-32-20-random-1.scen,59,12400F,CBSDepthRandomAvoid,ASTAR-whoenig,1,NULL,NULL,1824,14.3988,NULL,https://github.com/ssfc/libMultiRobotPlanning-isolated,2025-09-06 08:03:18,2275,2006864
-1,random-32-32-20.map,random-32-32-20-random-1.scen,60,12400F,CBSDepthRandomAvoid,ASTAR-whoenig,1,NULL,NULL,1916,20.8152,NULL,https://github.com/ssfc/libMultiRobotPlanning-isolated,2025-09-06 08:03:39,2801,2886043
-1,random-32-32-20.map,random-32-32-20-random-1.scen,61,12400F,CBSDepthRandomAvoid,ASTAR-whoenig,1,NULL,NULL,1650,2.1196,NULL,https://github.com/ssfc/libMultiRobotPlanning-isolated,2025-09-06 08:03:41,529,229375
-1,random-32-32-20.map,random-32-32-20-random-1.scen,62,12400F,CBSDepthRandomAvoid,ASTAR-whoenig,1,NULL,NULL,1669,1.57166,NULL,https://github.com/ssfc/libMultiRobotPlanning-isolated,2025-09-06 08:03:43,386,170489
-1,random-32-32-20.map,random-32-32-20-random-1.scen,63,12400F,CBSDepthRandomAvoid,ASTAR-whoenig,1,NULL,NULL,1731,3.16223,NULL,https://github.com/ssfc/libMultiRobotPlanning-isolated,2025-09-06 08:03:46,704,341132
-1,random-32-32-20.map,random-32-32-20-random-1.scen,64,12400F,CBSDepthRandomAvoid,ASTAR-whoenig,1,NULL,NULL,1753,2.60968,NULL,https://github.com/ssfc/libMultiRobotPlanning-isolated,2025-09-06 08:03:49,660,280246
-1,random-32-32-20.map,random-32-32-20-random-1.scen,65,12400F,CBSDepthRandomAvoid,ASTAR-whoenig,1,NULL,NULL,1711,23.4037,NULL,https://github.com/ssfc/libMultiRobotPlanning-isolated,2025-09-06 08:04:12,3494,3005096
-1,random-32-32-20.map,random-32-32-20-random-1.scen,66,12400F,CBSDepthRandomAvoid,ASTAR-whoenig,1,NULL,NULL,1746,23.7781,NULL,https://github.com/ssfc/libMultiRobotPlanning-isolated,2025-09-06 08:04:36,3494,3005140
-1,random-32-32-20.map,random-32-32-20-random-1.scen,67,12400F,CBSDepthRandomAvoid,ASTAR-whoenig,1,NULL,NULL,1769,23.9284,NULL,https://github.com/ssfc/libMultiRobotPlanning-isolated,2025-09-06 08:05:00,3494,3005162
-1,random-32-32-20.map,random-32-32-20-random-1.scen,68,12400F,CBSDepthRandomAvoid,ASTAR-whoenig,1,NULL,NULL,1993,7.9739,NULL,https://github.com/ssfc/libMultiRobotPlanning-isolated,2025-09-06 08:05:08,1368,910398
-1,random-32-32-20.map,random-32-32-20-random-1.scen,69,12400F,CBSDepthRandomAvoid,ASTAR-whoenig,1,NULL,NULL,2005,8.05557,NULL,https://github.com/ssfc/libMultiRobotPlanning-isolated,2025-09-06 08:05:16,1368,910417
-1,random-32-32-20.map,random-32-32-20-random-1.scen,70,12400F,CBSDepthRandomAvoid,ASTAR-whoenig,1,NULL,NULL,1946,184.896,NULL,https://github.com/ssfc/libMultiRobotPlanning-isolated,2025-09-06 08:08:21,12108,23231636
-1,random-32-32-20.map,random-32-32-20-random-1.scen,71,12400F,CBSDepthRandomAvoid,ASTAR-whoenig,1,NULL,NULL,2234,25.3998,NULL,https://github.com/ssfc/libMultiRobotPlanning-isolated,2025-09-06 08:08:49,3128,3139143
-1,random-32-32-20.map,random-32-32-20-random-1.scen,72,12400F,CBSDepthRandomAvoid,ASTAR-whoenig,1,NULL,NULL,2133,8.92633,NULL,https://github.com/ssfc/libMultiRobotPlanning-isolated,2025-09-06 08:08:58,1460,947137
-1,random-32-32-20.map,random-32-32-20-random-1.scen,73,12400F,CBSDepthRandomAvoid,ASTAR-whoenig,1,NULL,NULL,2151,9.07756,NULL,https://github.com/ssfc/libMultiRobotPlanning-isolated,2025-09-06 08:09:07,1460,947159
-1,random-32-32-20.map,random-32-32-20-random-1.scen,74,12400F,CBSDepthRandomAvoid,ASTAR-whoenig,1,NULL,NULL,2030,27.1911,NULL,https://github.com/ssfc/libMultiRobotPlanning-isolated,2025-09-06 08:09:34,3941,3028188
-1,random-32-32-20.map,random-32-32-20-random-1.scen,75,12400F,CBSDepthRandomAvoid,ASTAR-whoenig,1,NULL,NULL,1990,20.5691,NULL,https://github.com/ssfc/libMultiRobotPlanning-isolated,2025-09-06 08:09:55,3096,2303359
-1,random-32-32-20.map,random-32-32-20-random-1.scen,76,12400F,CBSDepthRandomAvoid,ASTAR-whoenig,1,NULL,NULL,2085,15.7453,NULL,https://github.com/ssfc/libMultiRobotPlanning-isolated,2025-09-06 08:10:11,2781,1642729
-1,random-32-32-20.map,random-32-32-20-random-1.scen,77,12400F,CBSDepthRandomAvoid,ASTAR-whoenig,1,NULL,NULL,2456,559.671,NULL,https://github.com/ssfc/libMultiRobotPlanning-isolated,2025-09-06 08:19:31,46291,64691287
-1,random-32-32-20.map,random-32-32-20-random-1.scen,78,12400F,CBSDepthRandomAvoid,ASTAR-whoenig,1,NULL,NULL,2456,274.796,NULL,https://github.com/ssfc/libMultiRobotPlanning-isolated,2025-09-06 08:24:12,25918,29966653
-1,random-32-32-20.map,random-32-32-20-random-1.scen,79,12400F,CBSDepthRandomAvoid,ASTAR-whoenig,1,NULL,NULL,2114,149.861,NULL,https://github.com/ssfc/libMultiRobotPlanning-isolated,2025-09-06 08:26:45,13625,15523490
-1,random-32-32-20.map,random-32-32-20-random-1.scen,80,12400F,CBSDepthRandomAvoid,ASTAR-whoenig,1,NULL,NULL,2181,240.818,NULL,https://github.com/ssfc/libMultiRobotPlanning-isolated,2025-09-06 08:30:48,29765,25081527
-1,random-32-32-20.map,random-32-32-20-random-1.scen,81,12400F,CBSDepthRandomAvoid,ASTAR-whoenig,1,NULL,NULL,2274,1693.22,NULL,https://github.com/ssfc/libMultiRobotPlanning-isolated,2025-09-06 08:59:04,120123,181793602
-1,random-32-32-20.map,random-32-32-20-random-1.scen,82,12400F,CBSDepthRandomAvoid,ASTAR-whoenig,1,NULL,NULL,2302,444.715,NULL,https://github.com/ssfc/libMultiRobotPlanning-isolated,2025-09-06 09:06:50,47043,46997212
-1,random-32-32-20.map,random-32-32-20-random-1.scen,83,12400F,CBSDepthRandomAvoid,ASTAR-whoenig,1,NULL,NULL,2300,221.259,NULL,https://github.com/ssfc/libMultiRobotPlanning-isolated,2025-09-06 09:10:36,19289,22233547
-1,random-32-32-20.map,random-32-32-20-random-1.scen,85,12400F,CBSDepthRandomAvoid,ASTAR-whoenig,1,NULL,NULL,2412,938.869,NULL,https://github.com/ssfc/libMultiRobotPlanning-isolated,2025-09-06 09:52:21,59169,84903155
-1,random-32-32-20.map,random-32-32-20-random-1.scen,86,12400F,CBSDepthRandomAvoid,ASTAR-whoenig,1,NULL,NULL,INF,1800.17,NULL,https://github.com/ssfc/libMultiRobotPlanning-isolated,2025-09-06 10:22:36,126501,170731814
-1,random-32-32-20.map,random-32-32-20-random-1.scen,87,12400F,CBSDepthRandomAvoid,ASTAR-whoenig,1,NULL,NULL,2625,1502.39,NULL,https://github.com/ssfc/libMultiRobotPlanning-isolated,2025-09-06 10:48:04,141218,143851431
-1,random-32-32-20.map,random-32-32-20-random-1.scen,88,12400F,CBSDepthRandomAvoid,ASTAR-whoenig,1,NULL,NULL,2366,1447.95,NULL,https://github.com/ssfc/libMultiRobotPlanning-isolated,2025-09-06 11:12:31,123584,135928925
-1,random-32-32-20.map,random-32-32-20-random-1.scen,89,12400F,CBSDepthRandomAvoid,ASTAR-whoenig,1,NULL,NULL,INF,1800.06,NULL,https://github.com/ssfc/libMultiRobotPlanning-isolated,2025-09-06 11:42:50,167051,162480063
-1,random-32-32-20.map,random-32-32-20-random-1.scen,90,12400F,CBSDepthRandomAvoid,ASTAR-whoenig,1,NULL,NULL,INF,1800.13,NULL,https://github.com/ssfc/libMultiRobotPlanning-isolated,2025-09-06 12:13:15,176931,164160060
-1,random-32-32-20.map,random-32-32-20-random-1.scen,91,12400F,CBSDepthRandomAvoid,ASTAR-whoenig,1,NULL,NULL,INF,1800.07,NULL,https://github.com/ssfc/libMultiRobotPlanning-isolated,2025-09-06 12:43:38,167211,161748123
-1,random-32-32-20.map,random-32-32-20-random-1.scen,92,12400F,CBSDepthRandomAvoid,ASTAR-whoenig,1,NULL,NULL,INF,1800.16,NULL,https://github.com/ssfc/libMultiRobotPlanning-isolated,2025-09-06 13:14:01,140241,141777576
-1,random-32-32-20.map,random-32-32-20-random-1.scen,93,12400F,CBSDepthRandomAvoid,ASTAR-whoenig,1,NULL,NULL,INF,1800.01,NULL,https://github.com/ssfc/libMultiRobotPlanning-isolated,2025-09-06 13:44:29,177551,151943125
-1,random-32-32-20.map,random-32-32-20-random-1.scen,94,12400F,CBSDepthRandomAvoid,ASTAR-whoenig,1,NULL,NULL,INF,1800.07,NULL,https://github.com/ssfc/libMultiRobotPlanning-isolated,2025-09-06 14:14:53,197451,149296863
-1,random-32-32-20.map,random-32-32-20-random-1.scen,1,12400F,CBSDepthSecondPriority,ASTAR-whoenig,1,NULL,NULL,38,0.001292,NULL,https://github.com/ssfc/libMultiRobotPlanning-isolated,2025-09-06 16:55:23,1,168
-1,random-32-32-20.map,random-32-32-20-random-1.scen,2,12400F,CBSDepthSecondPriority,ASTAR-whoenig,1,NULL,NULL,52,0.003376,NULL,https://github.com/ssfc/libMultiRobotPlanning-isolated,2025-09-06 16:55:23,1,210
-1,random-32-32-20.map,random-32-32-20-random-1.scen,3,12400F,CBSDepthSecondPriority,ASTAR-whoenig,1,NULL,NULL,83,0.00744,NULL,https://github.com/ssfc/libMultiRobotPlanning-isolated,2025-09-06 16:55:23,1,518
-1,random-32-32-20.map,random-32-32-20-random-1.scen,4,12400F,CBSDepthSecondPriority,ASTAR-whoenig,1,NULL,NULL,105,0.009037,NULL,https://github.com/ssfc/libMultiRobotPlanning-isolated,2025-09-06 16:55:23,1,579
-1,random-32-32-20.map,random-32-32-20-random-1.scen,5,12400F,CBSDepthSecondPriority,ASTAR-whoenig,1,NULL,NULL,138,0.006381,NULL,https://github.com/ssfc/libMultiRobotPlanning-isolated,2025-09-06 16:55:23,1,692
-1,random-32-32-20.map,random-32-32-20-random-1.scen,6,12400F,CBSDepthSecondPriority,ASTAR-whoenig,1,NULL,NULL,164,0.007895,NULL,https://github.com/ssfc/libMultiRobotPlanning-isolated,2025-09-06 16:55:23,1,779
-1,random-32-32-20.map,random-32-32-20-random-1.scen,7,12400F,CBSDepthSecondPriority,ASTAR-whoenig,1,NULL,NULL,181,0.006262,NULL,https://github.com/ssfc/libMultiRobotPlanning-isolated,2025-09-06 16:55:23,1,814
-1,random-32-32-20.map,random-32-32-20-random-1.scen,8,12400F,CBSDepthSecondPriority,ASTAR-whoenig,1,NULL,NULL,193,0.014238,NULL,https://github.com/ssfc/libMultiRobotPlanning-isolated,2025-09-06 16:55:23,2,881
-1,random-32-32-20.map,random-32-32-20-random-1.scen,9,12400F,CBSDepthSecondPriority,ASTAR-whoenig,1,NULL,NULL,199,0.007086,NULL,https://github.com/ssfc/libMultiRobotPlanning-isolated,2025-09-06 16:55:23,2,886
-1,random-32-32-20.map,random-32-32-20-random-1.scen,10,12400F,CBSDepthSecondPriority,ASTAR-whoenig,1,NULL,NULL,216,0.01278,NULL,https://github.com/ssfc/libMultiRobotPlanning-isolated,2025-09-06 16:55:23,2,903
-1,random-32-32-20.map,random-32-32-20-random-1.scen,11,12400F,CBSDepthSecondPriority,ASTAR-whoenig,1,NULL,NULL,240,0.013744,NULL,https://github.com/ssfc/libMultiRobotPlanning-isolated,2025-09-06 16:55:23,3,1118
-1,random-32-32-20.map,random-32-32-20-random-1.scen,12,12400F,CBSDepthSecondPriority,ASTAR-whoenig,1,NULL,NULL,265,0.010667,NULL,https://github.com/ssfc/libMultiRobotPlanning-isolated,2025-09-06 16:55:23,3,1158
-1,random-32-32-20.map,random-32-32-20-random-1.scen,13,12400F,CBSDepthSecondPriority,ASTAR-whoenig,1,NULL,NULL,282,0.014234,NULL,https://github.com/ssfc/libMultiRobotPlanning-isolated,2025-09-06 16:55:23,8,2142
-1,random-32-32-20.map,random-32-32-20-random-1.scen,14,12400F,CBSDepthSecondPriority,ASTAR-whoenig,1,NULL,NULL,332,0.015342,NULL,https://github.com/ssfc/libMultiRobotPlanning-isolated,2025-09-06 16:55:23,9,2468
-1,random-32-32-20.map,random-32-32-20-random-1.scen,15,12400F,CBSDepthSecondPriority,ASTAR-whoenig,1,NULL,NULL,357,0.015962,NULL,https://github.com/ssfc/libMultiRobotPlanning-isolated,2025-09-06 16:55:23,9,2514
-1,random-32-32-20.map,random-32-32-20-random-1.scen,16,12400F,CBSDepthSecondPriority,ASTAR-whoenig,1,NULL,NULL,397,0.020538,NULL,https://github.com/ssfc/libMultiRobotPlanning-isolated,2025-09-06 16:55:23,10,3314
-1,random-32-32-20.map,random-32-32-20-random-1.scen,17,12400F,CBSDepthSecondPriority,ASTAR-whoenig,1,NULL,NULL,417,0.019826,NULL,https://github.com/ssfc/libMultiRobotPlanning-isolated,2025-09-06 16:55:23,10,3334
-1,random-32-32-20.map,random-32-32-20-random-1.scen,18,12400F,CBSDepthSecondPriority,ASTAR-whoenig,1,NULL,NULL,426,0.020002,NULL,https://github.com/ssfc/libMultiRobotPlanning-isolated,2025-09-06 16:55:23,10,3342
-1,random-32-32-20.map,random-32-32-20-random-1.scen,19,12400F,CBSDepthSecondPriority,ASTAR-whoenig,1,NULL,NULL,440,0.020436,NULL,https://github.com/ssfc/libMultiRobotPlanning-isolated,2025-09-06 16:55:23,10,3360
-1,random-32-32-20.map,random-32-32-20-random-1.scen,20,12400F,CBSDepthSecondPriority,ASTAR-whoenig,1,NULL,NULL,450,0.020556,NULL,https://github.com/ssfc/libMultiRobotPlanning-isolated,2025-09-06 16:55:23,10,3369
-1,random-32-32-20.map,random-32-32-20-random-1.scen,21,12400F,CBSDepthSecondPriority,ASTAR-whoenig,1,NULL,NULL,483,0.021588,NULL,https://github.com/ssfc/libMultiRobotPlanning-isolated,2025-09-06 16:55:23,10,3435
-1,random-32-32-20.map,random-32-32-20-random-1.scen,22,12400F,CBSDepthSecondPriority,ASTAR-whoenig,1,NULL,NULL,495,0.023622,NULL,https://github.com/ssfc/libMultiRobotPlanning-isolated,2025-09-06 16:55:23,13,3531
-1,random-32-32-20.map,random-32-32-20-random-1.scen,23,12400F,CBSDepthSecondPriority,ASTAR-whoenig,1,NULL,NULL,511,0.026532,NULL,https://github.com/ssfc/libMultiRobotPlanning-isolated,2025-09-06 16:55:23,16,4077
-1,random-32-32-20.map,random-32-32-20-random-1.scen,24,12400F,CBSDepthSecondPriority,ASTAR-whoenig,1,NULL,NULL,560,0.028857,NULL,https://github.com/ssfc/libMultiRobotPlanning-isolated,2025-09-06 16:55:23,17,4323
-1,random-32-32-20.map,random-32-32-20-random-1.scen,25,12400F,CBSDepthSecondPriority,ASTAR-whoenig,1,NULL,NULL,576,0.02965,NULL,https://github.com/ssfc/libMultiRobotPlanning-isolated,2025-09-06 16:55:23,17,4390
-1,random-32-32-20.map,random-32-32-20-random-1.scen,26,12400F,CBSDepthSecondPriority,ASTAR-whoenig,1,NULL,NULL,611,0.031029,NULL,https://github.com/ssfc/libMultiRobotPlanning-isolated,2025-09-06 16:55:23,17,4661
-1,random-32-32-20.map,random-32-32-20-random-1.scen,27,12400F,CBSDepthSecondPriority,ASTAR-whoenig,1,NULL,NULL,646,0.049716,NULL,https://github.com/ssfc/libMultiRobotPlanning-isolated,2025-09-06 16:55:23,22,7523
-1,random-32-32-20.map,random-32-32-20-random-1.scen,28,12400F,CBSDepthSecondPriority,ASTAR-whoenig,1,NULL,NULL,654,0.049305,NULL,https://github.com/ssfc/libMultiRobotPlanning-isolated,2025-09-06 16:55:24,22,7530
-1,random-32-32-20.map,random-32-32-20-random-1.scen,29,12400F,CBSDepthSecondPriority,ASTAR-whoenig,1,NULL,NULL,662,0.050376,NULL,https://github.com/ssfc/libMultiRobotPlanning-isolated,2025-09-06 16:55:24,22,7540
-1,random-32-32-20.map,random-32-32-20-random-1.scen,30,12400F,CBSDepthSecondPriority,ASTAR-whoenig,1,NULL,NULL,693,0.057249,NULL,https://github.com/ssfc/libMultiRobotPlanning-isolated,2025-09-06 16:55:24,25,8443
-1,random-32-32-20.map,random-32-32-20-random-1.scen,31,12400F,CBSDepthSecondPriority,ASTAR-whoenig,1,NULL,NULL,718,0.068316,NULL,https://github.com/ssfc/libMultiRobotPlanning-isolated,2025-09-06 16:55:24,30,10445
-1,random-32-32-20.map,random-32-32-20-random-1.scen,32,12400F,CBSDepthSecondPriority,ASTAR-whoenig,1,NULL,NULL,740,0.069563,NULL,https://github.com/ssfc/libMultiRobotPlanning-isolated,2025-09-06 16:55:24,30,10466
-1,random-32-32-20.map,random-32-32-20-random-1.scen,33,12400F,CBSDepthSecondPriority,ASTAR-whoenig,1,NULL,NULL,750,0.071186,NULL,https://github.com/ssfc/libMultiRobotPlanning-isolated,2025-09-06 16:55:24,30,10475
-1,random-32-32-20.map,random-32-32-20-random-1.scen,34,12400F,CBSDepthSecondPriority,ASTAR-whoenig,1,NULL,NULL,780,0.079923,NULL,https://github.com/ssfc/libMultiRobotPlanning-isolated,2025-09-06 16:55:24,33,11705
-1,random-32-32-20.map,random-32-32-20-random-1.scen,35,12400F,CBSDepthSecondPriority,ASTAR-whoenig,1,NULL,NULL,808,0.080981,NULL,https://github.com/ssfc/libMultiRobotPlanning-isolated,2025-09-06 16:55:24,33,11732
-1,random-32-32-20.map,random-32-32-20-random-1.scen,36,12400F,CBSDepthSecondPriority,ASTAR-whoenig,1,NULL,NULL,850,0.087228,NULL,https://github.com/ssfc/libMultiRobotPlanning-isolated,2025-09-06 16:55:24,34,12508
-1,random-32-32-20.map,random-32-32-20-random-1.scen,37,12400F,CBSDepthSecondPriority,ASTAR-whoenig,1,NULL,NULL,858,0.087416,NULL,https://github.com/ssfc/libMultiRobotPlanning-isolated,2025-09-06 16:55:24,34,12515
-1,random-32-32-20.map,random-32-32-20-random-1.scen,38,12400F,CBSDepthSecondPriority,ASTAR-whoenig,1,NULL,NULL,869,0.089875,NULL,https://github.com/ssfc/libMultiRobotPlanning-isolated,2025-09-06 16:55:24,35,12574
-1,random-32-32-20.map,random-32-32-20-random-1.scen,39,12400F,CBSDepthSecondPriority,ASTAR-whoenig,1,NULL,NULL,896,0.120073,NULL,https://github.com/ssfc/libMultiRobotPlanning-isolated,2025-09-06 16:55:24,60,16220
-1,random-32-32-20.map,random-32-32-20-random-1.scen,40,12400F,CBSDepthSecondPriority,ASTAR-whoenig,1,NULL,NULL,924,0.124171,NULL,https://github.com/ssfc/libMultiRobotPlanning-isolated,2025-09-06 16:55:25,62,16385
-1,random-32-32-20.map,random-32-32-20-random-1.scen,41,12400F,CBSDepthSecondPriority,ASTAR-whoenig,1,NULL,NULL,944,0.130707,NULL,https://github.com/ssfc/libMultiRobotPlanning-isolated,2025-09-06 16:55:25,62,16418
-1,random-32-32-20.map,random-32-32-20-random-1.scen,42,12400F,CBSDepthSecondPriority,ASTAR-whoenig,1,NULL,NULL,956,0.128468,NULL,https://github.com/ssfc/libMultiRobotPlanning-isolated,2025-09-06 16:55:25,62,16436
-1,random-32-32-20.map,random-32-32-20-random-1.scen,43,12400F,CBSDepthSecondPriority,ASTAR-whoenig,1,NULL,NULL,997,0.135908,NULL,https://github.com/ssfc/libMultiRobotPlanning-isolated,2025-09-06 16:55:25,64,17008
-1,random-32-32-20.map,random-32-32-20-random-1.scen,44,12400F,CBSDepthSecondPriority,ASTAR-whoenig,1,NULL,NULL,1038,0.149501,NULL,https://github.com/ssfc/libMultiRobotPlanning-isolated,2025-09-06 16:55:25,67,18467
-1,random-32-32-20.map,random-32-32-20-random-1.scen,45,12400F,CBSDepthSecondPriority,ASTAR-whoenig,1,NULL,NULL,1076,0.152704,NULL,https://github.com/ssfc/libMultiRobotPlanning-isolated,2025-09-06 16:55:25,67,18555
-1,random-32-32-20.map,random-32-32-20-random-1.scen,46,12400F,CBSDepthSecondPriority,ASTAR-whoenig,1,NULL,NULL,1109,0.158991,NULL,https://github.com/ssfc/libMultiRobotPlanning-isolated,2025-09-06 16:55:25,68,18922
-1,random-32-32-20.map,random-32-32-20-random-1.scen,47,12400F,CBSDepthSecondPriority,ASTAR-whoenig,1,NULL,NULL,1140,0.164598,NULL,https://github.com/ssfc/libMultiRobotPlanning-isolated,2025-09-06 16:55:26,69,19329
-1,random-32-32-20.map,random-32-32-20-random-1.scen,48,12400F,CBSDepthSecondPriority,ASTAR-whoenig,1,NULL,NULL,1172,0.218196,NULL,https://github.com/ssfc/libMultiRobotPlanning-isolated,2025-09-06 16:55:26,99,25053
-1,random-32-32-20.map,random-32-32-20-random-1.scen,49,12400F,CBSDepthSecondPriority,ASTAR-whoenig,1,NULL,NULL,1188,0.222365,NULL,https://github.com/ssfc/libMultiRobotPlanning-isolated,2025-09-06 16:55:26,99,25107
-1,random-32-32-20.map,random-32-32-20-random-1.scen,50,12400F,CBSDepthSecondPriority,ASTAR-whoenig,1,NULL,NULL,1224,0.350914,NULL,https://github.com/ssfc/libMultiRobotPlanning-isolated,2025-09-06 16:55:26,126,40430
-1,random-32-32-20.map,random-32-32-20-random-1.scen,51,12400F,CBSDepthSecondPriority,ASTAR-whoenig,1,NULL,NULL,1261,0.367304,NULL,https://github.com/ssfc/libMultiRobotPlanning-isolated,2025-09-06 16:55:27,129,41363
-1,random-32-32-20.map,random-32-32-20-random-1.scen,52,12400F,CBSDepthSecondPriority,ASTAR-whoenig,1,NULL,NULL,1279,0.373856,NULL,https://github.com/ssfc/libMultiRobotPlanning-isolated,2025-09-06 16:55:27,129,41380
-1,random-32-32-20.map,random-32-32-20-random-1.scen,53,12400F,CBSDepthSecondPriority,ASTAR-whoenig,1,NULL,NULL,1299,0.382479,NULL,https://github.com/ssfc/libMultiRobotPlanning-isolated,2025-09-06 16:55:28,131,41526
-1,random-32-32-20.map,random-32-32-20-random-1.scen,54,12400F,CBSDepthSecondPriority,ASTAR-whoenig,1,NULL,NULL,1330,0.417018,NULL,https://github.com/ssfc/libMultiRobotPlanning-isolated,2025-09-06 16:55:28,139,44243
-1,random-32-32-20.map,random-32-32-20-random-1.scen,55,12400F,CBSDepthSecondPriority,ASTAR-whoenig,1,NULL,NULL,1349,0.433182,NULL,https://github.com/ssfc/libMultiRobotPlanning-isolated,2025-09-06 16:55:28,143,45295
-1,random-32-32-20.map,random-32-32-20-random-1.scen,56,12400F,CBSDepthSecondPriority,ASTAR-whoenig,1,NULL,NULL,1389,0.445537,NULL,https://github.com/ssfc/libMultiRobotPlanning-isolated,2025-09-06 16:55:29,144,45796
-1,random-32-32-20.map,random-32-32-20-random-1.scen,57,12400F,CBSDepthSecondPriority,ASTAR-whoenig,1,NULL,NULL,1435,0.473731,NULL,https://github.com/ssfc/libMultiRobotPlanning-isolated,2025-09-06 16:55:29,151,47297
-1,random-32-32-20.map,random-32-32-20-random-1.scen,58,12400F,CBSDepthSecondPriority,ASTAR-whoenig,1,NULL,NULL,1477,0.678491,NULL,https://github.com/ssfc/libMultiRobotPlanning-isolated,2025-09-06 16:55:30,182,72474
-1,random-32-32-20.map,random-32-32-20-random-1.scen,59,12400F,CBSDepthSecondPriority,ASTAR-whoenig,1,NULL,NULL,1506,0.714592,NULL,https://github.com/ssfc/libMultiRobotPlanning-isolated,2025-09-06 16:55:31,190,75952
-1,random-32-32-20.map,random-32-32-20-random-1.scen,60,12400F,CBSDepthSecondPriority,ASTAR-whoenig,1,NULL,NULL,1549,0.752469,NULL,https://github.com/ssfc/libMultiRobotPlanning-isolated,2025-09-06 16:55:31,195,77741
-1,random-32-32-20.map,random-32-32-20-random-1.scen,61,12400F,CBSDepthSecondPriority,ASTAR-whoenig,1,NULL,NULL,1564,0.764799,NULL,https://github.com/ssfc/libMultiRobotPlanning-isolated,2025-09-06 16:55:32,195,77763
-1,random-32-32-20.map,random-32-32-20-random-1.scen,62,12400F,CBSDepthSecondPriority,ASTAR-whoenig,1,NULL,NULL,1594,0.782466,NULL,https://github.com/ssfc/libMultiRobotPlanning-isolated,2025-09-06 16:55:33,197,78029
-1,random-32-32-20.map,random-32-32-20-random-1.scen,63,12400F,CBSDepthSecondPriority,ASTAR-whoenig,1,NULL,NULL,1622,0.917784,NULL,https://github.com/ssfc/libMultiRobotPlanning-isolated,2025-09-06 16:55:34,229,87222
-1,random-32-32-20.map,random-32-32-20-random-1.scen,64,12400F,CBSDepthSecondPriority,ASTAR-whoenig,1,NULL,NULL,1643,0.967517,NULL,https://github.com/ssfc/libMultiRobotPlanning-isolated,2025-09-06 16:55:35,241,90609
-1,random-32-32-20.map,random-32-32-20-random-1.scen,65,12400F,CBSDepthSecondPriority,ASTAR-whoenig,1,NULL,NULL,1670,0.995217,NULL,https://github.com/ssfc/libMultiRobotPlanning-isolated,2025-09-06 16:55:36,245,91102
-1,random-32-32-20.map,random-32-32-20-random-1.scen,66,12400F,CBSDepthSecondPriority,ASTAR-whoenig,1,NULL,NULL,1705,1.01313,NULL,https://github.com/ssfc/libMultiRobotPlanning-isolated,2025-09-06 16:55:37,245,91146
-1,random-32-32-20.map,random-32-32-20-random-1.scen,67,12400F,CBSDepthSecondPriority,ASTAR-whoenig,1,NULL,NULL,1728,1.02713,NULL,https://github.com/ssfc/libMultiRobotPlanning-isolated,2025-09-06 16:55:38,245,91168
-1,random-32-32-20.map,random-32-32-20-random-1.scen,68,12400F,CBSDepthSecondPriority,ASTAR-whoenig,1,NULL,NULL,1770,1.12644,NULL,https://github.com/ssfc/libMultiRobotPlanning-isolated,2025-09-06 16:55:39,265,96139
-1,random-32-32-20.map,random-32-32-20-random-1.scen,69,12400F,CBSDepthSecondPriority,ASTAR-whoenig,1,NULL,NULL,1782,1.1434,NULL,https://github.com/ssfc/libMultiRobotPlanning-isolated,2025-09-06 16:55:40,265,96158
-1,random-32-32-20.map,random-32-32-20-random-1.scen,70,12400F,CBSDepthSecondPriority,ASTAR-whoenig,1,NULL,NULL,1825,1.17062,NULL,https://github.com/ssfc/libMultiRobotPlanning-isolated,2025-09-06 16:55:41,267,96813
-1,random-32-32-20.map,random-32-32-20-random-1.scen,71,12400F,CBSDepthSecondPriority,ASTAR-whoenig,1,NULL,NULL,1863,1.29234,NULL,https://github.com/ssfc/libMultiRobotPlanning-isolated,2025-09-06 16:55:43,299,104508
-1,random-32-32-20.map,random-32-32-20-random-1.scen,72,12400F,CBSDepthSecondPriority,ASTAR-whoenig,1,NULL,NULL,1900,1.33368,NULL,https://github.com/ssfc/libMultiRobotPlanning-isolated,2025-09-06 16:55:44,306,105564
-1,random-32-32-20.map,random-32-32-20-random-1.scen,73,12400F,CBSDepthSecondPriority,ASTAR-whoenig,1,NULL,NULL,1918,1.35459,NULL,https://github.com/ssfc/libMultiRobotPlanning-isolated,2025-09-06 16:55:45,306,105586
-1,random-32-32-20.map,random-32-32-20-random-1.scen,74,12400F,CBSDepthSecondPriority,ASTAR-whoenig,1,NULL,NULL,1932,1.37679,NULL,https://github.com/ssfc/libMultiRobotPlanning-isolated,2025-09-06 16:55:47,306,105601
-1,random-32-32-20.map,random-32-32-20-random-1.scen,75,12400F,CBSDepthSecondPriority,ASTAR-whoenig,1,NULL,NULL,1961,1.6412,NULL,https://github.com/ssfc/libMultiRobotPlanning-isolated,2025-09-06 16:55:48,344,129313
-1,random-32-32-20.map,random-32-32-20-random-1.scen,76,12400F,CBSDepthSecondPriority,ASTAR-whoenig,1,NULL,NULL,1983,1.70223,NULL,https://github.com/ssfc/libMultiRobotPlanning-isolated,2025-09-06 16:55:50,353,132229
-1,random-32-32-20.map,random-32-32-20-random-1.scen,77,12400F,CBSDepthSecondPriority,ASTAR-whoenig,1,NULL,NULL,1997,1.72999,NULL,https://github.com/ssfc/libMultiRobotPlanning-isolated,2025-09-06 16:55:52,354,132638
-1,random-32-32-20.map,random-32-32-20-random-1.scen,78,12400F,CBSDepthSecondPriority,ASTAR-whoenig,1,NULL,NULL,2024,1.81716,NULL,https://github.com/ssfc/libMultiRobotPlanning-isolated,2025-09-06 16:55:54,362,138538
-1,random-32-32-20.map,random-32-32-20-random-1.scen,79,12400F,CBSDepthSecondPriority,ASTAR-whoenig,1,NULL,NULL,2037,1.8397,NULL,https://github.com/ssfc/libMultiRobotPlanning-isolated,2025-09-06 16:55:56,362,138563
-1,random-32-32-20.map,random-32-32-20-random-1.scen,80,12400F,CBSDepthSecondPriority,ASTAR-whoenig,1,NULL,NULL,2085,2.03201,NULL,https://github.com/ssfc/libMultiRobotPlanning-isolated,2025-09-06 16:55:58,385,148854
-1,random-32-32-20.map,random-32-32-20-random-1.scen,81,12400F,CBSDepthSecondPriority,ASTAR-whoenig,1,NULL,NULL,2110,2.0797,NULL,https://github.com/ssfc/libMultiRobotPlanning-isolated,2025-09-06 16:56:00,388,149120
-1,random-32-32-20.map,random-32-32-20-random-1.scen,82,12400F,CBSDepthSecondPriority,ASTAR-whoenig,1,NULL,NULL,2134,2.1558,NULL,https://github.com/ssfc/libMultiRobotPlanning-isolated,2025-09-06 16:56:02,395,152844
-1,random-32-32-20.map,random-32-32-20-random-1.scen,83,12400F,CBSDepthSecondPriority,ASTAR-whoenig,1,NULL,NULL,2155,2.3187,NULL,https://github.com/ssfc/libMultiRobotPlanning-isolated,2025-09-06 16:56:04,419,162465
-1,random-32-32-20.map,random-32-32-20-random-1.scen,84,12400F,CBSDepthSecondPriority,ASTAR-whoenig,1,NULL,NULL,2199,2.55586,NULL,https://github.com/ssfc/libMultiRobotPlanning-isolated,2025-09-06 16:56:07,442,180941
-1,random-32-32-20.map,random-32-32-20-random-1.scen,85,12400F,CBSDepthSecondPriority,ASTAR-whoenig,1,NULL,NULL,2242,2.76158,NULL,https://github.com/ssfc/libMultiRobotPlanning-isolated,2025-09-06 16:56:10,464,193716
-1,random-32-32-20.map,random-32-32-20-random-1.scen,86,12400F,CBSDepthSecondPriority,ASTAR-whoenig,1,NULL,NULL,2271,2.95505,NULL,https://github.com/ssfc/libMultiRobotPlanning-isolated,2025-09-06 16:56:13,489,204271
-1,random-32-32-20.map,random-32-32-20-random-1.scen,87,12400F,CBSDepthSecondPriority,ASTAR-whoenig,1,NULL,NULL,2306,3.50624,NULL,https://github.com/ssfc/libMultiRobotPlanning-isolated,2025-09-06 16:56:16,551,252319
-1,random-32-32-20.map,random-32-32-20-random-1.scen,88,12400F,CBSDepthSecondPriority,ASTAR-whoenig,1,NULL,NULL,2328,3.56481,NULL,https://github.com/ssfc/libMultiRobotPlanning-isolated,2025-09-06 16:56:20,554,252622
-1,random-32-32-20.map,random-32-32-20-random-1.scen,89,12400F,CBSDepthSecondPriority,ASTAR-whoenig,1,NULL,NULL,2359,4.07041,NULL,https://github.com/ssfc/libMultiRobotPlanning-isolated,2025-09-06 16:56:24,617,289321
-1,random-32-32-20.map,random-32-32-20-random-1.scen,90,12400F,CBSDepthSecondPriority,ASTAR-whoenig,1,NULL,NULL,2400,5.28331,NULL,https://github.com/ssfc/libMultiRobotPlanning-isolated,2025-09-06 16:56:29,748,419894
-1,random-32-32-20.map,random-32-32-20-random-1.scen,91,12400F,CBSDepthSecondPriority,ASTAR-whoenig,1,NULL,NULL,2416,5.35137,NULL,https://github.com/ssfc/libMultiRobotPlanning-isolated,2025-09-06 16:56:34,748,419931
-1,random-32-32-20.map,random-32-32-20-random-1.scen,92,12400F,CBSDepthSecondPriority,ASTAR-whoenig,1,NULL,NULL,2458,6.1827,NULL,https://github.com/ssfc/libMultiRobotPlanning-isolated,2025-09-06 16:56:41,833,485890
-1,random-32-32-20.map,random-32-32-20-random-1.scen,93,12400F,CBSDepthSecondPriority,ASTAR-whoenig,1,NULL,NULL,2504,6.39538,NULL,https://github.com/ssfc/libMultiRobotPlanning-isolated,2025-09-06 16:56:47,859,493300
-1,random-32-32-20.map,random-32-32-20-random-1.scen,94,12400F,CBSDepthSecondPriority,ASTAR-whoenig,1,NULL,NULL,2533,6.92341,NULL,https://github.com/ssfc/libMultiRobotPlanning-isolated,2025-09-06 16:56:54,906,539236
-1,random-32-32-20.map,random-32-32-20-random-1.scen,95,12400F,CBSDepthSecondPriority,ASTAR-whoenig,1,NULL,NULL,2560,7.10935,NULL,https://github.com/ssfc/libMultiRobotPlanning-isolated,2025-09-06 16:57:01,922,544711
-1,random-32-32-20.map,random-32-32-20-random-1.scen,96,12400F,CBSDepthSecondPriority,ASTAR-whoenig,1,NULL,NULL,2568,7.20065,NULL,https://github.com/ssfc/libMultiRobotPlanning-isolated,2025-09-06 16:57:08,922,544718
-1,random-32-32-20.map,random-32-32-20-random-1.scen,97,12400F,CBSDepthSecondPriority,ASTAR-whoenig,1,NULL,NULL,2603,7.54105,NULL,https://github.com/ssfc/libMultiRobotPlanning-isolated,2025-09-06 16:57:16,959,564834
-1,random-32-32-20.map,random-32-32-20-random-1.scen,98,12400F,CBSDepthSecondPriority,ASTAR-whoenig,1,NULL,NULL,2621,7.66066,NULL,https://github.com/ssfc/libMultiRobotPlanning-isolated,2025-09-06 16:57:24,960,564960
-1,random-32-32-20.map,random-32-32-20-random-1.scen,99,12400F,CBSDepthSecondPriority,ASTAR-whoenig,1,NULL,NULL,2651,7.78179,NULL,https://github.com/ssfc/libMultiRobotPlanning-isolated,2025-09-06 16:57:31,964,567069
-1,random-32-32-20.map,random-32-32-20-random-1.scen,100,12400F,CBSDepthSecondPriority,ASTAR-whoenig,1,NULL,NULL,2660,7.91221,NULL,https://github.com/ssfc/libMultiRobotPlanning-isolated,2025-09-06 16:57:39,964,567077
-1,random-32-32-20.map,random-32-32-20-random-1.scen,101,12400F,CBSDepthSecondPriority,ASTAR-whoenig,1,NULL,NULL,2712,8.76039,NULL,https://github.com/ssfc/libMultiRobotPlanning-isolated,2025-09-06 16:57:48,1038,614790
-1,random-32-32-20.map,random-32-32-20-random-1.scen,102,12400F,CBSDepthSecondPriority,ASTAR-whoenig,1,NULL,NULL,2762,9.20844,NULL,https://github.com/ssfc/libMultiRobotPlanning-isolated,2025-09-06 16:57:57,1078,633115
-1,random-32-32-20.map,random-32-32-20-random-1.scen,103,12400F,CBSDepthSecondPriority,ASTAR-whoenig,1,NULL,NULL,2772,9.31949,NULL,https://github.com/ssfc/libMultiRobotPlanning-isolated,2025-09-06 16:58:07,1078,633124
-1,random-32-32-20.map,random-32-32-20-random-1.scen,104,12400F,CBSDepthSecondPriority,ASTAR-whoenig,1,NULL,NULL,2807,9.50137,NULL,https://github.com/ssfc/libMultiRobotPlanning-isolated,2025-09-06 16:58:16,1088,635887
-1,random-32-32-20.map,random-32-32-20-random-1.scen,105,12400F,CBSDepthSecondPriority,ASTAR-whoenig,1,NULL,NULL,2828,9.75572,NULL,https://github.com/ssfc/libMultiRobotPlanning-isolated,2025-09-06 16:58:26,1110,643909
-1,random-32-32-20.map,random-32-32-20-random-1.scen,106,12400F,CBSDepthSecondPriority,ASTAR-whoenig,1,NULL,NULL,2865,9.88276,NULL,https://github.com/ssfc/libMultiRobotPlanning-isolated,2025-09-06 16:58:36,1110,644042
-1,random-32-32-20.map,random-32-32-20-random-1.scen,107,12400F,CBSDepthSecondPriority,ASTAR-whoenig,1,NULL,NULL,2898,10.6587,NULL,https://github.com/ssfc/libMultiRobotPlanning-isolated,2025-09-06 16:58:47,1188,677714
-1,random-32-32-20.map,random-32-32-20-random-1.scen,108,12400F,CBSDepthSecondPriority,ASTAR-whoenig,1,NULL,NULL,2938,10.831,NULL,https://github.com/ssfc/libMultiRobotPlanning-isolated,2025-09-06 16:58:58,1191,678326
-1,random-32-32-20.map,random-32-32-20-random-1.scen,109,12400F,CBSDepthSecondPriority,ASTAR-whoenig,1,NULL,NULL,2979,11.4966,NULL,https://github.com/ssfc/libMultiRobotPlanning-isolated,2025-09-06 16:59:09,1260,717514
-1,random-32-32-20.map,random-32-32-20-random-1.scen,110,12400F,CBSDepthSecondPriority,ASTAR-whoenig,1,NULL,NULL,3023,13.3807,NULL,https://github.com/ssfc/libMultiRobotPlanning-isolated,2025-09-06 16:59:23,1412,861984
-1,random-32-32-20.map,random-32-32-20-random-1.scen,111,12400F,CBSDepthSecondPriority,ASTAR-whoenig,1,NULL,NULL,3051,13.5573,NULL,https://github.com/ssfc/libMultiRobotPlanning-isolated,2025-09-06 16:59:36,1414,863172
-1,random-32-32-20.map,random-32-32-20-random-1.scen,112,12400F,CBSDepthSecondPriority,ASTAR-whoenig,1,NULL,NULL,3095,13.7601,NULL,https://github.com/ssfc/libMultiRobotPlanning-isolated,2025-09-06 16:59:50,1419,866000
-1,random-32-32-20.map,random-32-32-20-random-1.scen,113,12400F,CBSDepthSecondPriority,ASTAR-whoenig,1,NULL,NULL,3127,14.1212,NULL,https://github.com/ssfc/libMultiRobotPlanning-isolated,2025-09-06 17:00:04,1449,871531
-1,random-32-32-20.map,random-32-32-20-random-1.scen,114,12400F,CBSDepthSecondPriority,ASTAR-whoenig,1,NULL,NULL,3160,14.8755,NULL,https://github.com/ssfc/libMultiRobotPlanning-isolated,2025-09-06 17:00:19,1503,908739
-1,random-32-32-20.map,random-32-32-20-random-1.scen,115,12400F,CBSDepthSecondPriority,ASTAR-whoenig,1,NULL,NULL,3207,16.4399,NULL,https://github.com/ssfc/libMultiRobotPlanning-isolated,2025-09-06 17:00:36,1614,990670
-1,random-32-32-20.map,random-32-32-20-random-1.scen,116,12400F,CBSDepthSecondPriority,ASTAR-whoenig,1,NULL,NULL,3237,16.9546,NULL,https://github.com/ssfc/libMultiRobotPlanning-isolated,2025-09-06 17:00:53,1647,1002397
-1,random-32-32-20.map,random-32-32-20-random-1.scen,117,12400F,CBSDepthSecondPriority,ASTAR-whoenig,1,NULL,NULL,3261,17.3173,NULL,https://github.com/ssfc/libMultiRobotPlanning-isolated,2025-09-06 17:01:10,1668,1006960
-1,random-32-32-20.map,random-32-32-20-random-1.scen,118,12400F,CBSDepthSecondPriority,ASTAR-whoenig,1,NULL,NULL,3291,17.5111,NULL,https://github.com/ssfc/libMultiRobotPlanning-isolated,2025-09-06 17:01:28,1669,1007438
-1,random-32-32-20.map,random-32-32-20-random-1.scen,119,12400F,CBSDepthSecondPriority,ASTAR-whoenig,1,NULL,NULL,3345,18.4263,NULL,https://github.com/ssfc/libMultiRobotPlanning-isolated,2025-09-06 17:01:46,1763,1046107
-1,random-32-32-20.map,random-32-32-20-random-1.scen,120,12400F,CBSDepthSecondPriority,ASTAR-whoenig,1,NULL,NULL,3396,19.935,NULL,https://github.com/ssfc/libMultiRobotPlanning-isolated,2025-09-06 17:02:06,1870,1114501
-1,random-32-32-20.map,random-32-32-20-random-1.scen,121,12400F,CBSDepthSecondPriority,ASTAR-whoenig,1,NULL,NULL,3409,20.232,NULL,https://github.com/ssfc/libMultiRobotPlanning-isolated,2025-09-06 17:02:26,1880,1115697
-1,random-32-32-20.map,random-32-32-20-random-1.scen,122,12400F,CBSDepthSecondPriority,ASTAR-whoenig,1,NULL,NULL,3438,22.3305,NULL,https://github.com/ssfc/libMultiRobotPlanning-isolated,2025-09-06 17:02:49,2054,1224522
-1,random-32-32-20.map,random-32-32-20-random-1.scen,123,12400F,CBSDepthSecondPriority,ASTAR-whoenig,1,NULL,NULL,3478,22.9237,NULL,https://github.com/ssfc/libMultiRobotPlanning-isolated,2025-09-06 17:03:12,2086,1251038
-1,random-32-32-20.map,random-32-32-20-random-1.scen,124,12400F,CBSDepthSecondPriority,ASTAR-whoenig,1,NULL,NULL,3513,23.3819,NULL,https://github.com/ssfc/libMultiRobotPlanning-isolated,2025-09-06 17:03:35,2107,1261259
-1,random-32-32-20.map,random-32-32-20-random-1.scen,125,12400F,CBSDepthSecondPriority,ASTAR-whoenig,1,NULL,NULL,3541,23.8789,NULL,https://github.com/ssfc/libMultiRobotPlanning-isolated,2025-09-06 17:03:59,2133,1273147
-1,random-32-32-20.map,random-32-32-20-random-1.scen,126,12400F,CBSDepthSecondPriority,ASTAR-whoenig,1,NULL,NULL,3569,24.5905,NULL,https://github.com/ssfc/libMultiRobotPlanning-isolated,2025-09-06 17:04:24,2189,1296380
-1,random-32-32-20.map,random-32-32-20-random-1.scen,127,12400F,CBSDepthSecondPriority,ASTAR-whoenig,1,NULL,NULL,3589,24.9333,NULL,https://github.com/ssfc/libMultiRobotPlanning-isolated,2025-09-06 17:04:49,2190,1296538
-1,random-32-32-20.map,random-32-32-20-random-1.scen,128,12400F,CBSDepthSecondPriority,ASTAR-whoenig,1,NULL,NULL,3616,25.7674,NULL,https://github.com/ssfc/libMultiRobotPlanning-isolated,2025-09-06 17:05:15,2262,1316382
-1,random-32-32-20.map,random-32-32-20-random-1.scen,129,12400F,CBSDepthSecondPriority,ASTAR-whoenig,1,NULL,NULL,3665,27.8493,NULL,https://github.com/ssfc/libMultiRobotPlanning-isolated,2025-09-06 17:05:43,2414,1426153
-1,random-32-32-20.map,random-32-32-20-random-1.scen,130,12400F,CBSDepthSecondPriority,ASTAR-whoenig,1,NULL,NULL,3684,28.4972,NULL,https://github.com/ssfc/libMultiRobotPlanning-isolated,2025-09-06 17:06:12,2452,1447000
-1,random-32-32-20.map,random-32-32-20-random-1.scen,131,12400F,CBSDepthSecondPriority,ASTAR-whoenig,1,NULL,NULL,3708,29.3313,NULL,https://github.com/ssfc/libMultiRobotPlanning-isolated,2025-09-06 17:06:41,2510,1463045
-1,random-32-32-20.map,random-32-32-20-random-1.scen,132,12400F,CBSDepthSecondPriority,ASTAR-whoenig,1,NULL,NULL,3748,31.8444,NULL,https://github.com/ssfc/libMultiRobotPlanning-isolated,2025-09-06 17:07:13,2689,1549988
-1,random-32-32-20.map,random-32-32-20-random-1.scen,133,12400F,CBSDepthSecondPriority,ASTAR-whoenig,1,NULL,NULL,3785,33.758,NULL,https://github.com/ssfc/libMultiRobotPlanning-isolated,2025-09-06 17:07:47,2805,1622049
-1,random-32-32-20.map,random-32-32-20-random-1.scen,134,12400F,CBSDepthSecondPriority,ASTAR-whoenig,1,NULL,NULL,3826,35.4146,NULL,https://github.com/ssfc/libMultiRobotPlanning-isolated,2025-09-06 17:08:23,2884,1715023
-1,random-32-32-20.map,random-32-32-20-random-1.scen,135,12400F,CBSDepthSecondPriority,ASTAR-whoenig,1,NULL,NULL,3843,35.7843,NULL,https://github.com/ssfc/libMultiRobotPlanning-isolated,2025-09-06 17:08:59,2884,1715051
-1,random-32-32-20.map,random-32-32-20-random-1.scen,136,12400F,CBSFlowSecond-whoenig,CBSDepthSecondPriority,1,NULL,NULL,INF,1800.03,NULL,https://github.com/ssfc/libMultiRobotPlanning-isolated,2025-09-06 17:38:59,332211,71102437
-1,random-32-32-20.map,random-32-32-20-random-1.scen,137,12400F,CBSFlowSecond-whoenig,CBSDepthSecondPriority,1,NULL,NULL,INF,1800,NULL,https://github.com/ssfc/libMultiRobotPlanning-isolated,2025-09-06 18:09:08,328471,70177832
-1,random-32-32-20.map,random-32-32-20-random-1.scen,138,12400F,CBSFlowSecond-whoenig,CBSDepthSecondPriority,1,NULL,NULL,INF,1800.04,NULL,https://github.com/ssfc/libMultiRobotPlanning-isolated,2025-09-06 18:39:18,311021,81473182
-1,random-32-32-20.map,random-32-32-20-random-1.scen,139,12400F,CBSFlowSecond-whoenig,CBSDepthSecondPriority,1,NULL,NULL,INF,1800.01,NULL,https://github.com/ssfc/libMultiRobotPlanning-isolated,2025-09-06 19:09:27,305791,80428590
-1,random-32-32-20.map,random-32-32-20-random-1.scen,140,12400F,CBSFlowSecond-whoenig,CBSDepthSecondPriority,1,NULL,NULL,INF,1800.03,NULL,https://github.com/ssfc/libMultiRobotPlanning-isolated,2025-09-06 19:39:36,305281,80491864
-1,random-32-32-20.map,random-32-32-20-random-1.scen,1,12400F,CBSDepthLazyAvoidBusy,ASTAR-whoenig,1,NULL,NULL,38,0.001036,NULL,https://github.com/ssfc/libMultiRobotPlanning-isolated,2025-09-06 21:57:17,1,168
-1,random-32-32-20.map,random-32-32-20-random-1.scen,2,12400F,CBSDepthLazyAvoidBusy,ASTAR-whoenig,1,NULL,NULL,52,0.006882,NULL,https://github.com/ssfc/libMultiRobotPlanning-isolated,2025-09-06 21:57:17,1,210
-1,random-32-32-20.map,random-32-32-20-random-1.scen,3,12400F,CBSDepthLazyAvoidBusy,ASTAR-whoenig,1,NULL,NULL,83,0.009515,NULL,https://github.com/ssfc/libMultiRobotPlanning-isolated,2025-09-06 21:57:17,1,518
-1,random-32-32-20.map,random-32-32-20-random-1.scen,4,12400F,CBSDepthLazyAvoidBusy,ASTAR-whoenig,1,NULL,NULL,105,0.008602,NULL,https://github.com/ssfc/libMultiRobotPlanning-isolated,2025-09-06 21:57:17,1,579
-1,random-32-32-20.map,random-32-32-20-random-1.scen,5,12400F,CBSDepthLazyAvoidBusy,ASTAR-whoenig,1,NULL,NULL,138,0.005782,NULL,https://github.com/ssfc/libMultiRobotPlanning-isolated,2025-09-06 21:57:17,1,692
-1,random-32-32-20.map,random-32-32-20-random-1.scen,6,12400F,CBSDepthLazyAvoidBusy,ASTAR-whoenig,1,NULL,NULL,164,0.011085,NULL,https://github.com/ssfc/libMultiRobotPlanning-isolated,2025-09-06 21:57:17,1,779
-1,random-32-32-20.map,random-32-32-20-random-1.scen,7,12400F,CBSDepthLazyAvoidBusy,ASTAR-whoenig,1,NULL,NULL,181,0.009276,NULL,https://github.com/ssfc/libMultiRobotPlanning-isolated,2025-09-06 21:57:17,1,814
-1,random-32-32-20.map,random-32-32-20-random-1.scen,8,12400F,CBSDepthLazyAvoidBusy,ASTAR-whoenig,1,NULL,NULL,193,0.011312,NULL,https://github.com/ssfc/libMultiRobotPlanning-isolated,2025-09-06 21:57:17,2,881
-1,random-32-32-20.map,random-32-32-20-random-1.scen,9,12400F,CBSDepthLazyAvoidBusy,ASTAR-whoenig,1,NULL,NULL,199,0.007815,NULL,https://github.com/ssfc/libMultiRobotPlanning-isolated,2025-09-06 21:57:17,2,886
-1,random-32-32-20.map,random-32-32-20-random-1.scen,10,12400F,CBSDepthLazyAvoidBusy,ASTAR-whoenig,1,NULL,NULL,216,0.013474,NULL,https://github.com/ssfc/libMultiRobotPlanning-isolated,2025-09-06 21:57:17,2,903
-1,random-32-32-20.map,random-32-32-20-random-1.scen,11,12400F,CBSDepthLazyAvoidBusy,ASTAR-whoenig,1,NULL,NULL,240,0.011752,NULL,https://github.com/ssfc/libMultiRobotPlanning-isolated,2025-09-06 21:57:17,3,1118
-1,random-32-32-20.map,random-32-32-20-random-1.scen,12,12400F,CBSDepthLazyAvoidBusy,ASTAR-whoenig,1,NULL,NULL,265,0.007868,NULL,https://github.com/ssfc/libMultiRobotPlanning-isolated,2025-09-06 21:57:17,3,1158
-1,random-32-32-20.map,random-32-32-20-random-1.scen,13,12400F,CBSDepthLazyAvoidBusy,ASTAR-whoenig,1,NULL,NULL,282,0.015362,NULL,https://github.com/ssfc/libMultiRobotPlanning-isolated,2025-09-06 21:57:17,8,2142
-1,random-32-32-20.map,random-32-32-20-random-1.scen,14,12400F,CBSDepthLazyAvoidBusy,ASTAR-whoenig,1,NULL,NULL,332,0.019635,NULL,https://github.com/ssfc/libMultiRobotPlanning-isolated,2025-09-06 21:57:17,9,2468
-1,random-32-32-20.map,random-32-32-20-random-1.scen,15,12400F,CBSDepthLazyAvoidBusy,ASTAR-whoenig,1,NULL,NULL,357,0.019935,NULL,https://github.com/ssfc/libMultiRobotPlanning-isolated,2025-09-06 21:57:17,9,2514
-1,random-32-32-20.map,random-32-32-20-random-1.scen,16,12400F,CBSDepthLazyAvoidBusy,ASTAR-whoenig,1,NULL,NULL,397,0.023825,NULL,https://github.com/ssfc/libMultiRobotPlanning-isolated,2025-09-06 21:57:17,10,3314
-1,random-32-32-20.map,random-32-32-20-random-1.scen,17,12400F,CBSDepthLazyAvoidBusy,ASTAR-whoenig,1,NULL,NULL,417,0.023115,NULL,https://github.com/ssfc/libMultiRobotPlanning-isolated,2025-09-06 21:57:17,10,3334
-1,random-32-32-20.map,random-32-32-20-random-1.scen,18,12400F,CBSDepthLazyAvoidBusy,ASTAR-whoenig,1,NULL,NULL,426,0.023427,NULL,https://github.com/ssfc/libMultiRobotPlanning-isolated,2025-09-06 21:57:17,10,3342
-1,random-32-32-20.map,random-32-32-20-random-1.scen,19,12400F,CBSDepthLazyAvoidBusy,ASTAR-whoenig,1,NULL,NULL,440,0.023947,NULL,https://github.com/ssfc/libMultiRobotPlanning-isolated,2025-09-06 21:57:17,10,3360
-1,random-32-32-20.map,random-32-32-20-random-1.scen,20,12400F,CBSDepthLazyAvoidBusy,ASTAR-whoenig,1,NULL,NULL,450,0.024292,NULL,https://github.com/ssfc/libMultiRobotPlanning-isolated,2025-09-06 21:57:17,10,3369
-1,random-32-32-20.map,random-32-32-20-random-1.scen,21,12400F,CBSDepthLazyAvoidBusy,ASTAR-whoenig,1,NULL,NULL,483,0.025439,NULL,https://github.com/ssfc/libMultiRobotPlanning-isolated,2025-09-06 21:57:17,10,3435
-1,random-32-32-20.map,random-32-32-20-random-1.scen,22,12400F,CBSDepthLazyAvoidBusy,ASTAR-whoenig,1,NULL,NULL,495,0.027835,NULL,https://github.com/ssfc/libMultiRobotPlanning-isolated,2025-09-06 21:57:17,13,3531
-1,random-32-32-20.map,random-32-32-20-random-1.scen,23,12400F,CBSDepthLazyAvoidBusy,ASTAR-whoenig,1,NULL,NULL,511,0.032898,NULL,https://github.com/ssfc/libMultiRobotPlanning-isolated,2025-09-06 21:57:18,16,4077
-1,random-32-32-20.map,random-32-32-20-random-1.scen,24,12400F,CBSDepthLazyAvoidBusy,ASTAR-whoenig,1,NULL,NULL,560,0.035097,NULL,https://github.com/ssfc/libMultiRobotPlanning-isolated,2025-09-06 21:57:18,17,4323
-1,random-32-32-20.map,random-32-32-20-random-1.scen,25,12400F,CBSDepthLazyAvoidBusy,ASTAR-whoenig,1,NULL,NULL,576,0.036221,NULL,https://github.com/ssfc/libMultiRobotPlanning-isolated,2025-09-06 21:57:18,17,4390
-1,random-32-32-20.map,random-32-32-20-random-1.scen,26,12400F,CBSDepthLazyAvoidBusy,ASTAR-whoenig,1,NULL,NULL,611,0.038303,NULL,https://github.com/ssfc/libMultiRobotPlanning-isolated,2025-09-06 21:57:18,17,4661
-1,random-32-32-20.map,random-32-32-20-random-1.scen,27,12400F,CBSDepthLazyAvoidBusy,ASTAR-whoenig,1,NULL,NULL,648,0.083837,NULL,https://github.com/ssfc/libMultiRobotPlanning-isolated,2025-09-06 21:57:18,28,11133
-1,random-32-32-20.map,random-32-32-20-random-1.scen,28,12400F,CBSDepthLazyAvoidBusy,ASTAR-whoenig,1,NULL,NULL,656,0.084669,NULL,https://github.com/ssfc/libMultiRobotPlanning-isolated,2025-09-06 21:57:18,28,11140
-1,random-32-32-20.map,random-32-32-20-random-1.scen,29,12400F,CBSDepthLazyAvoidBusy,ASTAR-whoenig,1,NULL,NULL,664,0.085688,NULL,https://github.com/ssfc/libMultiRobotPlanning-isolated,2025-09-06 21:57:18,28,11150
-1,random-32-32-20.map,random-32-32-20-random-1.scen,30,12400F,CBSDepthLazyAvoidBusy,ASTAR-whoenig,1,NULL,NULL,695,0.097079,NULL,https://github.com/ssfc/libMultiRobotPlanning-isolated,2025-09-06 21:57:18,32,12409
-1,random-32-32-20.map,random-32-32-20-random-1.scen,31,12400F,CBSDepthLazyAvoidBusy,ASTAR-whoenig,1,NULL,NULL,741,0.266094,NULL,https://github.com/ssfc/libMultiRobotPlanning-isolated,2025-09-06 21:57:18,97,36354
-1,random-32-32-20.map,random-32-32-20-random-1.scen,32,12400F,CBSDepthLazyAvoidBusy,ASTAR-whoenig,1,NULL,NULL,763,0.270914,NULL,https://github.com/ssfc/libMultiRobotPlanning-isolated,2025-09-06 21:57:19,97,36375
-1,random-32-32-20.map,random-32-32-20-random-1.scen,33,12400F,CBSDepthLazyAvoidBusy,ASTAR-whoenig,1,NULL,NULL,773,0.274161,NULL,https://github.com/ssfc/libMultiRobotPlanning-isolated,2025-09-06 21:57:19,97,36384
-1,random-32-32-20.map,random-32-32-20-random-1.scen,34,12400F,CBSDepthLazyAvoidBusy,ASTAR-whoenig,1,NULL,NULL,805,0.297698,NULL,https://github.com/ssfc/libMultiRobotPlanning-isolated,2025-09-06 21:57:19,97,39728
-1,random-32-32-20.map,random-32-32-20-random-1.scen,35,12400F,CBSDepthLazyAvoidBusy,ASTAR-whoenig,1,NULL,NULL,833,0.301262,NULL,https://github.com/ssfc/libMultiRobotPlanning-isolated,2025-09-06 21:57:19,97,39755
-1,random-32-32-20.map,random-32-32-20-random-1.scen,36,12400F,CBSDepthLazyAvoidBusy,ASTAR-whoenig,1,NULL,NULL,874,0.300746,NULL,https://github.com/ssfc/libMultiRobotPlanning-isolated,2025-09-06 21:57:20,94,39495
-1,random-32-32-20.map,random-32-32-20-random-1.scen,37,12400F,CBSDepthLazyAvoidBusy,ASTAR-whoenig,1,NULL,NULL,882,0.305242,NULL,https://github.com/ssfc/libMultiRobotPlanning-isolated,2025-09-06 21:57:20,94,39502
-1,random-32-32-20.map,random-32-32-20-random-1.scen,38,12400F,CBSDepthLazyAvoidBusy,ASTAR-whoenig,1,NULL,NULL,893,0.312849,NULL,https://github.com/ssfc/libMultiRobotPlanning-isolated,2025-09-06 21:57:20,95,39561
-1,random-32-32-20.map,random-32-32-20-random-1.scen,39,12400F,CBSDepthLazyAvoidBusy,ASTAR-whoenig,1,NULL,NULL,953,0.714257,NULL,https://github.com/ssfc/libMultiRobotPlanning-isolated,2025-09-06 21:57:21,232,85970
-1,random-32-32-20.map,random-32-32-20-random-1.scen,40,12400F,CBSDepthLazyAvoidBusy,ASTAR-whoenig,1,NULL,NULL,992,1.11011,NULL,https://github.com/ssfc/libMultiRobotPlanning-isolated,2025-09-06 21:57:22,334,143526
-1,random-32-32-20.map,random-32-32-20-random-1.scen,41,12400F,CBSDepthLazyAvoidBusy,ASTAR-whoenig,1,NULL,NULL,1012,1.12721,NULL,https://github.com/ssfc/libMultiRobotPlanning-isolated,2025-09-06 21:57:23,334,143559
-1,random-32-32-20.map,random-32-32-20-random-1.scen,42,12400F,CBSDepthLazyAvoidBusy,ASTAR-whoenig,1,NULL,NULL,1024,1.13963,NULL,https://github.com/ssfc/libMultiRobotPlanning-isolated,2025-09-06 21:57:24,334,143577
-1,random-32-32-20.map,random-32-32-20-random-1.scen,43,12400F,CBSDepthLazyAvoidBusy,ASTAR-whoenig,1,NULL,NULL,1065,1.16119,NULL,https://github.com/ssfc/libMultiRobotPlanning-isolated,2025-09-06 21:57:26,335,144023
-1,random-32-32-20.map,random-32-32-20-random-1.scen,44,12400F,CBSDepthLazyAvoidBusy,ASTAR-whoenig,1,NULL,NULL,1126,1.60061,NULL,https://github.com/ssfc/libMultiRobotPlanning-isolated,2025-09-06 21:57:27,427,194035
-1,random-32-32-20.map,random-32-32-20-random-1.scen,45,12400F,CBSDepthLazyAvoidBusy,ASTAR-whoenig,1,NULL,NULL,1164,1.62056,NULL,https://github.com/ssfc/libMultiRobotPlanning-isolated,2025-09-06 21:57:29,427,194123
-1,random-32-32-20.map,random-32-32-20-random-1.scen,46,12400F,CBSDepthLazyAvoidBusy,ASTAR-whoenig,1,NULL,NULL,1191,1.57767,NULL,https://github.com/ssfc/libMultiRobotPlanning-isolated,2025-09-06 21:57:30,415,185557
-1,random-32-32-20.map,random-32-32-20-random-1.scen,47,12400F,CBSDepthLazyAvoidBusy,ASTAR-whoenig,1,NULL,NULL,1266,3.18478,NULL,https://github.com/ssfc/libMultiRobotPlanning-isolated,2025-09-06 21:57:34,682,407185
-1,random-32-32-20.map,random-32-32-20-random-1.scen,48,12400F,CBSDepthLazyAvoidBusy,ASTAR-whoenig,1,NULL,NULL,1298,2.73949,NULL,https://github.com/ssfc/libMultiRobotPlanning-isolated,2025-09-06 21:57:36,619,331260
-1,random-32-32-20.map,random-32-32-20-random-1.scen,49,12400F,CBSDepthLazyAvoidBusy,ASTAR-whoenig,1,NULL,NULL,1314,2.78378,NULL,https://github.com/ssfc/libMultiRobotPlanning-isolated,2025-09-06 21:57:39,619,331314
-1,random-32-32-20.map,random-32-32-20-random-1.scen,50,12400F,CBSDepthLazyAvoidBusy,ASTAR-whoenig,1,NULL,NULL,1455,8.32853,NULL,https://github.com/ssfc/libMultiRobotPlanning-isolated,2025-09-06 21:57:48,1380,1081049
-1,random-32-32-20.map,random-32-32-20-random-1.scen,51,12400F,CBSDepthLazyAvoidBusy,ASTAR-whoenig,1,NULL,NULL,1421,20.428,NULL,https://github.com/ssfc/libMultiRobotPlanning-isolated,2025-09-06 21:58:08,5249,2111142
-1,random-32-32-20.map,random-32-32-20-random-1.scen,52,12400F,CBSDepthLazyAvoidBusy,ASTAR-whoenig,1,NULL,NULL,1439,20.7075,NULL,https://github.com/ssfc/libMultiRobotPlanning-isolated,2025-09-06 21:58:29,5249,2111159
-1,random-32-32-20.map,random-32-32-20-random-1.scen,53,12400F,CBSDepthLazyAvoidBusy,ASTAR-whoenig,1,NULL,NULL,1459,21.0309,NULL,https://github.com/ssfc/libMultiRobotPlanning-isolated,2025-09-06 21:58:50,5267,2112329
-1,random-32-32-20.map,random-32-32-20-random-1.scen,54,12400F,CBSDepthLazyAvoidBusy,ASTAR-whoenig,1,NULL,NULL,1391,56.8951,NULL,https://github.com/ssfc/libMultiRobotPlanning-isolated,2025-09-06 21:59:47,12061,6301943
-1,random-32-32-20.map,random-32-32-20-random-1.scen,55,12400F,CBSDepthLazyAvoidBusy,ASTAR-whoenig,1,NULL,NULL,1412,61.0885,NULL,https://github.com/ssfc/libMultiRobotPlanning-isolated,2025-09-06 22:00:48,12869,6638282
-1,random-32-32-20.map,random-32-32-20-random-1.scen,56,12400F,CBSDepthLazyAvoidBusy,ASTAR-whoenig,1,NULL,NULL,1652,19.6266,NULL,https://github.com/ssfc/libMultiRobotPlanning-isolated,2025-09-06 22:01:08,3997,2149179
-1,random-32-32-20.map,random-32-32-20-random-1.scen,57,12400F,CBSDepthLazyAvoidBusy,ASTAR-whoenig,1,NULL,NULL,1754,14.1712,NULL,https://github.com/ssfc/libMultiRobotPlanning-isolated,2025-09-06 22:01:23,2004,1693682
-1,random-32-32-20.map,random-32-32-20-random-1.scen,58,12400F,CBSDepthLazyAvoidBusy,ASTAR-whoenig,1,NULL,NULL,1768,69.0736,NULL,https://github.com/ssfc/libMultiRobotPlanning-isolated,2025-09-06 22:02:32,10072,8007605
-1,random-32-32-20.map,random-32-32-20-random-1.scen,59,12400F,CBSDepthLazyAvoidBusy,ASTAR-whoenig,1,NULL,NULL,1854,815.838,NULL,https://github.com/ssfc/libMultiRobotPlanning-isolated,2025-09-06 22:16:08,49222,112362679
-1,random-32-32-20.map,random-32-32-20-random-1.scen,60,12400F,CBSDepthLazyAvoidBusy,ASTAR-whoenig,1,NULL,NULL,2094,437.281,NULL,https://github.com/ssfc/libMultiRobotPlanning-isolated,2025-09-06 22:23:33,20225,61431911
-1,random-32-32-20.map,random-32-32-20-random-1.scen,61,12400F,CBSDepthLazyAvoidBusy,ASTAR-whoenig,1,NULL,NULL,2110,94.8503,NULL,https://github.com/ssfc/libMultiRobotPlanning-isolated,2025-09-06 22:25:12,8743,12252943
-1,random-32-32-20.map,random-32-32-20-random-1.scen,62,12400F,CBSDepthLazyAvoidBusy,ASTAR-whoenig,1,NULL,NULL,2039,632.332,NULL,https://github.com/ssfc/libMultiRobotPlanning-isolated,2025-09-06 22:35:45,38694,87563271
-1,random-32-32-20.map,random-32-32-20-random-1.scen,63,12400F,CBSDepthLazyAvoidBusy,ASTAR-whoenig,1,NULL,NULL,1931,1677.68,NULL,https://github.com/ssfc/libMultiRobotPlanning-isolated,2025-09-06 23:03:49,143249,212221312
-1,random-32-32-20.map,random-32-32-20-random-1.scen,64,12400F,CBSDepthLazyAvoidBusy,ASTAR-whoenig,1,NULL,NULL,1994,1528.99,NULL,https://github.com/ssfc/libMultiRobotPlanning-isolated,2025-09-06 23:29:33,107864,191046131
-1,random-32-32-20.map,random-32-32-20-random-1.scen,65,12400F,CBSDepthLazyAvoidBusy,ASTAR-whoenig,1,NULL,NULL,1990,494.439,NULL,https://github.com/ssfc/libMultiRobotPlanning-isolated,2025-09-06 23:38:03,42061,59556204
-1,random-32-32-20.map,random-32-32-20-random-1.scen,66,12400F,CBSDepthLazyAvoidBusy,ASTAR-whoenig,1,NULL,NULL,INF,1800.3,NULL,https://github.com/ssfc/libMultiRobotPlanning-isolated,2025-09-07 00:08:09,130701,220883927
-1,random-32-32-20.map,random-32-32-20-random-1.scen,67,12400F,CBSDepthLazyAvoidBusy,ASTAR-whoenig,1,NULL,NULL,2094,20.1425,NULL,https://github.com/ssfc/libMultiRobotPlanning-isolated,2025-09-07 00:08:47,2518,2089382
-1,random-32-32-20.map,random-32-32-20-random-1.scen,68,12400F,CBSDepthLazyAvoidBusy,ASTAR-whoenig,1,NULL,NULL,INF,1800.01,NULL,https://github.com/ssfc/libMultiRobotPlanning-isolated,2025-09-07 00:38:47,173311,204894742
-1,random-32-32-20.map,random-32-32-20-random-1.scen,69,12400F,CBSDepthLazyAvoidBusy,ASTAR-whoenig,1,NULL,NULL,INF,1800.03,NULL,https://github.com/ssfc/libMultiRobotPlanning-isolated,2025-09-07 01:09:04,169221,203428087
-1,random-32-32-20.map,random-32-32-20-random-1.scen,70,12400F,CBSDepthLazyAvoidBusy,ASTAR-whoenig,1,NULL,NULL,INF,1800.02,NULL,https://github.com/ssfc/libMultiRobotPlanning-isolated,2025-09-07 01:39:21,118531,217184686
-1,random-32-32-20.map,random-32-32-20-random-1.scen,71,12400F,CBSDepthLazyAvoidBusy,ASTAR-whoenig,1,NULL,NULL,INF,1800,NULL,https://github.com/ssfc/libMultiRobotPlanning-isolated,2025-09-07 02:09:40,177991,196335470
-1,random-32-32-20.map,random-32-32-20-random-1.scen,72,12400F,CBSDepthLazyAvoidBusy,ASTAR-whoenig,1,NULL,NULL,INF,1800.16,NULL,https://github.com/ssfc/libMultiRobotPlanning-isolated,2025-09-07 02:39:57,164441,191372962
-1,random-32-32-20.map,random-32-32-20-random-1.scen,73,12400F,CBSDepthLazyAvoidBusy,ASTAR-whoenig,1,NULL,NULL,INF,1800.1,NULL,https://github.com/ssfc/libMultiRobotPlanning-isolated,2025-09-07 03:10:15,163491,189558946
-1,random-32-32-20.map,random-32-32-20-random-1.scen,74,12400F,CBSDepthLazyAvoidBusy,ASTAR-whoenig,1,NULL,NULL,INF,1800.1,NULL,https://github.com/ssfc/libMultiRobotPlanning-isolated,2025-09-07 03:40:34,183341,185527968
-1,random-32-32-20.map,random-32-32-20-random-1.scen,75,12400F,CBSDepthLazyAvoidBusy,ASTAR-whoenig,1,NULL,NULL,INF,1800.03,NULL,https://github.com/ssfc/libMultiRobotPlanning-isolated,2025-09-07 04:10:50,168521,187416333
-1,random-32-32-20.map,random-32-32-20-random-1.scen,76,12400F,CBSDepthLazyAvoidBusy,ASTAR-whoenig,1,NULL,NULL,INF,1800.04,NULL,https://github.com/ssfc/libMultiRobotPlanning-isolated,2025-09-07 04:41:08,157471,188202994
-1,random-32-32-20.map,random-32-32-20-random-1.scen,78,12400F,CBSDepthLazyAvoidBusy,ASTAR-whoenig,1,NULL,NULL,INF,1800.02,NULL,https://github.com/ssfc/libMultiRobotPlanning-isolated,2025-09-07 05:20:41,160331,175772537
-1,random-32-32-20.map,random-32-32-20-random-1.scen,79,12400F,CBSDepthLazyAvoidBusy,ASTAR-whoenig,1,NULL,NULL,INF,1800.02,NULL,https://github.com/ssfc/libMultiRobotPlanning-isolated,2025-09-07 05:51:01,157401,174609705
-1,random-32-32-20.map,random-32-32-20-random-1.scen,80,12400F,CBSDepthLazyAvoidBusy,ASTAR-whoenig,1,NULL,NULL,INF,1800.02,NULL,https://github.com/ssfc/libMultiRobotPlanning-isolated,2025-09-07 06:21:20,169871,168054510
-1,random-32-32-20.map,random-32-32-20-random-1.scen,81,12400F,CBSDepthLazyAvoidBusy,ASTAR-whoenig,1,NULL,NULL,INF,1800.03,NULL,https://github.com/ssfc/libMultiRobotPlanning-isolated,2025-09-07 06:51:39,173921,165496362
-1,random-32-32-20.map,random-32-32-20-random-1.scen,82,12400F,CBSDepthLazyAvoidBusy,ASTAR-whoenig,1,NULL,NULL,INF,1800.12,NULL,https://github.com/ssfc/libMultiRobotPlanning-isolated,2025-09-07 07:21:57,155111,165157214
-1,random-32-32-20.map,random-32-32-20-random-1.scen,83,12400F,CBSDepthLazyAvoidBusy,ASTAR-whoenig,1,NULL,NULL,INF,1800.07,NULL,https://github.com/ssfc/libMultiRobotPlanning-isolated,2025-09-07 07:52:17,138861,166228639
-1,random-32-32-20.map,random-32-32-20-random-1.scen,84,12400F,CBSDepthLazyAvoidBusy,ASTAR-whoenig,1,NULL,NULL,INF,1800.05,NULL,https://github.com/ssfc/libMultiRobotPlanning-isolated,2025-09-07 08:22:37,172631,151839522
-1,random-32-32-20.map,random-32-32-20-random-1.scen,1,12400F,CBSDepthKNNSparse,ASTAR-whoenig,1,NULL,NULL,38,0.001364,NULL,https://github.com/ssfc/libMultiRobotPlanning-isolated,2025-09-07 09:01:46,1,168
-1,random-32-32-20.map,random-32-32-20-random-1.scen,2,12400F,CBSDepthKNNSparse,ASTAR-whoenig,1,NULL,NULL,52,0.003719,NULL,https://github.com/ssfc/libMultiRobotPlanning-isolated,2025-09-07 09:01:46,1,210
-1,random-32-32-20.map,random-32-32-20-random-1.scen,3,12400F,CBSDepthKNNSparse,ASTAR-whoenig,1,NULL,NULL,83,0.00585,NULL,https://github.com/ssfc/libMultiRobotPlanning-isolated,2025-09-07 09:01:46,1,518
-1,random-32-32-20.map,random-32-32-20-random-1.scen,4,12400F,CBSDepthKNNSparse,ASTAR-whoenig,1,NULL,NULL,105,0.007117,NULL,https://github.com/ssfc/libMultiRobotPlanning-isolated,2025-09-07 09:01:46,1,579
-1,random-32-32-20.map,random-32-32-20-random-1.scen,5,12400F,CBSDepthKNNSparse,ASTAR-whoenig,1,NULL,NULL,138,0.009669,NULL,https://github.com/ssfc/libMultiRobotPlanning-isolated,2025-09-07 09:01:46,1,692
-1,random-32-32-20.map,random-32-32-20-random-1.scen,6,12400F,CBSDepthKNNSparse,ASTAR-whoenig,1,NULL,NULL,164,0.008722,NULL,https://github.com/ssfc/libMultiRobotPlanning-isolated,2025-09-07 09:01:46,1,779
-1,random-32-32-20.map,random-32-32-20-random-1.scen,7,12400F,CBSDepthKNNSparse,ASTAR-whoenig,1,NULL,NULL,181,0.007657,NULL,https://github.com/ssfc/libMultiRobotPlanning-isolated,2025-09-07 09:01:46,1,814
-1,random-32-32-20.map,random-32-32-20-random-1.scen,8,12400F,CBSDepthKNNSparse,ASTAR-whoenig,1,NULL,NULL,193,0.007547,NULL,https://github.com/ssfc/libMultiRobotPlanning-isolated,2025-09-07 09:01:46,2,881
-1,random-32-32-20.map,random-32-32-20-random-1.scen,9,12400F,CBSDepthKNNSparse,ASTAR-whoenig,1,NULL,NULL,199,0.006583,NULL,https://github.com/ssfc/libMultiRobotPlanning-isolated,2025-09-07 09:01:46,2,886
-1,random-32-32-20.map,random-32-32-20-random-1.scen,10,12400F,CBSDepthKNNSparse,ASTAR-whoenig,1,NULL,NULL,216,0.006665,NULL,https://github.com/ssfc/libMultiRobotPlanning-isolated,2025-09-07 09:01:46,2,903
-1,random-32-32-20.map,random-32-32-20-random-1.scen,11,12400F,CBSDepthKNNSparse,ASTAR-whoenig,1,NULL,NULL,240,0.012382,NULL,https://github.com/ssfc/libMultiRobotPlanning-isolated,2025-09-07 09:01:46,3,1118
-1,random-32-32-20.map,random-32-32-20-random-1.scen,12,12400F,CBSDepthKNNSparse,ASTAR-whoenig,1,NULL,NULL,265,0.010375,NULL,https://github.com/ssfc/libMultiRobotPlanning-isolated,2025-09-07 09:01:46,3,1158
-1,random-32-32-20.map,random-32-32-20-random-1.scen,13,12400F,CBSDepthKNNSparse,ASTAR-whoenig,1,NULL,NULL,283,0.033652,NULL,https://github.com/ssfc/libMultiRobotPlanning-isolated,2025-09-07 09:01:46,10,4333
-1,random-32-32-20.map,random-32-32-20-random-1.scen,14,12400F,CBSDepthKNNSparse,ASTAR-whoenig,1,NULL,NULL,333,0.035612,NULL,https://github.com/ssfc/libMultiRobotPlanning-isolated,2025-09-07 09:01:46,11,4634
-1,random-32-32-20.map,random-32-32-20-random-1.scen,15,12400F,CBSDepthKNNSparse,ASTAR-whoenig,1,NULL,NULL,358,0.034844,NULL,https://github.com/ssfc/libMultiRobotPlanning-isolated,2025-09-07 09:01:46,11,4680
-1,random-32-32-20.map,random-32-32-20-random-1.scen,16,12400F,CBSDepthKNNSparse,ASTAR-whoenig,1,NULL,NULL,400,0.042182,NULL,https://github.com/ssfc/libMultiRobotPlanning-isolated,2025-09-07 09:01:46,13,5814
-1,random-32-32-20.map,random-32-32-20-random-1.scen,17,12400F,CBSDepthKNNSparse,ASTAR-whoenig,1,NULL,NULL,420,0.043245,NULL,https://github.com/ssfc/libMultiRobotPlanning-isolated,2025-09-07 09:01:46,13,5834
-1,random-32-32-20.map,random-32-32-20-random-1.scen,18,12400F,CBSDepthKNNSparse,ASTAR-whoenig,1,NULL,NULL,429,0.044416,NULL,https://github.com/ssfc/libMultiRobotPlanning-isolated,2025-09-07 09:01:47,13,5842
-1,random-32-32-20.map,random-32-32-20-random-1.scen,19,12400F,CBSDepthKNNSparse,ASTAR-whoenig,1,NULL,NULL,443,0.045375,NULL,https://github.com/ssfc/libMultiRobotPlanning-isolated,2025-09-07 09:01:47,13,5860
-1,random-32-32-20.map,random-32-32-20-random-1.scen,20,12400F,CBSDepthKNNSparse,ASTAR-whoenig,1,NULL,NULL,453,0.046661,NULL,https://github.com/ssfc/libMultiRobotPlanning-isolated,2025-09-07 09:01:47,13,5869
-1,random-32-32-20.map,random-32-32-20-random-1.scen,21,12400F,CBSDepthKNNSparse,ASTAR-whoenig,1,NULL,NULL,486,0.049714,NULL,https://github.com/ssfc/libMultiRobotPlanning-isolated,2025-09-07 09:01:47,13,5935
-1,random-32-32-20.map,random-32-32-20-random-1.scen,22,12400F,CBSDepthKNNSparse,ASTAR-whoenig,1,NULL,NULL,498,0.056832,NULL,https://github.com/ssfc/libMultiRobotPlanning-isolated,2025-09-07 09:01:47,17,6332
-1,random-32-32-20.map,random-32-32-20-random-1.scen,23,12400F,CBSDepthKNNSparse,ASTAR-whoenig,1,NULL,NULL,512,0.059962,NULL,https://github.com/ssfc/libMultiRobotPlanning-isolated,2025-09-07 09:01:47,18,6368
-1,random-32-32-20.map,random-32-32-20-random-1.scen,24,12400F,CBSDepthKNNSparse,ASTAR-whoenig,1,NULL,NULL,563,0.076386,NULL,https://github.com/ssfc/libMultiRobotPlanning-isolated,2025-09-07 09:01:47,22,7758
-1,random-32-32-20.map,random-32-32-20-random-1.scen,25,12400F,CBSDepthKNNSparse,ASTAR-whoenig,1,NULL,NULL,579,0.077883,NULL,https://github.com/ssfc/libMultiRobotPlanning-isolated,2025-09-07 09:01:47,22,7836
-1,random-32-32-20.map,random-32-32-20-random-1.scen,26,12400F,CBSDepthKNNSparse,ASTAR-whoenig,1,NULL,NULL,614,0.0816,NULL,https://github.com/ssfc/libMultiRobotPlanning-isolated,2025-09-07 09:01:47,22,8107
-1,random-32-32-20.map,random-32-32-20-random-1.scen,27,12400F,CBSDepthKNNSparse,ASTAR-whoenig,1,NULL,NULL,647,0.102569,NULL,https://github.com/ssfc/libMultiRobotPlanning-isolated,2025-09-07 09:01:47,25,10661
-1,random-32-32-20.map,random-32-32-20-random-1.scen,28,12400F,CBSDepthKNNSparse,ASTAR-whoenig,1,NULL,NULL,655,0.105397,NULL,https://github.com/ssfc/libMultiRobotPlanning-isolated,2025-09-07 09:01:47,25,10668
-1,random-32-32-20.map,random-32-32-20-random-1.scen,29,12400F,CBSDepthKNNSparse,ASTAR-whoenig,1,NULL,NULL,663,0.108465,NULL,https://github.com/ssfc/libMultiRobotPlanning-isolated,2025-09-07 09:01:47,25,10678
-1,random-32-32-20.map,random-32-32-20-random-1.scen,30,12400F,CBSDepthKNNSparse,ASTAR-whoenig,1,NULL,NULL,697,0.147959,NULL,https://github.com/ssfc/libMultiRobotPlanning-isolated,2025-09-07 09:01:47,33,14272
-1,random-32-32-20.map,random-32-32-20-random-1.scen,31,12400F,CBSDepthKNNSparse,ASTAR-whoenig,1,NULL,NULL,724,0.188542,NULL,https://github.com/ssfc/libMultiRobotPlanning-isolated,2025-09-07 09:01:48,43,16991
-1,random-32-32-20.map,random-32-32-20-random-1.scen,32,12400F,CBSDepthKNNSparse,ASTAR-whoenig,1,NULL,NULL,746,0.195046,NULL,https://github.com/ssfc/libMultiRobotPlanning-isolated,2025-09-07 09:01:48,43,17012
-1,random-32-32-20.map,random-32-32-20-random-1.scen,33,12400F,CBSDepthKNNSparse,ASTAR-whoenig,1,NULL,NULL,756,0.199855,NULL,https://github.com/ssfc/libMultiRobotPlanning-isolated,2025-09-07 09:01:48,43,17021
-1,random-32-32-20.map,random-32-32-20-random-1.scen,34,12400F,CBSDepthKNNSparse,ASTAR-whoenig,1,NULL,NULL,784,0.222676,NULL,https://github.com/ssfc/libMultiRobotPlanning-isolated,2025-09-07 09:01:48,47,18454
-1,random-32-32-20.map,random-32-32-20-random-1.scen,35,12400F,CBSDepthKNNSparse,ASTAR-whoenig,1,NULL,NULL,812,0.230283,NULL,https://github.com/ssfc/libMultiRobotPlanning-isolated,2025-09-07 09:01:49,47,18481
-1,random-32-32-20.map,random-32-32-20-random-1.scen,36,12400F,CBSDepthKNNSparse,ASTAR-whoenig,1,NULL,NULL,862,0.38749,NULL,https://github.com/ssfc/libMultiRobotPlanning-isolated,2025-09-07 09:01:49,76,31375
-1,random-32-32-20.map,random-32-32-20-random-1.scen,37,12400F,CBSDepthKNNSparse,ASTAR-whoenig,1,NULL,NULL,870,0.39678,NULL,https://github.com/ssfc/libMultiRobotPlanning-isolated,2025-09-07 09:01:49,76,31382
-1,random-32-32-20.map,random-32-32-20-random-1.scen,38,12400F,CBSDepthKNNSparse,ASTAR-whoenig,1,NULL,NULL,884,0.421997,NULL,https://github.com/ssfc/libMultiRobotPlanning-isolated,2025-09-07 09:01:50,80,31588
-1,random-32-32-20.map,random-32-32-20-random-1.scen,39,12400F,CBSDepthKNNSparse,ASTAR-whoenig,1,NULL,NULL,905,0.486798,NULL,https://github.com/ssfc/libMultiRobotPlanning-isolated,2025-09-07 09:01:50,92,33312
-1,random-32-32-20.map,random-32-32-20-random-1.scen,40,12400F,CBSDepthKNNSparse,ASTAR-whoenig,1,NULL,NULL,938,0.545946,NULL,https://github.com/ssfc/libMultiRobotPlanning-isolated,2025-09-07 09:01:51,103,34494
-1,random-32-32-20.map,random-32-32-20-random-1.scen,41,12400F,CBSDepthKNNSparse,ASTAR-whoenig,1,NULL,NULL,958,0.563135,NULL,https://github.com/ssfc/libMultiRobotPlanning-isolated,2025-09-07 09:01:51,103,34527
-1,random-32-32-20.map,random-32-32-20-random-1.scen,42,12400F,CBSDepthKNNSparse,ASTAR-whoenig,1,NULL,NULL,970,0.579557,NULL,https://github.com/ssfc/libMultiRobotPlanning-isolated,2025-09-07 09:01:52,103,34545
-1,random-32-32-20.map,random-32-32-20-random-1.scen,43,12400F,CBSDepthKNNSparse,ASTAR-whoenig,1,NULL,NULL,1012,0.614329,NULL,https://github.com/ssfc/libMultiRobotPlanning-isolated,2025-09-07 09:01:53,105,35437
-1,random-32-32-20.map,random-32-32-20-random-1.scen,44,12400F,CBSDepthKNNSparse,ASTAR-whoenig,1,NULL,NULL,1053,0.643864,NULL,https://github.com/ssfc/libMultiRobotPlanning-isolated,2025-09-07 09:01:53,106,37098
-1,random-32-32-20.map,random-32-32-20-random-1.scen,45,12400F,CBSDepthKNNSparse,ASTAR-whoenig,1,NULL,NULL,1091,0.66258,NULL,https://github.com/ssfc/libMultiRobotPlanning-isolated,2025-09-07 09:01:54,106,37186
-1,random-32-32-20.map,random-32-32-20-random-1.scen,46,12400F,CBSDepthKNNSparse,ASTAR-whoenig,1,NULL,NULL,1127,0.76007,NULL,https://github.com/ssfc/libMultiRobotPlanning-isolated,2025-09-07 09:01:55,114,44882
-1,random-32-32-20.map,random-32-32-20-random-1.scen,47,12400F,CBSDepthKNNSparse,ASTAR-whoenig,1,NULL,NULL,1165,0.914314,NULL,https://github.com/ssfc/libMultiRobotPlanning-isolated,2025-09-07 09:01:56,136,51624
-1,random-32-32-20.map,random-32-32-20-random-1.scen,48,12400F,CBSDepthKNNSparse,ASTAR-whoenig,1,NULL,NULL,1198,1.00219,NULL,https://github.com/ssfc/libMultiRobotPlanning-isolated,2025-09-07 09:01:57,147,53036
-1,random-32-32-20.map,random-32-32-20-random-1.scen,49,12400F,CBSDepthKNNSparse,ASTAR-whoenig,1,NULL,NULL,1214,1.03721,NULL,https://github.com/ssfc/libMultiRobotPlanning-isolated,2025-09-07 09:01:58,148,53295
-1,random-32-32-20.map,random-32-32-20-random-1.scen,50,12400F,CBSDepthKNNSparse,ASTAR-whoenig,1,NULL,NULL,1245,1.09302,NULL,https://github.com/ssfc/libMultiRobotPlanning-isolated,2025-09-07 09:01:59,153,52848
-1,random-32-32-20.map,random-32-32-20-random-1.scen,51,12400F,CBSDepthKNNSparse,ASTAR-whoenig,1,NULL,NULL,1288,1.21026,NULL,https://github.com/ssfc/libMultiRobotPlanning-isolated,2025-09-07 09:02:00,166,56345
-1,random-32-32-20.map,random-32-32-20-random-1.scen,52,12400F,CBSDepthKNNSparse,ASTAR-whoenig,1,NULL,NULL,1306,1.24475,NULL,https://github.com/ssfc/libMultiRobotPlanning-isolated,2025-09-07 09:02:01,166,56362
-1,random-32-32-20.map,random-32-32-20-random-1.scen,53,12400F,CBSDepthKNNSparse,ASTAR-whoenig,1,NULL,NULL,1324,1.29089,NULL,https://github.com/ssfc/libMultiRobotPlanning-isolated,2025-09-07 09:02:03,168,57051
-1,random-32-32-20.map,random-32-32-20-random-1.scen,54,12400F,CBSDepthKNNSparse,ASTAR-whoenig,1,NULL,NULL,1355,1.39784,NULL,https://github.com/ssfc/libMultiRobotPlanning-isolated,2025-09-07 09:02:04,176,61277
-1,random-32-32-20.map,random-32-32-20-random-1.scen,55,12400F,CBSDepthKNNSparse,ASTAR-whoenig,1,NULL,NULL,1377,1.56446,NULL,https://github.com/ssfc/libMultiRobotPlanning-isolated,2025-09-07 09:02:06,192,65383
-1,random-32-32-20.map,random-32-32-20-random-1.scen,56,12400F,CBSDepthKNNSparse,ASTAR-whoenig,1,NULL,NULL,1419,1.65911,NULL,https://github.com/ssfc/libMultiRobotPlanning-isolated,2025-09-07 09:02:07,198,68049
-1,random-32-32-20.map,random-32-32-20-random-1.scen,57,12400F,CBSDepthKNNSparse,ASTAR-whoenig,1,NULL,NULL,1471,2.01535,NULL,https://github.com/ssfc/libMultiRobotPlanning-isolated,2025-09-07 09:02:09,229,86047
-1,random-32-32-20.map,random-32-32-20-random-1.scen,58,12400F,CBSDepthKNNSparse,ASTAR-whoenig,1,NULL,NULL,1519,3.03621,NULL,https://github.com/ssfc/libMultiRobotPlanning-isolated,2025-09-07 09:02:12,326,138181
-1,random-32-32-20.map,random-32-32-20-random-1.scen,59,12400F,CBSDepthKNNSparse,ASTAR-whoenig,1,NULL,NULL,1537,2.70918,NULL,https://github.com/ssfc/libMultiRobotPlanning-isolated,2025-09-07 09:02:15,286,117470
-1,random-32-32-20.map,random-32-32-20-random-1.scen,60,12400F,CBSDepthKNNSparse,ASTAR-whoenig,1,NULL,NULL,1589,3.07489,NULL,https://github.com/ssfc/libMultiRobotPlanning-isolated,2025-09-07 09:02:18,319,123494
-1,random-32-32-20.map,random-32-32-20-random-1.scen,61,12400F,CBSDepthKNNSparse,ASTAR-whoenig,1,NULL,NULL,1604,3.1828,NULL,https://github.com/ssfc/libMultiRobotPlanning-isolated,2025-09-07 09:02:21,323,124072
-1,random-32-32-20.map,random-32-32-20-random-1.scen,62,12400F,CBSDepthKNNSparse,ASTAR-whoenig,1,NULL,NULL,1655,5.4931,NULL,https://github.com/ssfc/libMultiRobotPlanning-isolated,2025-09-07 09:02:27,499,289798
-1,random-32-32-20.map,random-32-32-20-random-1.scen,63,12400F,CBSDepthKNNSparse,ASTAR-whoenig,1,NULL,NULL,1676,5.24811,NULL,https://github.com/ssfc/libMultiRobotPlanning-isolated,2025-09-07 09:02:32,477,250092
-1,random-32-32-20.map,random-32-32-20-random-1.scen,64,12400F,CBSDepthKNNSparse,ASTAR-whoenig,1,NULL,NULL,1701,5.53653,NULL,https://github.com/ssfc/libMultiRobotPlanning-isolated,2025-09-07 09:02:38,488,262822
-1,random-32-32-20.map,random-32-32-20-random-1.scen,65,12400F,CBSDepthKNNSparse,ASTAR-whoenig,1,NULL,NULL,1751,7.77466,NULL,https://github.com/ssfc/libMultiRobotPlanning-isolated,2025-09-07 09:02:45,677,352689
-1,random-32-32-20.map,random-32-32-20-random-1.scen,66,12400F,CBSDepthKNNSparse,ASTAR-whoenig,1,NULL,NULL,1786,7.99222,NULL,https://github.com/ssfc/libMultiRobotPlanning-isolated,2025-09-07 09:02:53,678,354333
-1,random-32-32-20.map,random-32-32-20-random-1.scen,67,12400F,CBSDepthKNNSparse,ASTAR-whoenig,1,NULL,NULL,1809,8.16744,NULL,https://github.com/ssfc/libMultiRobotPlanning-isolated,2025-09-07 09:03:02,678,354355
-1,random-32-32-20.map,random-32-32-20-random-1.scen,68,12400F,CBSDepthKNNSparse,ASTAR-whoenig,1,NULL,NULL,1851,8.74682,NULL,https://github.com/ssfc/libMultiRobotPlanning-isolated,2025-09-07 09:03:10,706,374304
-1,random-32-32-20.map,random-32-32-20-random-1.scen,69,12400F,CBSDepthKNNSparse,ASTAR-whoenig,1,NULL,NULL,1863,8.95582,NULL,https://github.com/ssfc/libMultiRobotPlanning-isolated,2025-09-07 09:03:19,706,374323
-1,random-32-32-20.map,random-32-32-20-random-1.scen,70,12400F,CBSDepthKNNSparse,ASTAR-whoenig,1,NULL,NULL,1894,7.3505,NULL,https://github.com/ssfc/libMultiRobotPlanning-isolated,2025-09-07 09:03:27,569,291269
-1,random-32-32-20.map,random-32-32-20-random-1.scen,71,12400F,CBSDepthKNNSparse,ASTAR-whoenig,1,NULL,NULL,1932,7.85631,NULL,https://github.com/ssfc/libMultiRobotPlanning-isolated,2025-09-07 09:03:35,596,309142
-1,random-32-32-20.map,random-32-32-20-random-1.scen,72,12400F,CBSDepthKNNSparse,ASTAR-whoenig,1,NULL,NULL,1970,8.20075,NULL,https://github.com/ssfc/libMultiRobotPlanning-isolated,2025-09-07 09:03:43,607,314842
-1,random-32-32-20.map,random-32-32-20-random-1.scen,73,12400F,CBSDepthKNNSparse,ASTAR-whoenig,1,NULL,NULL,1988,8.35482,NULL,https://github.com/ssfc/libMultiRobotPlanning-isolated,2025-09-07 09:03:51,607,314864
-1,random-32-32-20.map,random-32-32-20-random-1.scen,74,12400F,CBSDepthKNNSparse,ASTAR-whoenig,1,NULL,NULL,2002,8.55561,NULL,https://github.com/ssfc/libMultiRobotPlanning-isolated,2025-09-07 09:04:00,607,314879
-1,random-32-32-20.map,random-32-32-20-random-1.scen,75,12400F,CBSDepthKNNSparse,ASTAR-whoenig,1,NULL,NULL,2030,9.48986,NULL,https://github.com/ssfc/libMultiRobotPlanning-isolated,2025-09-07 09:04:09,658,350577
-1,random-32-32-20.map,random-32-32-20-random-1.scen,76,12400F,CBSDepthKNNSparse,ASTAR-whoenig,1,NULL,NULL,2046,10.8973,NULL,https://github.com/ssfc/libMultiRobotPlanning-isolated,2025-09-07 09:04:20,725,406071
-1,random-32-32-20.map,random-32-32-20-random-1.scen,77,12400F,CBSDepthKNNSparse,ASTAR-whoenig,1,NULL,NULL,2060,10.98,NULL,https://github.com/ssfc/libMultiRobotPlanning-isolated,2025-09-07 09:04:31,724,405551
-1,random-32-32-20.map,random-32-32-20-random-1.scen,78,12400F,CBSDepthKNNSparse,ASTAR-whoenig,1,NULL,NULL,2086,11.1726,NULL,https://github.com/ssfc/libMultiRobotPlanning-isolated,2025-09-07 09:04:43,723,405793
-1,random-32-32-20.map,random-32-32-20-random-1.scen,79,12400F,CBSDepthKNNSparse,ASTAR-whoenig,1,NULL,NULL,2099,11.544,NULL,https://github.com/ssfc/libMultiRobotPlanning-isolated,2025-09-07 09:04:54,723,405818
-1,random-32-32-20.map,random-32-32-20-random-1.scen,80,12400F,CBSDepthKNNSparse,ASTAR-whoenig,1,NULL,NULL,2147,12.0567,NULL,https://github.com/ssfc/libMultiRobotPlanning-isolated,2025-09-07 09:05:06,739,432894
-1,random-32-32-20.map,random-32-32-20-random-1.scen,81,12400F,CBSDepthKNNSparse,ASTAR-whoenig,1,NULL,NULL,2175,12.3505,NULL,https://github.com/ssfc/libMultiRobotPlanning-isolated,2025-09-07 09:05:19,747,435381
-1,random-32-32-20.map,random-32-32-20-random-1.scen,82,12400F,CBSDepthKNNSparse,ASTAR-whoenig,1,NULL,NULL,2207,14.644,NULL,https://github.com/ssfc/libMultiRobotPlanning-isolated,2025-09-07 09:05:33,853,554507
-1,random-32-32-20.map,random-32-32-20-random-1.scen,83,12400F,CBSDepthKNNSparse,ASTAR-whoenig,1,NULL,NULL,2249,16.3137,NULL,https://github.com/ssfc/libMultiRobotPlanning-isolated,2025-09-07 09:05:50,941,586439
-1,random-32-32-20.map,random-32-32-20-random-1.scen,84,12400F,CBSDepthKNNSparse,ASTAR-whoenig,1,NULL,NULL,2280,15.3981,NULL,https://github.com/ssfc/libMultiRobotPlanning-isolated,2025-09-07 09:06:05,864,551537
-1,random-32-32-20.map,random-32-32-20-random-1.scen,85,12400F,CBSDepthKNNSparse,ASTAR-whoenig,1,NULL,NULL,2317,16.0152,NULL,https://github.com/ssfc/libMultiRobotPlanning-isolated,2025-09-07 09:06:21,884,556320
-1,random-32-32-20.map,random-32-32-20-random-1.scen,86,12400F,CBSDepthKNNSparse,ASTAR-whoenig,1,NULL,NULL,2383,20.1844,NULL,https://github.com/ssfc/libMultiRobotPlanning-isolated,2025-09-07 09:06:41,1077,751067
-1,random-32-32-20.map,random-32-32-20-random-1.scen,87,12400F,CBSDepthKNNSparse,ASTAR-whoenig,1,NULL,NULL,2411,20.4652,NULL,https://github.com/ssfc/libMultiRobotPlanning-isolated,2025-09-07 09:07:02,1073,749348
-1,random-32-32-20.map,random-32-32-20-random-1.scen,88,12400F,CBSDepthKNNSparse,ASTAR-whoenig,1,NULL,NULL,2431,20.9517,NULL,https://github.com/ssfc/libMultiRobotPlanning-isolated,2025-09-07 09:07:23,1078,749723
-1,random-32-32-20.map,random-32-32-20-random-1.scen,89,12400F,CBSDepthKNNSparse,ASTAR-whoenig,1,NULL,NULL,2458,21.4979,NULL,https://github.com/ssfc/libMultiRobotPlanning-isolated,2025-09-07 09:07:45,1099,713618
-1,random-32-32-20.map,random-32-32-20-random-1.scen,90,12400F,CBSDepthKNNSparse,ASTAR-whoenig,1,NULL,NULL,2452,19.64,NULL,https://github.com/ssfc/libMultiRobotPlanning-isolated,2025-09-07 09:08:04,993,605770
-1,random-32-32-20.map,random-32-32-20-random-1.scen,91,12400F,CBSDepthKNNSparse,ASTAR-whoenig,1,NULL,NULL,2468,19.9018,NULL,https://github.com/ssfc/libMultiRobotPlanning-isolated,2025-09-07 09:08:24,993,605807
-1,random-32-32-20.map,random-32-32-20-random-1.scen,92,12400F,CBSDepthKNNSparse,ASTAR-whoenig,1,NULL,NULL,INF,1800.16,NULL,https://github.com/ssfc/libMultiRobotPlanning-isolated,2025-09-07 09:38:25,77811,96290220
-1,random-32-32-20.map,random-32-32-20-random-1.scen,93,12400F,CBSDepthKNNSparse,ASTAR-whoenig,1,NULL,NULL,2594,85.3397,NULL,https://github.com/ssfc/libMultiRobotPlanning-isolated,2025-09-07 09:39:54,4023,2682327
-1,random-32-32-20.map,random-32-32-20-random-1.scen,94,12400F,CBSDepthKNNSparse,ASTAR-whoenig,1,NULL,NULL,INF,1800.14,NULL,https://github.com/ssfc/libMultiRobotPlanning-isolated,2025-09-07 10:09:55,90711,22184196
-1,random-32-32-20.map,random-32-32-20-random-1.scen,95,12400F,CBSDepthKNNSparse,ASTAR-whoenig,1,NULL,NULL,INF,1800.12,NULL,https://github.com/ssfc/libMultiRobotPlanning-isolated,2025-09-07 10:39:59,88831,21726695
-1,random-32-32-20.map,random-32-32-20-random-1.scen,96,12400F,CBSDepthKNNSparse,ASTAR-whoenig,1,NULL,NULL,INF,1800.14,NULL,https://github.com/ssfc/libMultiRobotPlanning-isolated,2025-09-07 11:10:04,87241,21338742
-1,random-32-32-20.map,random-32-32-20-random-1.scen,97,12400F,CBSDepthKNNSparse,ASTAR-whoenig,1,NULL,NULL,INF,1800.11,NULL,https://github.com/ssfc/libMultiRobotPlanning-isolated,2025-09-07 11:40:08,71871,88580193
-1,random-32-32-20.map,random-32-32-20-random-1.scen,98,12400F,CBSDepthKNNSparse,ASTAR-whoenig,1,NULL,NULL,INF,1800.04,NULL,https://github.com/ssfc/libMultiRobotPlanning-isolated,2025-09-07 12:10:14,70621,88977919
-1,random-32-32-20.map,random-32-32-20-random-1.scen,1,12400F,CBSDepthProbAvoid,ASTAR-whoenig,1,NULL,NULL,38,0.000993,NULL,https://github.com/ssfc/libMultiRobotPlanning-isolated,2025-09-07 13:13:51,1,168
-1,random-32-32-20.map,random-32-32-20-random-1.scen,2,12400F,CBSDepthProbAvoid,ASTAR-whoenig,1,NULL,NULL,52,0.001243,NULL,https://github.com/ssfc/libMultiRobotPlanning-isolated,2025-09-07 13:13:51,1,210
-1,random-32-32-20.map,random-32-32-20-random-1.scen,3,12400F,CBSDepthProbAvoid,ASTAR-whoenig,1,NULL,NULL,83,0.005316,NULL,https://github.com/ssfc/libMultiRobotPlanning-isolated,2025-09-07 13:13:51,1,518
-1,random-32-32-20.map,random-32-32-20-random-1.scen,4,12400F,CBSDepthProbAvoid,ASTAR-whoenig,1,NULL,NULL,105,0.006978,NULL,https://github.com/ssfc/libMultiRobotPlanning-isolated,2025-09-07 13:13:51,1,579
-1,random-32-32-20.map,random-32-32-20-random-1.scen,5,12400F,CBSDepthProbAvoid,ASTAR-whoenig,1,NULL,NULL,138,0.007659,NULL,https://github.com/ssfc/libMultiRobotPlanning-isolated,2025-09-07 13:13:51,1,692
-1,random-32-32-20.map,random-32-32-20-random-1.scen,6,12400F,CBSDepthProbAvoid,ASTAR-whoenig,1,NULL,NULL,164,0.006886,NULL,https://github.com/ssfc/libMultiRobotPlanning-isolated,2025-09-07 13:13:51,1,779
-1,random-32-32-20.map,random-32-32-20-random-1.scen,7,12400F,CBSDepthProbAvoid,ASTAR-whoenig,1,NULL,NULL,181,0.007503,NULL,https://github.com/ssfc/libMultiRobotPlanning-isolated,2025-09-07 13:13:51,1,814
-1,random-32-32-20.map,random-32-32-20-random-1.scen,8,12400F,CBSDepthProbAvoid,ASTAR-whoenig,1,NULL,NULL,193,0.007766,NULL,https://github.com/ssfc/libMultiRobotPlanning-isolated,2025-09-07 13:13:51,2,881
-1,random-32-32-20.map,random-32-32-20-random-1.scen,9,12400F,CBSDepthProbAvoid,ASTAR-whoenig,1,NULL,NULL,199,0.010758,NULL,https://github.com/ssfc/libMultiRobotPlanning-isolated,2025-09-07 13:13:51,2,886
-1,random-32-32-20.map,random-32-32-20-random-1.scen,10,12400F,CBSDepthProbAvoid,ASTAR-whoenig,1,NULL,NULL,216,0.0096,NULL,https://github.com/ssfc/libMultiRobotPlanning-isolated,2025-09-07 13:13:51,2,903
-1,random-32-32-20.map,random-32-32-20-random-1.scen,11,12400F,CBSDepthProbAvoid,ASTAR-whoenig,1,NULL,NULL,240,0.009313,NULL,https://github.com/ssfc/libMultiRobotPlanning-isolated,2025-09-07 13:13:51,3,1118
-1,random-32-32-20.map,random-32-32-20-random-1.scen,12,12400F,CBSDepthProbAvoid,ASTAR-whoenig,1,NULL,NULL,265,0.007912,NULL,https://github.com/ssfc/libMultiRobotPlanning-isolated,2025-09-07 13:13:51,3,1158
-1,random-32-32-20.map,random-32-32-20-random-1.scen,13,12400F,CBSDepthProbAvoid,ASTAR-whoenig,1,NULL,NULL,281,0.021874,NULL,https://github.com/ssfc/libMultiRobotPlanning-isolated,2025-09-07 13:13:51,10,3135
-1,random-32-32-20.map,random-32-32-20-random-1.scen,14,12400F,CBSDepthProbAvoid,ASTAR-whoenig,1,NULL,NULL,335,0.031127,NULL,https://github.com/ssfc/libMultiRobotPlanning-isolated,2025-09-07 13:13:51,13,5137
-1,random-32-32-20.map,random-32-32-20-random-1.scen,15,12400F,CBSDepthProbAvoid,ASTAR-whoenig,1,NULL,NULL,360,0.029497,NULL,https://github.com/ssfc/libMultiRobotPlanning-isolated,2025-09-07 13:13:51,13,5183
-1,random-32-32-20.map,random-32-32-20-random-1.scen,16,12400F,CBSDepthProbAvoid,ASTAR-whoenig,1,NULL,NULL,402,0.036132,NULL,https://github.com/ssfc/libMultiRobotPlanning-isolated,2025-09-07 13:13:51,15,6486
-1,random-32-32-20.map,random-32-32-20-random-1.scen,17,12400F,CBSDepthProbAvoid,ASTAR-whoenig,1,NULL,NULL,422,0.036377,NULL,https://github.com/ssfc/libMultiRobotPlanning-isolated,2025-09-07 13:13:51,15,6506
-1,random-32-32-20.map,random-32-32-20-random-1.scen,18,12400F,CBSDepthProbAvoid,ASTAR-whoenig,1,NULL,NULL,431,0.037717,NULL,https://github.com/ssfc/libMultiRobotPlanning-isolated,2025-09-07 13:13:51,15,6514
-1,random-32-32-20.map,random-32-32-20-random-1.scen,19,12400F,CBSDepthProbAvoid,ASTAR-whoenig,1,NULL,NULL,445,0.037569,NULL,https://github.com/ssfc/libMultiRobotPlanning-isolated,2025-09-07 13:13:51,15,6532
-1,random-32-32-20.map,random-32-32-20-random-1.scen,20,12400F,CBSDepthProbAvoid,ASTAR-whoenig,1,NULL,NULL,455,0.038014,NULL,https://github.com/ssfc/libMultiRobotPlanning-isolated,2025-09-07 13:13:51,15,6541
-1,random-32-32-20.map,random-32-32-20-random-1.scen,21,12400F,CBSDepthProbAvoid,ASTAR-whoenig,1,NULL,NULL,488,0.039474,NULL,https://github.com/ssfc/libMultiRobotPlanning-isolated,2025-09-07 13:13:51,15,6607
-1,random-32-32-20.map,random-32-32-20-random-1.scen,22,12400F,CBSDepthProbAvoid,ASTAR-whoenig,1,NULL,NULL,500,0.038584,NULL,https://github.com/ssfc/libMultiRobotPlanning-isolated,2025-09-07 13:13:51,18,6446
-1,random-32-32-20.map,random-32-32-20-random-1.scen,23,12400F,CBSDepthProbAvoid,ASTAR-whoenig,1,NULL,NULL,514,0.035576,NULL,https://github.com/ssfc/libMultiRobotPlanning-isolated,2025-09-07 13:13:51,18,5846
-1,random-32-32-20.map,random-32-32-20-random-1.scen,24,12400F,CBSDepthProbAvoid,ASTAR-whoenig,1,NULL,NULL,565,0.045076,NULL,https://github.com/ssfc/libMultiRobotPlanning-isolated,2025-09-07 13:13:51,21,7049
-1,random-32-32-20.map,random-32-32-20-random-1.scen,25,12400F,CBSDepthProbAvoid,ASTAR-whoenig,1,NULL,NULL,581,0.044563,NULL,https://github.com/ssfc/libMultiRobotPlanning-isolated,2025-09-07 13:13:51,21,7116
-1,random-32-32-20.map,random-32-32-20-random-1.scen,26,12400F,CBSDepthProbAvoid,ASTAR-whoenig,1,NULL,NULL,616,0.046519,NULL,https://github.com/ssfc/libMultiRobotPlanning-isolated,2025-09-07 13:13:51,21,7387
-1,random-32-32-20.map,random-32-32-20-random-1.scen,27,12400F,CBSDepthProbAvoid,ASTAR-whoenig,1,NULL,NULL,649,0.060557,NULL,https://github.com/ssfc/libMultiRobotPlanning-isolated,2025-09-07 13:13:51,24,9660
-1,random-32-32-20.map,random-32-32-20-random-1.scen,28,12400F,CBSDepthProbAvoid,ASTAR-whoenig,1,NULL,NULL,657,0.061611,NULL,https://github.com/ssfc/libMultiRobotPlanning-isolated,2025-09-07 13:13:51,24,9667
-1,random-32-32-20.map,random-32-32-20-random-1.scen,29,12400F,CBSDepthProbAvoid,ASTAR-whoenig,1,NULL,NULL,665,0.062915,NULL,https://github.com/ssfc/libMultiRobotPlanning-isolated,2025-09-07 13:13:51,24,9677
-1,random-32-32-20.map,random-32-32-20-random-1.scen,30,12400F,CBSDepthProbAvoid,ASTAR-whoenig,1,NULL,NULL,694,0.046664,NULL,https://github.com/ssfc/libMultiRobotPlanning-isolated,2025-09-07 13:13:51,22,6922
-1,random-32-32-20.map,random-32-32-20-random-1.scen,31,12400F,CBSDepthProbAvoid,ASTAR-whoenig,1,NULL,NULL,721,0.059128,NULL,https://github.com/ssfc/libMultiRobotPlanning-isolated,2025-09-07 13:13:52,29,8871
-1,random-32-32-20.map,random-32-32-20-random-1.scen,32,12400F,CBSDepthProbAvoid,ASTAR-whoenig,1,NULL,NULL,743,0.059926,NULL,https://github.com/ssfc/libMultiRobotPlanning-isolated,2025-09-07 13:13:52,29,8892
-1,random-32-32-20.map,random-32-32-20-random-1.scen,33,12400F,CBSDepthProbAvoid,ASTAR-whoenig,1,NULL,NULL,753,0.061036,NULL,https://github.com/ssfc/libMultiRobotPlanning-isolated,2025-09-07 13:13:52,29,8901
-1,random-32-32-20.map,random-32-32-20-random-1.scen,34,12400F,CBSDepthProbAvoid,ASTAR-whoenig,1,NULL,NULL,786,0.101758,NULL,https://github.com/ssfc/libMultiRobotPlanning-isolated,2025-09-07 13:13:52,47,14624
-1,random-32-32-20.map,random-32-32-20-random-1.scen,35,12400F,CBSDepthProbAvoid,ASTAR-whoenig,1,NULL,NULL,814,0.102938,NULL,https://github.com/ssfc/libMultiRobotPlanning-isolated,2025-09-07 13:13:52,47,14651
-1,random-32-32-20.map,random-32-32-20-random-1.scen,36,12400F,CBSDepthProbAvoid,ASTAR-whoenig,1,NULL,NULL,854,0.11427,NULL,https://github.com/ssfc/libMultiRobotPlanning-isolated,2025-09-07 13:13:52,48,17292
-1,random-32-32-20.map,random-32-32-20-random-1.scen,37,12400F,CBSDepthProbAvoid,ASTAR-whoenig,1,NULL,NULL,862,0.117613,NULL,https://github.com/ssfc/libMultiRobotPlanning-isolated,2025-09-07 13:13:52,48,17299
-1,random-32-32-20.map,random-32-32-20-random-1.scen,38,12400F,CBSDepthProbAvoid,ASTAR-whoenig,1,NULL,NULL,878,0.137254,NULL,https://github.com/ssfc/libMultiRobotPlanning-isolated,2025-09-07 13:13:52,56,19247
-1,random-32-32-20.map,random-32-32-20-random-1.scen,39,12400F,CBSDepthProbAvoid,ASTAR-whoenig,1,NULL,NULL,913,0.217266,NULL,https://github.com/ssfc/libMultiRobotPlanning-isolated,2025-09-07 13:13:52,88,31242
-1,random-32-32-20.map,random-32-32-20-random-1.scen,40,12400F,CBSDepthProbAvoid,ASTAR-whoenig,1,NULL,NULL,941,0.246364,NULL,https://github.com/ssfc/libMultiRobotPlanning-isolated,2025-09-07 13:13:53,113,34295
-1,random-32-32-20.map,random-32-32-20-random-1.scen,41,12400F,CBSDepthProbAvoid,ASTAR-whoenig,1,NULL,NULL,961,0.250313,NULL,https://github.com/ssfc/libMultiRobotPlanning-isolated,2025-09-07 13:13:53,113,34328
-1,random-32-32-20.map,random-32-32-20-random-1.scen,42,12400F,CBSDepthProbAvoid,ASTAR-whoenig,1,NULL,NULL,973,0.252885,NULL,https://github.com/ssfc/libMultiRobotPlanning-isolated,2025-09-07 13:13:53,113,34346
-1,random-32-32-20.map,random-32-32-20-random-1.scen,43,12400F,CBSDepthProbAvoid,ASTAR-whoenig,1,NULL,NULL,1016,0.293152,NULL,https://github.com/ssfc/libMultiRobotPlanning-isolated,2025-09-07 13:13:54,120,39164
-1,random-32-32-20.map,random-32-32-20-random-1.scen,44,12400F,CBSDepthProbAvoid,ASTAR-whoenig,1,NULL,NULL,1051,0.226587,NULL,https://github.com/ssfc/libMultiRobotPlanning-isolated,2025-09-07 13:13:54,100,28472
-1,random-32-32-20.map,random-32-32-20-random-1.scen,45,12400F,CBSDepthProbAvoid,ASTAR-whoenig,1,NULL,NULL,1089,0.230551,NULL,https://github.com/ssfc/libMultiRobotPlanning-isolated,2025-09-07 13:13:54,100,28560
-1,random-32-32-20.map,random-32-32-20-random-1.scen,46,12400F,CBSDepthProbAvoid,ASTAR-whoenig,1,NULL,NULL,1126,0.275672,NULL,https://github.com/ssfc/libMultiRobotPlanning-isolated,2025-09-07 13:13:54,113,34095
-1,random-32-32-20.map,random-32-32-20-random-1.scen,47,12400F,CBSDepthProbAvoid,ASTAR-whoenig,1,NULL,NULL,1158,0.256835,NULL,https://github.com/ssfc/libMultiRobotPlanning-isolated,2025-09-07 13:13:55,86,31612
-1,random-32-32-20.map,random-32-32-20-random-1.scen,48,12400F,CBSDepthProbAvoid,ASTAR-whoenig,1,NULL,NULL,1176,0.272132,NULL,https://github.com/ssfc/libMultiRobotPlanning-isolated,2025-09-07 13:13:55,96,33921
-1,random-32-32-20.map,random-32-32-20-random-1.scen,49,12400F,CBSDepthProbAvoid,ASTAR-whoenig,1,NULL,NULL,1193,0.327196,NULL,https://github.com/ssfc/libMultiRobotPlanning-isolated,2025-09-07 13:13:55,102,41988
-1,random-32-32-20.map,random-32-32-20-random-1.scen,50,12400F,CBSDepthProbAvoid,ASTAR-whoenig,1,NULL,NULL,1268,0.803547,NULL,https://github.com/ssfc/libMultiRobotPlanning-isolated,2025-09-07 13:13:56,277,106693
-1,random-32-32-20.map,random-32-32-20-random-1.scen,51,12400F,CBSDepthProbAvoid,ASTAR-whoenig,1,NULL,NULL,1300,0.676873,NULL,https://github.com/ssfc/libMultiRobotPlanning-isolated,2025-09-07 13:13:57,258,77738
-1,random-32-32-20.map,random-32-32-20-random-1.scen,52,12400F,CBSDepthProbAvoid,ASTAR-whoenig,1,NULL,NULL,1318,0.687787,NULL,https://github.com/ssfc/libMultiRobotPlanning-isolated,2025-09-07 13:13:57,258,77755
-1,random-32-32-20.map,random-32-32-20-random-1.scen,53,12400F,CBSDepthProbAvoid,ASTAR-whoenig,1,NULL,NULL,1307,0.4365,NULL,https://github.com/ssfc/libMultiRobotPlanning-isolated,2025-09-07 13:13:58,164,50203
-1,random-32-32-20.map,random-32-32-20-random-1.scen,54,12400F,CBSDepthProbAvoid,ASTAR-whoenig,1,NULL,NULL,1381,1.4091,NULL,https://github.com/ssfc/libMultiRobotPlanning-isolated,2025-09-07 13:13:59,352,170999
-1,random-32-32-20.map,random-32-32-20-random-1.scen,55,12400F,CBSDepthProbAvoid,ASTAR-whoenig,1,NULL,NULL,1408,0.886156,NULL,https://github.com/ssfc/libMultiRobotPlanning-isolated,2025-09-07 13:14:00,293,102934
-1,random-32-32-20.map,random-32-32-20-random-1.scen,56,12400F,CBSDepthProbAvoid,ASTAR-whoenig,1,NULL,NULL,1470,1.54324,NULL,https://github.com/ssfc/libMultiRobotPlanning-isolated,2025-09-07 13:14:02,427,182770
-1,random-32-32-20.map,random-32-32-20-random-1.scen,57,12400F,CBSDepthProbAvoid,ASTAR-whoenig,1,NULL,NULL,1490,0.934991,NULL,https://github.com/ssfc/libMultiRobotPlanning-isolated,2025-09-07 13:14:03,311,95760
-1,random-32-32-20.map,random-32-32-20-random-1.scen,58,12400F,CBSDepthProbAvoid,ASTAR-whoenig,1,NULL,NULL,1668,5.39409,NULL,https://github.com/ssfc/libMultiRobotPlanning-isolated,2025-09-07 13:14:08,1104,715212
-1,random-32-32-20.map,random-32-32-20-random-1.scen,59,12400F,CBSDepthProbAvoid,ASTAR-whoenig,1,NULL,NULL,1619,3.08365,NULL,https://github.com/ssfc/libMultiRobotPlanning-isolated,2025-09-07 13:14:11,899,369346
-1,random-32-32-20.map,random-32-32-20-random-1.scen,60,12400F,CBSDepthProbAvoid,ASTAR-whoenig,1,NULL,NULL,1762,7.75235,NULL,https://github.com/ssfc/libMultiRobotPlanning-isolated,2025-09-07 13:14:19,1640,1002532
-1,random-32-32-20.map,random-32-32-20-random-1.scen,61,12400F,CBSDepthProbAvoid,ASTAR-whoenig,1,NULL,NULL,1667,2.88677,NULL,https://github.com/ssfc/libMultiRobotPlanning-isolated,2025-09-07 13:14:22,805,317996
-1,random-32-32-20.map,random-32-32-20-random-1.scen,62,12400F,CBSDepthProbAvoid,ASTAR-whoenig,1,NULL,NULL,1681,1.74995,NULL,https://github.com/ssfc/libMultiRobotPlanning-isolated,2025-09-07 13:14:24,452,184899
-1,random-32-32-20.map,random-32-32-20-random-1.scen,63,12400F,CBSDepthProbAvoid,ASTAR-whoenig,1,NULL,NULL,1680,1.41399,NULL,https://github.com/ssfc/libMultiRobotPlanning-isolated,2025-09-07 13:14:25,381,140513
-1,random-32-32-20.map,random-32-32-20-random-1.scen,64,12400F,CBSDepthProbAvoid,ASTAR-whoenig,1,NULL,NULL,1720,2.19628,NULL,https://github.com/ssfc/libMultiRobotPlanning-isolated,2025-09-07 13:14:27,500,224880
-1,random-32-32-20.map,random-32-32-20-random-1.scen,65,12400F,CBSDepthProbAvoid,ASTAR-whoenig,1,NULL,NULL,1755,2.22823,NULL,https://github.com/ssfc/libMultiRobotPlanning-isolated,2025-09-07 13:14:29,556,212567
-1,random-32-32-20.map,random-32-32-20-random-1.scen,66,12400F,CBSDepthProbAvoid,ASTAR-whoenig,1,NULL,NULL,1793,2.11753,NULL,https://github.com/ssfc/libMultiRobotPlanning-isolated,2025-09-07 13:14:32,530,200575
-1,random-32-32-20.map,random-32-32-20-random-1.scen,67,12400F,CBSDepthProbAvoid,ASTAR-whoenig,1,NULL,NULL,1816,2.14669,NULL,https://github.com/ssfc/libMultiRobotPlanning-isolated,2025-09-07 13:14:34,530,200597
-1,random-32-32-20.map,random-32-32-20-random-1.scen,68,12400F,CBSDepthProbAvoid,ASTAR-whoenig,1,NULL,NULL,1832,4.68767,NULL,https://github.com/ssfc/libMultiRobotPlanning-isolated,2025-09-07 13:14:38,1180,457445
-1,random-32-32-20.map,random-32-32-20-random-1.scen,69,12400F,CBSDepthProbAvoid,ASTAR-whoenig,1,NULL,NULL,1844,4.77685,NULL,https://github.com/ssfc/libMultiRobotPlanning-isolated,2025-09-07 13:14:43,1180,457464
-1,random-32-32-20.map,random-32-32-20-random-1.scen,70,12400F,CBSDepthProbAvoid,ASTAR-whoenig,1,NULL,NULL,1984,5.15307,NULL,https://github.com/ssfc/libMultiRobotPlanning-isolated,2025-09-07 13:14:48,930,537827
-1,random-32-32-20.map,random-32-32-20-random-1.scen,71,12400F,CBSDepthProbAvoid,ASTAR-whoenig,1,NULL,NULL,2118,11.4421,NULL,https://github.com/ssfc/libMultiRobotPlanning-isolated,2025-09-07 13:15:00,1836,1322310
-1,random-32-32-20.map,random-32-32-20-random-1.scen,72,12400F,CBSDepthProbAvoid,ASTAR-whoenig,1,NULL,NULL,2072,28.0586,NULL,https://github.com/ssfc/libMultiRobotPlanning-isolated,2025-09-07 13:15:28,4851,3068982
-1,random-32-32-20.map,random-32-32-20-random-1.scen,73,12400F,CBSDepthProbAvoid,ASTAR-whoenig,1,NULL,NULL,2090,28.3839,NULL,https://github.com/ssfc/libMultiRobotPlanning-isolated,2025-09-07 13:15:57,4851,3069004
-1,random-32-32-20.map,random-32-32-20-random-1.scen,74,12400F,CBSDepthProbAvoid,ASTAR-whoenig,1,NULL,NULL,1996,12.3568,NULL,https://github.com/ssfc/libMultiRobotPlanning-isolated,2025-09-07 13:16:09,2811,1227059
-1,random-32-32-20.map,random-32-32-20-random-1.scen,75,12400F,CBSDepthProbAvoid,ASTAR-whoenig,1,NULL,NULL,2435,63.4438,NULL,https://github.com/ssfc/libMultiRobotPlanning-isolated,2025-09-07 13:17:13,7122,7429345
-1,random-32-32-20.map,random-32-32-20-random-1.scen,76,12400F,CBSDepthProbAvoid,ASTAR-whoenig,1,NULL,NULL,2189,209.102,NULL,https://github.com/ssfc/libMultiRobotPlanning-isolated,2025-09-07 13:20:42,12567,26367025
-1,random-32-32-20.map,random-32-32-20-random-1.scen,77,12400F,CBSDepthProbAvoid,ASTAR-whoenig,1,NULL,NULL,2357,186.316,NULL,https://github.com/ssfc/libMultiRobotPlanning-isolated,2025-09-07 13:23:51,13491,22007175
-1,random-32-32-20.map,random-32-32-20-random-1.scen,78,12400F,CBSDepthProbAvoid,ASTAR-whoenig,1,NULL,NULL,2090,26.8982,NULL,https://github.com/ssfc/libMultiRobotPlanning-isolated,2025-09-07 13:24:20,3666,2837532
-1,random-32-32-20.map,random-32-32-20-random-1.scen,79,12400F,CBSDepthProbAvoid,ASTAR-whoenig,1,NULL,NULL,2451,95.0105,NULL,https://github.com/ssfc/libMultiRobotPlanning-isolated,2025-09-07 13:25:55,11679,10296349
-1,random-32-32-20.map,random-32-32-20-random-1.scen,80,12400F,CBSDepthProbAvoid,ASTAR-whoenig,1,NULL,NULL,2453,86.9718,NULL,https://github.com/ssfc/libMultiRobotPlanning-isolated,2025-09-07 13:27:23,12266,9114921
-1,random-32-32-20.map,random-32-32-20-random-1.scen,81,12400F,CBSDepthProbAvoid,ASTAR-whoenig,1,NULL,NULL,2350,53.9925,NULL,https://github.com/ssfc/libMultiRobotPlanning-isolated,2025-09-07 13:28:17,7099,5544279
-1,random-32-32-20.map,random-32-32-20-random-1.scen,82,12400F,CBSDepthProbAvoid,ASTAR-whoenig,1,NULL,NULL,2321,111.799,NULL,https://github.com/ssfc/libMultiRobotPlanning-isolated,2025-09-07 13:30:10,11122,12103599
-1,random-32-32-20.map,random-32-32-20-random-1.scen,83,12400F,CBSDepthProbAvoid,ASTAR-whoenig,1,NULL,NULL,2469,167.977,NULL,https://github.com/ssfc/libMultiRobotPlanning-isolated,2025-09-07 13:32:59,20181,17504457
-1,random-32-32-20.map,random-32-32-20-random-1.scen,84,12400F,CBSDepthProbAvoid,ASTAR-whoenig,1,NULL,NULL,2512,464.823,NULL,https://github.com/ssfc/libMultiRobotPlanning-isolated,2025-09-07 13:40:45,37247,49390528
-1,random-32-32-20.map,random-32-32-20-random-1.scen,85,12400F,CBSDepthProbAvoid,ASTAR-whoenig,1,NULL,NULL,2376,213.13,NULL,https://github.com/ssfc/libMultiRobotPlanning-isolated,2025-09-07 13:44:23,25204,20977696
-1,random-32-32-20.map,random-32-32-20-random-1.scen,86,12400F,CBSDepthProbAvoid,ASTAR-whoenig,1,NULL,NULL,2584,500.763,NULL,https://github.com/ssfc/libMultiRobotPlanning-isolated,2025-09-07 13:52:46,55762,49560208
-1,random-32-32-20.map,random-32-32-20-random-1.scen,87,12400F,CBSDepthProbAvoid,ASTAR-whoenig,1,NULL,NULL,INF,1800.07,NULL,https://github.com/ssfc/libMultiRobotPlanning-isolated,2025-09-07 14:22:51,169171,176669993
-1,random-32-32-20.map,random-32-32-20-random-1.scen,88,12400F,CBSDepthProbAvoid,ASTAR-whoenig,1,NULL,NULL,2469,604.523,NULL,https://github.com/ssfc/libMultiRobotPlanning-isolated,2025-09-07 14:33:16,69320,56296932
-1,random-32-32-20.map,random-32-32-20-random-1.scen,89,12400F,CBSDepthProbAvoid,ASTAR-whoenig,1,NULL,NULL,INF,1800.03,NULL,https://github.com/ssfc/libMultiRobotPlanning-isolated,2025-09-07 15:03:23,188911,167625396
-1,random-32-32-20.map,random-32-32-20-random-1.scen,90,12400F,CBSDepthProbAvoid,ASTAR-whoenig,1,NULL,NULL,INF,1800.04,NULL,https://github.com/ssfc/libMultiRobotPlanning-isolated,2025-09-07 15:33:43,187681,165151047
-1,random-32-32-20.map,random-32-32-20-random-1.scen,91,12400F,CBSDepthProbAvoid,ASTAR-whoenig,1,NULL,NULL,INF,1800.08,NULL,https://github.com/ssfc/libMultiRobotPlanning-isolated,2025-09-07 16:04:04,183601,163574349
-1,random-32-32-20.map,random-32-32-20-random-1.scen,92,12400F,CBSDepthProbAvoid,ASTAR-whoenig,1,NULL,NULL,INF,1800.15,NULL,https://github.com/ssfc/libMultiRobotPlanning-isolated,2025-09-07 16:34:24,234261,153174360
-1,random-32-32-20.map,random-32-32-20-random-1.scen,93,12400F,CBSDepthProbAvoid,ASTAR-whoenig,1,NULL,NULL,INF,1800.07,NULL,https://github.com/ssfc/libMultiRobotPlanning-isolated,2025-09-07 17:04:43,222771,151730296
-1,random-32-32-20.map,random-32-32-20-random-1.scen,94,12400F,CBSDepthProbAvoid,ASTAR-whoenig,1,NULL,NULL,INF,1800.08,NULL,https://github.com/ssfc/libMultiRobotPlanning-isolated,2025-09-07 17:35:02,203471,151102300
-1,random-32-32-20.map,random-32-32-20-random-1.scen,95,12400F,CBSDepthProbAvoid,ASTAR-whoenig,1,NULL,NULL,INF,1800.02,NULL,https://github.com/ssfc/libMultiRobotPlanning-isolated,2025-09-07 18:05:23,202791,147855727
-1,random-32-32-20.map,random-32-32-20-random-1.scen,1,12400F,CBSDepthGoalDistancePriority,ASTAR-whoenig,1,NULL,NULL,38,0.001413,NULL,https://github.com/ssfc/libMultiRobotPlanning-isolated,2025-09-07 18:55:24,1,168
-1,random-32-32-20.map,random-32-32-20-random-1.scen,2,12400F,CBSDepthGoalDistancePriority,ASTAR-whoenig,1,NULL,NULL,52,0.006794,NULL,https://github.com/ssfc/libMultiRobotPlanning-isolated,2025-09-07 18:55:24,1,210
-1,random-32-32-20.map,random-32-32-20-random-1.scen,3,12400F,CBSDepthGoalDistancePriority,ASTAR-whoenig,1,NULL,NULL,83,0.003022,NULL,https://github.com/ssfc/libMultiRobotPlanning-isolated,2025-09-07 18:55:24,1,518
-1,random-32-32-20.map,random-32-32-20-random-1.scen,4,12400F,CBSDepthGoalDistancePriority,ASTAR-whoenig,1,NULL,NULL,105,0.006168,NULL,https://github.com/ssfc/libMultiRobotPlanning-isolated,2025-09-07 18:55:24,1,579
-1,random-32-32-20.map,random-32-32-20-random-1.scen,5,12400F,CBSDepthGoalDistancePriority,ASTAR-whoenig,1,NULL,NULL,138,0.008548,NULL,https://github.com/ssfc/libMultiRobotPlanning-isolated,2025-09-07 18:55:24,1,692
-1,random-32-32-20.map,random-32-32-20-random-1.scen,6,12400F,CBSDepthGoalDistancePriority,ASTAR-whoenig,1,NULL,NULL,164,0.009545,NULL,https://github.com/ssfc/libMultiRobotPlanning-isolated,2025-09-07 18:55:24,1,779
-1,random-32-32-20.map,random-32-32-20-random-1.scen,7,12400F,CBSDepthGoalDistancePriority,ASTAR-whoenig,1,NULL,NULL,181,0.008169,NULL,https://github.com/ssfc/libMultiRobotPlanning-isolated,2025-09-07 18:55:24,1,814
-1,random-32-32-20.map,random-32-32-20-random-1.scen,8,12400F,CBSDepthGoalDistancePriority,ASTAR-whoenig,1,NULL,NULL,193,0.007297,NULL,https://github.com/ssfc/libMultiRobotPlanning-isolated,2025-09-07 18:55:24,2,881
-1,random-32-32-20.map,random-32-32-20-random-1.scen,9,12400F,CBSDepthGoalDistancePriority,ASTAR-whoenig,1,NULL,NULL,199,0.009797,NULL,https://github.com/ssfc/libMultiRobotPlanning-isolated,2025-09-07 18:55:24,2,886
-1,random-32-32-20.map,random-32-32-20-random-1.scen,10,12400F,CBSDepthGoalDistancePriority,ASTAR-whoenig,1,NULL,NULL,216,0.007383,NULL,https://github.com/ssfc/libMultiRobotPlanning-isolated,2025-09-07 18:55:24,2,903
-1,random-32-32-20.map,random-32-32-20-random-1.scen,11,12400F,CBSDepthGoalDistancePriority,ASTAR-whoenig,1,NULL,NULL,240,0.008995,NULL,https://github.com/ssfc/libMultiRobotPlanning-isolated,2025-09-07 18:55:24,3,1118
-1,random-32-32-20.map,random-32-32-20-random-1.scen,12,12400F,CBSDepthGoalDistancePriority,ASTAR-whoenig,1,NULL,NULL,265,0.01086,NULL,https://github.com/ssfc/libMultiRobotPlanning-isolated,2025-09-07 18:55:24,3,1158
-1,random-32-32-20.map,random-32-32-20-random-1.scen,13,12400F,CBSDepthGoalDistancePriority,ASTAR-whoenig,1,NULL,NULL,279,0.016384,NULL,https://github.com/ssfc/libMultiRobotPlanning-isolated,2025-09-07 18:55:24,7,2046
-1,random-32-32-20.map,random-32-32-20-random-1.scen,14,12400F,CBSDepthGoalDistancePriority,ASTAR-whoenig,1,NULL,NULL,329,0.014528,NULL,https://github.com/ssfc/libMultiRobotPlanning-isolated,2025-09-07 18:55:24,8,2372
-1,random-32-32-20.map,random-32-32-20-random-1.scen,15,12400F,CBSDepthGoalDistancePriority,ASTAR-whoenig,1,NULL,NULL,354,0.015845,NULL,https://github.com/ssfc/libMultiRobotPlanning-isolated,2025-09-07 18:55:24,8,2418
-1,random-32-32-20.map,random-32-32-20-random-1.scen,16,12400F,CBSDepthGoalDistancePriority,ASTAR-whoenig,1,NULL,NULL,394,0.020315,NULL,https://github.com/ssfc/libMultiRobotPlanning-isolated,2025-09-07 18:55:24,9,3218
-1,random-32-32-20.map,random-32-32-20-random-1.scen,17,12400F,CBSDepthGoalDistancePriority,ASTAR-whoenig,1,NULL,NULL,414,0.020003,NULL,https://github.com/ssfc/libMultiRobotPlanning-isolated,2025-09-07 18:55:24,9,3238
-1,random-32-32-20.map,random-32-32-20-random-1.scen,18,12400F,CBSDepthGoalDistancePriority,ASTAR-whoenig,1,NULL,NULL,423,0.021311,NULL,https://github.com/ssfc/libMultiRobotPlanning-isolated,2025-09-07 18:55:24,9,3246
-1,random-32-32-20.map,random-32-32-20-random-1.scen,19,12400F,CBSDepthGoalDistancePriority,ASTAR-whoenig,1,NULL,NULL,437,0.020555,NULL,https://github.com/ssfc/libMultiRobotPlanning-isolated,2025-09-07 18:55:24,9,3264
-1,random-32-32-20.map,random-32-32-20-random-1.scen,20,12400F,CBSDepthGoalDistancePriority,ASTAR-whoenig,1,NULL,NULL,447,0.019856,NULL,https://github.com/ssfc/libMultiRobotPlanning-isolated,2025-09-07 18:55:24,9,3273
-1,random-32-32-20.map,random-32-32-20-random-1.scen,21,12400F,CBSDepthGoalDistancePriority,ASTAR-whoenig,1,NULL,NULL,480,0.020413,NULL,https://github.com/ssfc/libMultiRobotPlanning-isolated,2025-09-07 18:55:24,9,3339
-1,random-32-32-20.map,random-32-32-20-random-1.scen,22,12400F,CBSDepthGoalDistancePriority,ASTAR-whoenig,1,NULL,NULL,492,0.023431,NULL,https://github.com/ssfc/libMultiRobotPlanning-isolated,2025-09-07 18:55:24,13,3624
-1,random-32-32-20.map,random-32-32-20-random-1.scen,23,12400F,CBSDepthGoalDistancePriority,ASTAR-whoenig,1,NULL,NULL,508,0.022623,NULL,https://github.com/ssfc/libMultiRobotPlanning-isolated,2025-09-07 18:55:24,14,3527
-1,random-32-32-20.map,random-32-32-20-random-1.scen,24,12400F,CBSDepthGoalDistancePriority,ASTAR-whoenig,1,NULL,NULL,557,0.024872,NULL,https://github.com/ssfc/libMultiRobotPlanning-isolated,2025-09-07 18:55:24,15,3773
-1,random-32-32-20.map,random-32-32-20-random-1.scen,25,12400F,CBSDepthGoalDistancePriority,ASTAR-whoenig,1,NULL,NULL,573,0.02569,NULL,https://github.com/ssfc/libMultiRobotPlanning-isolated,2025-09-07 18:55:24,15,3840
-1,random-32-32-20.map,random-32-32-20-random-1.scen,26,12400F,CBSDepthGoalDistancePriority,ASTAR-whoenig,1,NULL,NULL,608,0.02708,NULL,https://github.com/ssfc/libMultiRobotPlanning-isolated,2025-09-07 18:55:24,15,4111
-1,random-32-32-20.map,random-32-32-20-random-1.scen,27,12400F,CBSDepthGoalDistancePriority,ASTAR-whoenig,1,NULL,NULL,643,0.04767,NULL,https://github.com/ssfc/libMultiRobotPlanning-isolated,2025-09-07 18:55:25,20,7363
-1,random-32-32-20.map,random-32-32-20-random-1.scen,28,12400F,CBSDepthGoalDistancePriority,ASTAR-whoenig,1,NULL,NULL,651,0.047317,NULL,https://github.com/ssfc/libMultiRobotPlanning-isolated,2025-09-07 18:55:25,20,7370
-1,random-32-32-20.map,random-32-32-20-random-1.scen,29,12400F,CBSDepthGoalDistancePriority,ASTAR-whoenig,1,NULL,NULL,659,0.047281,NULL,https://github.com/ssfc/libMultiRobotPlanning-isolated,2025-09-07 18:55:25,20,7380
-1,random-32-32-20.map,random-32-32-20-random-1.scen,30,12400F,CBSDepthGoalDistancePriority,ASTAR-whoenig,1,NULL,NULL,695,0.086634,NULL,https://github.com/ssfc/libMultiRobotPlanning-isolated,2025-09-07 18:55:25,33,13710
-1,random-32-32-20.map,random-32-32-20-random-1.scen,31,12400F,CBSDepthGoalDistancePriority,ASTAR-whoenig,1,NULL,NULL,719,0.093651,NULL,https://github.com/ssfc/libMultiRobotPlanning-isolated,2025-09-07 18:55:25,36,14875
-1,random-32-32-20.map,random-32-32-20-random-1.scen,32,12400F,CBSDepthGoalDistancePriority,ASTAR-whoenig,1,NULL,NULL,741,0.09494,NULL,https://github.com/ssfc/libMultiRobotPlanning-isolated,2025-09-07 18:55:25,36,14896
-1,random-32-32-20.map,random-32-32-20-random-1.scen,33,12400F,CBSDepthGoalDistancePriority,ASTAR-whoenig,1,NULL,NULL,751,0.096689,NULL,https://github.com/ssfc/libMultiRobotPlanning-isolated,2025-09-07 18:55:25,36,14905
-1,random-32-32-20.map,random-32-32-20-random-1.scen,34,12400F,CBSDepthGoalDistancePriority,ASTAR-whoenig,1,NULL,NULL,779,0.09721,NULL,https://github.com/ssfc/libMultiRobotPlanning-isolated,2025-09-07 18:55:25,36,14932
-1,random-32-32-20.map,random-32-32-20-random-1.scen,35,12400F,CBSDepthGoalDistancePriority,ASTAR-whoenig,1,NULL,NULL,807,0.098633,NULL,https://github.com/ssfc/libMultiRobotPlanning-isolated,2025-09-07 18:55:25,36,14959
-1,random-32-32-20.map,random-32-32-20-random-1.scen,36,12400F,CBSDepthGoalDistancePriority,ASTAR-whoenig,1,NULL,NULL,849,0.114736,NULL,https://github.com/ssfc/libMultiRobotPlanning-isolated,2025-09-07 18:55:25,39,17469
-1,random-32-32-20.map,random-32-32-20-random-1.scen,37,12400F,CBSDepthGoalDistancePriority,ASTAR-whoenig,1,NULL,NULL,857,0.1174,NULL,https://github.com/ssfc/libMultiRobotPlanning-isolated,2025-09-07 18:55:25,39,17476
-1,random-32-32-20.map,random-32-32-20-random-1.scen,38,12400F,CBSDepthGoalDistancePriority,ASTAR-whoenig,1,NULL,NULL,868,0.119869,NULL,https://github.com/ssfc/libMultiRobotPlanning-isolated,2025-09-07 18:55:26,40,17535
-1,random-32-32-20.map,random-32-32-20-random-1.scen,39,12400F,CBSDepthGoalDistancePriority,ASTAR-whoenig,1,NULL,NULL,887,0.126087,NULL,https://github.com/ssfc/libMultiRobotPlanning-isolated,2025-09-07 18:55:26,47,18181
-1,random-32-32-20.map,random-32-32-20-random-1.scen,40,12400F,CBSDepthGoalDistancePriority,ASTAR-whoenig,1,NULL,NULL,917,0.147485,NULL,https://github.com/ssfc/libMultiRobotPlanning-isolated,2025-09-07 18:55:26,52,21428
-1,random-32-32-20.map,random-32-32-20-random-1.scen,41,12400F,CBSDepthGoalDistancePriority,ASTAR-whoenig,1,NULL,NULL,937,0.150786,NULL,https://github.com/ssfc/libMultiRobotPlanning-isolated,2025-09-07 18:55:26,52,21461
-1,random-32-32-20.map,random-32-32-20-random-1.scen,42,12400F,CBSDepthGoalDistancePriority,ASTAR-whoenig,1,NULL,NULL,949,0.151993,NULL,https://github.com/ssfc/libMultiRobotPlanning-isolated,2025-09-07 18:55:26,52,21479
-1,random-32-32-20.map,random-32-32-20-random-1.scen,43,12400F,CBSDepthGoalDistancePriority,ASTAR-whoenig,1,NULL,NULL,990,0.159718,NULL,https://github.com/ssfc/libMultiRobotPlanning-isolated,2025-09-07 18:55:26,54,22056
-1,random-32-32-20.map,random-32-32-20-random-1.scen,44,12400F,CBSDepthGoalDistancePriority,ASTAR-whoenig,1,NULL,NULL,1031,0.173904,NULL,https://github.com/ssfc/libMultiRobotPlanning-isolated,2025-09-07 18:55:26,57,23530
-1,random-32-32-20.map,random-32-32-20-random-1.scen,45,12400F,CBSDepthGoalDistancePriority,ASTAR-whoenig,1,NULL,NULL,1069,0.175994,NULL,https://github.com/ssfc/libMultiRobotPlanning-isolated,2025-09-07 18:55:27,57,23618
-1,random-32-32-20.map,random-32-32-20-random-1.scen,46,12400F,CBSDepthGoalDistancePriority,ASTAR-whoenig,1,NULL,NULL,1103,0.190522,NULL,https://github.com/ssfc/libMultiRobotPlanning-isolated,2025-09-07 18:55:27,60,25147
-1,random-32-32-20.map,random-32-32-20-random-1.scen,47,12400F,CBSDepthGoalDistancePriority,ASTAR-whoenig,1,NULL,NULL,1134,0.197042,NULL,https://github.com/ssfc/libMultiRobotPlanning-isolated,2025-09-07 18:55:27,61,25554
-1,random-32-32-20.map,random-32-32-20-random-1.scen,48,12400F,CBSDepthGoalDistancePriority,ASTAR-whoenig,1,NULL,NULL,1161,0.207277,NULL,https://github.com/ssfc/libMultiRobotPlanning-isolated,2025-09-07 18:55:27,72,25628
-1,random-32-32-20.map,random-32-32-20-random-1.scen,49,12400F,CBSDepthGoalDistancePriority,ASTAR-whoenig,1,NULL,NULL,1177,0.210579,NULL,https://github.com/ssfc/libMultiRobotPlanning-isolated,2025-09-07 18:55:27,73,25887
-1,random-32-32-20.map,random-32-32-20-random-1.scen,50,12400F,CBSDepthGoalDistancePriority,ASTAR-whoenig,1,NULL,NULL,1210,0.2677,NULL,https://github.com/ssfc/libMultiRobotPlanning-isolated,2025-09-07 18:55:28,89,32732
-1,random-32-32-20.map,random-32-32-20-random-1.scen,51,12400F,CBSDepthGoalDistancePriority,ASTAR-whoenig,1,NULL,NULL,1247,0.308129,NULL,https://github.com/ssfc/libMultiRobotPlanning-isolated,2025-09-07 18:55:28,99,35926
-1,random-32-32-20.map,random-32-32-20-random-1.scen,52,12400F,CBSDepthGoalDistancePriority,ASTAR-whoenig,1,NULL,NULL,1265,0.312722,NULL,https://github.com/ssfc/libMultiRobotPlanning-isolated,2025-09-07 18:55:28,99,35943
-1,random-32-32-20.map,random-32-32-20-random-1.scen,53,12400F,CBSDepthGoalDistancePriority,ASTAR-whoenig,1,NULL,NULL,1283,0.318924,NULL,https://github.com/ssfc/libMultiRobotPlanning-isolated,2025-09-07 18:55:29,100,36012
-1,random-32-32-20.map,random-32-32-20-random-1.scen,54,12400F,CBSDepthGoalDistancePriority,ASTAR-whoenig,1,NULL,NULL,1316,0.363526,NULL,https://github.com/ssfc/libMultiRobotPlanning-isolated,2025-09-07 18:55:29,110,40406
-1,random-32-32-20.map,random-32-32-20-random-1.scen,55,12400F,CBSDepthGoalDistancePriority,ASTAR-whoenig,1,NULL,NULL,1334,0.440024,NULL,https://github.com/ssfc/libMultiRobotPlanning-isolated,2025-09-07 18:55:29,123,46948
-1,random-32-32-20.map,random-32-32-20-random-1.scen,56,12400F,CBSDepthGoalDistancePriority,ASTAR-whoenig,1,NULL,NULL,1374,0.454721,NULL,https://github.com/ssfc/libMultiRobotPlanning-isolated,2025-09-07 18:55:30,126,48065
-1,random-32-32-20.map,random-32-32-20-random-1.scen,57,12400F,CBSDepthGoalDistancePriority,ASTAR-whoenig,1,NULL,NULL,1421,0.497755,NULL,https://github.com/ssfc/libMultiRobotPlanning-isolated,2025-09-07 18:55:30,135,51160
-1,random-32-32-20.map,random-32-32-20-random-1.scen,58,12400F,CBSDepthGoalDistancePriority,ASTAR-whoenig,1,NULL,NULL,1463,0.689254,NULL,https://github.com/ssfc/libMultiRobotPlanning-isolated,2025-09-07 18:55:31,163,77388
-1,random-32-32-20.map,random-32-32-20-random-1.scen,59,12400F,CBSDepthGoalDistancePriority,ASTAR-whoenig,1,NULL,NULL,1493,0.719511,NULL,https://github.com/ssfc/libMultiRobotPlanning-isolated,2025-09-07 18:55:32,170,80949
-1,random-32-32-20.map,random-32-32-20-random-1.scen,60,12400F,CBSDepthGoalDistancePriority,ASTAR-whoenig,1,NULL,NULL,1536,0.733945,NULL,https://github.com/ssfc/libMultiRobotPlanning-isolated,2025-09-07 18:55:33,170,80684
-1,random-32-32-20.map,random-32-32-20-random-1.scen,61,12400F,CBSDepthGoalDistancePriority,ASTAR-whoenig,1,NULL,NULL,1551,0.744545,NULL,https://github.com/ssfc/libMultiRobotPlanning-isolated,2025-09-07 18:55:33,171,80751
-1,random-32-32-20.map,random-32-32-20-random-1.scen,62,12400F,CBSDepthGoalDistancePriority,ASTAR-whoenig,1,NULL,NULL,1581,0.763601,NULL,https://github.com/ssfc/libMultiRobotPlanning-isolated,2025-09-07 18:55:34,173,81012
-1,random-32-32-20.map,random-32-32-20-random-1.scen,63,12400F,CBSDepthGoalDistancePriority,ASTAR-whoenig,1,NULL,NULL,1600,0.785628,NULL,https://github.com/ssfc/libMultiRobotPlanning-isolated,2025-09-07 18:55:35,181,80471
-1,random-32-32-20.map,random-32-32-20-random-1.scen,64,12400F,CBSDepthGoalDistancePriority,ASTAR-whoenig,1,NULL,NULL,1618,0.805303,NULL,https://github.com/ssfc/libMultiRobotPlanning-isolated,2025-09-07 18:55:36,185,81151
-1,random-32-32-20.map,random-32-32-20-random-1.scen,65,12400F,CBSDepthGoalDistancePriority,ASTAR-whoenig,1,NULL,NULL,1645,0.815982,NULL,https://github.com/ssfc/libMultiRobotPlanning-isolated,2025-09-07 18:55:37,189,79634
-1,random-32-32-20.map,random-32-32-20-random-1.scen,66,12400F,CBSDepthGoalDistancePriority,ASTAR-whoenig,1,NULL,NULL,1680,0.830352,NULL,https://github.com/ssfc/libMultiRobotPlanning-isolated,2025-09-07 18:55:37,190,79863
-1,random-32-32-20.map,random-32-32-20-random-1.scen,67,12400F,CBSDepthGoalDistancePriority,ASTAR-whoenig,1,NULL,NULL,1703,0.84508,NULL,https://github.com/ssfc/libMultiRobotPlanning-isolated,2025-09-07 18:55:38,190,79885
-1,random-32-32-20.map,random-32-32-20-random-1.scen,68,12400F,CBSDepthGoalDistancePriority,ASTAR-whoenig,1,NULL,NULL,1745,0.936313,NULL,https://github.com/ssfc/libMultiRobotPlanning-isolated,2025-09-07 18:55:39,203,85833
-1,random-32-32-20.map,random-32-32-20-random-1.scen,69,12400F,CBSDepthGoalDistancePriority,ASTAR-whoenig,1,NULL,NULL,1757,0.949924,NULL,https://github.com/ssfc/libMultiRobotPlanning-isolated,2025-09-07 18:55:40,203,85852
-1,random-32-32-20.map,random-32-32-20-random-1.scen,70,12400F,CBSDepthGoalDistancePriority,ASTAR-whoenig,1,NULL,NULL,1804,1.04103,NULL,https://github.com/ssfc/libMultiRobotPlanning-isolated,2025-09-07 18:55:41,215,91696
-1,random-32-32-20.map,random-32-32-20-random-1.scen,71,12400F,CBSDepthGoalDistancePriority,ASTAR-whoenig,1,NULL,NULL,1834,1.30671,NULL,https://github.com/ssfc/libMultiRobotPlanning-isolated,2025-09-07 18:55:42,257,113413
-1,random-32-32-20.map,random-32-32-20-random-1.scen,72,12400F,CBSDepthGoalDistancePriority,ASTAR-whoenig,1,NULL,NULL,1873,1.40146,NULL,https://github.com/ssfc/libMultiRobotPlanning-isolated,2025-09-07 18:55:44,271,119984
-1,random-32-32-20.map,random-32-32-20-random-1.scen,73,12400F,CBSDepthGoalDistancePriority,ASTAR-whoenig,1,NULL,NULL,1891,1.42448,NULL,https://github.com/ssfc/libMultiRobotPlanning-isolated,2025-09-07 18:55:45,271,120006
-1,random-32-32-20.map,random-32-32-20-random-1.scen,74,12400F,CBSDepthGoalDistancePriority,ASTAR-whoenig,1,NULL,NULL,1905,1.44668,NULL,https://github.com/ssfc/libMultiRobotPlanning-isolated,2025-09-07 18:55:47,271,120021
-1,random-32-32-20.map,random-32-32-20-random-1.scen,75,12400F,CBSDepthGoalDistancePriority,ASTAR-whoenig,1,NULL,NULL,1928,1.52084,NULL,https://github.com/ssfc/libMultiRobotPlanning-isolated,2025-09-07 18:55:48,289,126178
-1,random-32-32-20.map,random-32-32-20-random-1.scen,76,12400F,CBSDepthGoalDistancePriority,ASTAR-whoenig,1,NULL,NULL,1946,1.51964,NULL,https://github.com/ssfc/libMultiRobotPlanning-isolated,2025-09-07 18:55:50,285,124584
-1,random-32-32-20.map,random-32-32-20-random-1.scen,77,12400F,CBSDepthGoalDistancePriority,ASTAR-whoenig,1,NULL,NULL,1958,1.37054,NULL,https://github.com/ssfc/libMultiRobotPlanning-isolated,2025-09-07 18:55:51,262,111359
-1,random-32-32-20.map,random-32-32-20-random-1.scen,78,12400F,CBSDepthGoalDistancePriority,ASTAR-whoenig,1,NULL,NULL,1991,1.55416,NULL,https://github.com/ssfc/libMultiRobotPlanning-isolated,2025-09-07 18:55:53,283,127127
-1,random-32-32-20.map,random-32-32-20-random-1.scen,79,12400F,CBSDepthGoalDistancePriority,ASTAR-whoenig,1,NULL,NULL,2004,1.5791,NULL,https://github.com/ssfc/libMultiRobotPlanning-isolated,2025-09-07 18:55:54,283,127152
-1,random-32-32-20.map,random-32-32-20-random-1.scen,80,12400F,CBSDepthGoalDistancePriority,ASTAR-whoenig,1,NULL,NULL,2051,1.714,NULL,https://github.com/ssfc/libMultiRobotPlanning-isolated,2025-09-07 18:55:56,302,133931
-1,random-32-32-20.map,random-32-32-20-random-1.scen,81,12400F,CBSDepthGoalDistancePriority,ASTAR-whoenig,1,NULL,NULL,2076,1.7485,NULL,https://github.com/ssfc/libMultiRobotPlanning-isolated,2025-09-07 18:55:58,304,134077
-1,random-32-32-20.map,random-32-32-20-random-1.scen,82,12400F,CBSDepthGoalDistancePriority,ASTAR-whoenig,1,NULL,NULL,2101,2.06943,NULL,https://github.com/ssfc/libMultiRobotPlanning-isolated,2025-09-07 18:56:00,345,153273
-1,random-32-32-20.map,random-32-32-20-random-1.scen,83,12400F,CBSDepthGoalDistancePriority,ASTAR-whoenig,1,NULL,NULL,2115,2.05791,NULL,https://github.com/ssfc/libMultiRobotPlanning-isolated,2025-09-07 18:56:02,336,150187
-1,random-32-32-20.map,random-32-32-20-random-1.scen,84,12400F,CBSDepthGoalDistancePriority,ASTAR-whoenig,1,NULL,NULL,2160,2.29877,NULL,https://github.com/ssfc/libMultiRobotPlanning-isolated,2025-09-07 18:56:04,365,169884
-1,random-32-32-20.map,random-32-32-20-random-1.scen,85,12400F,CBSDepthGoalDistancePriority,ASTAR-whoenig,1,NULL,NULL,2201,2.39267,NULL,https://github.com/ssfc/libMultiRobotPlanning-isolated,2025-09-07 18:56:07,371,177190
-1,random-32-32-20.map,random-32-32-20-random-1.scen,86,12400F,CBSDepthGoalDistancePriority,ASTAR-whoenig,1,NULL,NULL,2230,2.52705,NULL,https://github.com/ssfc/libMultiRobotPlanning-isolated,2025-09-07 18:56:09,388,183450
-1,random-32-32-20.map,random-32-32-20-random-1.scen,87,12400F,CBSDepthGoalDistancePriority,ASTAR-whoenig,1,NULL,NULL,2259,2.6117,NULL,https://github.com/ssfc/libMultiRobotPlanning-isolated,2025-09-07 18:56:12,393,187062
-1,random-32-32-20.map,random-32-32-20-random-1.scen,88,12400F,CBSDepthGoalDistancePriority,ASTAR-whoenig,1,NULL,NULL,2281,2.65725,NULL,https://github.com/ssfc/libMultiRobotPlanning-isolated,2025-09-07 18:56:15,396,187470
-1,random-32-32-20.map,random-32-32-20-random-1.scen,89,12400F,CBSDepthGoalDistancePriority,ASTAR-whoenig,1,NULL,NULL,2303,2.58885,NULL,https://github.com/ssfc/libMultiRobotPlanning-isolated,2025-09-07 18:56:17,387,184786
-1,random-32-32-20.map,random-32-32-20-random-1.scen,90,12400F,CBSDepthGoalDistancePriority,ASTAR-whoenig,1,NULL,NULL,2335,2.80579,NULL,https://github.com/ssfc/libMultiRobotPlanning-isolated,2025-09-07 18:56:20,415,193814
-1,random-32-32-20.map,random-32-32-20-random-1.scen,91,12400F,CBSDepthGoalDistancePriority,ASTAR-whoenig,1,NULL,NULL,2351,2.84841,NULL,https://github.com/ssfc/libMultiRobotPlanning-isolated,2025-09-07 18:56:23,415,193851
-1,random-32-32-20.map,random-32-32-20-random-1.scen,92,12400F,CBSDepthGoalDistancePriority,ASTAR-whoenig,1,NULL,NULL,2382,2.97652,NULL,https://github.com/ssfc/libMultiRobotPlanning-isolated,2025-09-07 18:56:26,435,198656
-1,random-32-32-20.map,random-32-32-20-random-1.scen,93,12400F,CBSDepthGoalDistancePriority,ASTAR-whoenig,1,NULL,NULL,2426,3.05906,NULL,https://github.com/ssfc/libMultiRobotPlanning-isolated,2025-09-07 18:56:29,442,201341
-1,random-32-32-20.map,random-32-32-20-random-1.scen,94,12400F,CBSDepthGoalDistancePriority,ASTAR-whoenig,1,NULL,NULL,2447,3.02091,NULL,https://github.com/ssfc/libMultiRobotPlanning-isolated,2025-09-07 18:56:32,442,191955
-1,random-32-32-20.map,random-32-32-20-random-1.scen,95,12400F,CBSDepthGoalDistancePriority,ASTAR-whoenig,1,NULL,NULL,2471,3.07906,NULL,https://github.com/ssfc/libMultiRobotPlanning-isolated,2025-09-07 18:56:35,447,192345
-1,random-32-32-20.map,random-32-32-20-random-1.scen,96,12400F,CBSDepthGoalDistancePriority,ASTAR-whoenig,1,NULL,NULL,2479,3.12782,NULL,https://github.com/ssfc/libMultiRobotPlanning-isolated,2025-09-07 18:56:38,447,192352
-1,random-32-32-20.map,random-32-32-20-random-1.scen,97,12400F,CBSDepthGoalDistancePriority,ASTAR-whoenig,1,NULL,NULL,2511,3.10767,NULL,https://github.com/ssfc/libMultiRobotPlanning-isolated,2025-09-07 18:56:41,449,189008
-1,random-32-32-20.map,random-32-32-20-random-1.scen,98,12400F,CBSDepthGoalDistancePriority,ASTAR-whoenig,1,NULL,NULL,2529,3.14884,NULL,https://github.com/ssfc/libMultiRobotPlanning-isolated,2025-09-07 18:56:44,451,189223
-1,random-32-32-20.map,random-32-32-20-random-1.scen,99,12400F,CBSDepthGoalDistancePriority,ASTAR-whoenig,1,NULL,NULL,2557,3.20222,NULL,https://github.com/ssfc/libMultiRobotPlanning-isolated,2025-09-07 18:56:48,452,189796
-1,random-32-32-20.map,random-32-32-20-random-1.scen,100,12400F,CBSDepthGoalDistancePriority,ASTAR-whoenig,1,NULL,NULL,2566,3.25848,NULL,https://github.com/ssfc/libMultiRobotPlanning-isolated,2025-09-07 18:56:51,452,189804
-1,random-32-32-20.map,random-32-32-20-random-1.scen,101,12400F,CBSDepthGoalDistancePriority,ASTAR-whoenig,1,NULL,NULL,2615,3.55335,NULL,https://github.com/ssfc/libMultiRobotPlanning-isolated,2025-09-07 18:56:54,474,200463
-1,random-32-32-20.map,random-32-32-20-random-1.scen,102,12400F,CBSDepthGoalDistancePriority,ASTAR-whoenig,1,NULL,NULL,2663,3.72422,NULL,https://github.com/ssfc/libMultiRobotPlanning-isolated,2025-09-07 18:56:58,493,204673
-1,random-32-32-20.map,random-32-32-20-random-1.scen,103,12400F,CBSDepthGoalDistancePriority,ASTAR-whoenig,1,NULL,NULL,2673,3.76861,NULL,https://github.com/ssfc/libMultiRobotPlanning-isolated,2025-09-07 18:57:02,493,204682
-1,random-32-32-20.map,random-32-32-20-random-1.scen,104,12400F,CBSDepthGoalDistancePriority,ASTAR-whoenig,1,NULL,NULL,2708,3.9246,NULL,https://github.com/ssfc/libMultiRobotPlanning-isolated,2025-09-07 18:57:06,506,209950
-1,random-32-32-20.map,random-32-32-20-random-1.scen,105,12400F,CBSDepthGoalDistancePriority,ASTAR-whoenig,1,NULL,NULL,2725,4.11156,NULL,https://github.com/ssfc/libMultiRobotPlanning-isolated,2025-09-07 18:57:10,522,222066
-1,random-32-32-20.map,random-32-32-20-random-1.scen,106,12400F,CBSDepthGoalDistancePriority,ASTAR-whoenig,1,NULL,NULL,2762,4.16355,NULL,https://github.com/ssfc/libMultiRobotPlanning-isolated,2025-09-07 18:57:14,522,222199
-1,random-32-32-20.map,random-32-32-20-random-1.scen,107,12400F,CBSDepthGoalDistancePriority,ASTAR-whoenig,1,NULL,NULL,2796,4.87081,NULL,https://github.com/ssfc/libMultiRobotPlanning-isolated,2025-09-07 18:57:19,588,258566
-1,random-32-32-20.map,random-32-32-20-random-1.scen,108,12400F,CBSDepthGoalDistancePriority,ASTAR-whoenig,1,NULL,NULL,2836,4.95964,NULL,https://github.com/ssfc/libMultiRobotPlanning-isolated,2025-09-07 18:57:24,590,258949
-1,random-32-32-20.map,random-32-32-20-random-1.scen,109,12400F,CBSDepthGoalDistancePriority,ASTAR-whoenig,1,NULL,NULL,2868,5.4582,NULL,https://github.com/ssfc/libMultiRobotPlanning-isolated,2025-09-07 18:57:30,648,291274
-1,random-32-32-20.map,random-32-32-20-random-1.scen,110,12400F,CBSDepthGoalDistancePriority,ASTAR-whoenig,1,NULL,NULL,2903,5.66208,NULL,https://github.com/ssfc/libMultiRobotPlanning-isolated,2025-09-07 18:57:35,671,300272
-1,random-32-32-20.map,random-32-32-20-random-1.scen,111,12400F,CBSDepthGoalDistancePriority,ASTAR-whoenig,1,NULL,NULL,2932,5.75416,NULL,https://github.com/ssfc/libMultiRobotPlanning-isolated,2025-09-07 18:57:41,673,300274
-1,random-32-32-20.map,random-32-32-20-random-1.scen,112,12400F,CBSDepthGoalDistancePriority,ASTAR-whoenig,1,NULL,NULL,2977,6.06214,NULL,https://github.com/ssfc/libMultiRobotPlanning-isolated,2025-09-07 18:57:47,689,313609
-1,random-32-32-20.map,random-32-32-20-random-1.scen,113,12400F,CBSDepthGoalDistancePriority,ASTAR-whoenig,1,NULL,NULL,3013,6.32416,NULL,https://github.com/ssfc/libMultiRobotPlanning-isolated,2025-09-07 18:57:53,733,306806
-1,random-32-32-20.map,random-32-32-20-random-1.scen,114,12400F,CBSDepthGoalDistancePriority,ASTAR-whoenig,1,NULL,NULL,3040,6.50153,NULL,https://github.com/ssfc/libMultiRobotPlanning-isolated,2025-09-07 18:58:00,747,311428
-1,random-32-32-20.map,random-32-32-20-random-1.scen,115,12400F,CBSDepthGoalDistancePriority,ASTAR-whoenig,1,NULL,NULL,3080,6.62116,NULL,https://github.com/ssfc/libMultiRobotPlanning-isolated,2025-09-07 18:58:07,752,312434
-1,random-32-32-20.map,random-32-32-20-random-1.scen,116,12400F,CBSDepthGoalDistancePriority,ASTAR-whoenig,1,NULL,NULL,3106,6.71674,NULL,https://github.com/ssfc/libMultiRobotPlanning-isolated,2025-09-07 18:58:13,753,313250
-1,random-32-32-20.map,random-32-32-20-random-1.scen,117,12400F,CBSDepthGoalDistancePriority,ASTAR-whoenig,1,NULL,NULL,3124,6.71967,NULL,https://github.com/ssfc/libMultiRobotPlanning-isolated,2025-09-07 18:58:20,744,312560
-1,random-32-32-20.map,random-32-32-20-random-1.scen,118,12400F,CBSDepthGoalDistancePriority,ASTAR-whoenig,1,NULL,NULL,3154,6.77892,NULL,https://github.com/ssfc/libMultiRobotPlanning-isolated,2025-09-07 18:58:27,744,309953
-1,random-32-32-20.map,random-32-32-20-random-1.scen,119,12400F,CBSDepthGoalDistancePriority,ASTAR-whoenig,1,NULL,NULL,3206,7.51211,NULL,https://github.com/ssfc/libMultiRobotPlanning-isolated,2025-09-07 18:58:34,821,341698
-1,random-32-32-20.map,random-32-32-20-random-1.scen,120,12400F,CBSDepthGoalDistancePriority,ASTAR-whoenig,1,NULL,NULL,3257,8.20134,NULL,https://github.com/ssfc/libMultiRobotPlanning-isolated,2025-09-07 18:58:43,878,370188
-1,random-32-32-20.map,random-32-32-20-random-1.scen,121,12400F,CBSDepthGoalDistancePriority,ASTAR-whoenig,1,NULL,NULL,3271,8.76815,NULL,https://github.com/ssfc/libMultiRobotPlanning-isolated,2025-09-07 18:58:52,907,392024
-1,random-32-32-20.map,random-32-32-20-random-1.scen,122,12400F,CBSDepthGoalDistancePriority,ASTAR-whoenig,1,NULL,NULL,3284,8.86688,NULL,https://github.com/ssfc/libMultiRobotPlanning-isolated,2025-09-07 18:59:00,908,391957
-1,random-32-32-20.map,random-32-32-20-random-1.scen,123,12400F,CBSDepthGoalDistancePriority,ASTAR-whoenig,1,NULL,NULL,3321,8.87305,NULL,https://github.com/ssfc/libMultiRobotPlanning-isolated,2025-09-07 18:59:09,908,387509
-1,random-32-32-20.map,random-32-32-20-random-1.scen,124,12400F,CBSDepthGoalDistancePriority,ASTAR-whoenig,1,NULL,NULL,3358,9.75161,NULL,https://github.com/ssfc/libMultiRobotPlanning-isolated,2025-09-07 18:59:19,969,438981
-1,random-32-32-20.map,random-32-32-20-random-1.scen,125,12400F,CBSDepthGoalDistancePriority,ASTAR-whoenig,1,NULL,NULL,3385,9.97353,NULL,https://github.com/ssfc/libMultiRobotPlanning-isolated,2025-09-07 18:59:29,977,441383
-1,random-32-32-20.map,random-32-32-20-random-1.scen,126,12400F,CBSDepthGoalDistancePriority,ASTAR-whoenig,1,NULL,NULL,3409,10.2664,NULL,https://github.com/ssfc/libMultiRobotPlanning-isolated,2025-09-07 18:59:39,1000,445372
-1,random-32-32-20.map,random-32-32-20-random-1.scen,127,12400F,CBSDepthGoalDistancePriority,ASTAR-whoenig,1,NULL,NULL,3429,10.4087,NULL,https://github.com/ssfc/libMultiRobotPlanning-isolated,2025-09-07 18:59:50,1001,445530
-1,random-32-32-20.map,random-32-32-20-random-1.scen,128,12400F,CBSDepthGoalDistancePriority,ASTAR-whoenig,1,NULL,NULL,3447,10.5702,NULL,https://github.com/ssfc/libMultiRobotPlanning-isolated,2025-09-07 19:00:00,1006,446574
-1,random-32-32-20.map,random-32-32-20-random-1.scen,129,12400F,CBSDepthGoalDistancePriority,ASTAR-whoenig,1,NULL,NULL,3490,11.3654,NULL,https://github.com/ssfc/libMultiRobotPlanning-isolated,2025-09-07 19:00:12,1078,494011
-1,random-32-32-20.map,random-32-32-20-random-1.scen,130,12400F,CBSDepthGoalDistancePriority,ASTAR-whoenig,1,NULL,NULL,3508,11.4485,NULL,https://github.com/ssfc/libMultiRobotPlanning-isolated,2025-09-07 19:00:23,1076,489076
-1,random-32-32-20.map,random-32-32-20-random-1.scen,131,12400F,CBSDepthGoalDistancePriority,ASTAR-whoenig,1,NULL,NULL,3524,11.5843,NULL,https://github.com/ssfc/libMultiRobotPlanning-isolated,2025-09-07 19:00:35,1075,488480
-1,random-32-32-20.map,random-32-32-20-random-1.scen,132,12400F,CBSDepthGoalDistancePriority,ASTAR-whoenig,1,NULL,NULL,3554,11.8342,NULL,https://github.com/ssfc/libMultiRobotPlanning-isolated,2025-09-07 19:00:47,1091,491068
-1,random-32-32-20.map,random-32-32-20-random-1.scen,133,12400F,CBSDepthGoalDistancePriority,ASTAR-whoenig,1,NULL,NULL,3589,13.4795,NULL,https://github.com/ssfc/libMultiRobotPlanning-isolated,2025-09-07 19:01:00,1206,549174
-1,random-32-32-20.map,random-32-32-20-random-1.scen,134,12400F,CBSDepthGoalDistancePriority,ASTAR-whoenig,1,NULL,NULL,3621,14.5594,NULL,https://github.com/ssfc/libMultiRobotPlanning-isolated,2025-09-07 19:01:15,1274,591060
-1,random-32-32-20.map,random-32-32-20-random-1.scen,135,12400F,CBSDepthGoalDistancePriority,ASTAR-whoenig,1,NULL,NULL,3637,14.4724,NULL,https://github.com/ssfc/libMultiRobotPlanning-isolated,2025-09-07 19:01:30,1264,576221
-1,random-32-32-20.map,random-32-32-20-random-1.scen,136,12400F,CBSDepthGoalDistancePriority,ASTAR-whoenig,1,NULL,NULL,3697,16.5488,NULL,https://github.com/ssfc/libMultiRobotPlanning-isolated,2025-09-07 19:01:46,1393,671476
-1,random-32-32-20.map,random-32-32-20-random-1.scen,137,12400F,CBSDepthGoalDistancePriority,ASTAR-whoenig,1,NULL,NULL,3713,16.9044,NULL,https://github.com/ssfc/libMultiRobotPlanning-isolated,2025-09-07 19:02:03,1408,684750
-1,random-32-32-20.map,random-32-32-20-random-1.scen,138,12400F,CBSDepthGoalDistancePriority,ASTAR-whoenig,1,NULL,NULL,INF,1800.06,NULL,https://github.com/ssfc/libMultiRobotPlanning-isolated,2025-09-07 19:32:03,267311,70345652
-1,random-32-32-20.map,random-32-32-20-random-1.scen,139,12400F,CBSDepthGoalDistancePriority,ASTAR-whoenig,1,NULL,NULL,INF,1800.01,NULL,https://github.com/ssfc/libMultiRobotPlanning-isolated,2025-09-07 20:02:13,263731,69263257
-1,random-32-32-20.map,random-32-32-20-random-1.scen,140,12400F,CBSDepthGoalDistancePriority,ASTAR-whoenig,1,NULL,NULL,INF,1800,NULL,https://github.com/ssfc/libMultiRobotPlanning-isolated,2025-09-07 20:32:22,260971,68572514
-1,random-32-32-20.map,random-32-32-20-random-1.scen,141,12400F,CBSDepthGoalDistancePriority,ASTAR-whoenig,1,NULL,NULL,INF,1800.03,NULL,https://github.com/ssfc/libMultiRobotPlanning-isolated,2025-09-07 21:02:31,257311,67664942
-1,random-32-32-20.map,random-32-32-20-random-1.scen,142,12400F,CBSDepthGoalDistancePriority,ASTAR-whoenig,1,NULL,NULL,INF,1800.02,NULL,https://github.com/ssfc/libMultiRobotPlanning-isolated,2025-09-07 21:32:40,253851,66784674
-1,random-32-32-20.map,random-32-32-20-random-1.scen,143,12400F,CBSDepthGoalDistancePriority,ASTAR-whoenig,1,NULL,NULL,3917,23.3148,NULL,https://github.com/ssfc/libMultiRobotPlanning-isolated,2025-09-07 21:33:13,1735,945454
-1,random-32-32-20.map,random-32-32-20-random-1.scen,144,12400F,CBSDepthGoalDistancePriority,ASTAR-whoenig,1,NULL,NULL,3928,21.9663,NULL,https://github.com/ssfc/libMultiRobotPlanning-isolated,2025-09-07 21:33:35,1687,866114
-1,random-32-32-20.map,random-32-32-20-random-1.scen,145,12400F,CBSDepthGoalDistancePriority,ASTAR-whoenig,1,NULL,NULL,3959,24.3763,NULL,https://github.com/ssfc/libMultiRobotPlanning-isolated,2025-09-07 21:33:59,1817,994991
-1,random-32-32-20.map,random-32-32-20-random-1.scen,146,12400F,CBSDepthGoalDistancePriority,ASTAR-whoenig,1,NULL,NULL,3986,23.6784,NULL,https://github.com/ssfc/libMultiRobotPlanning-isolated,2025-09-07 21:34:23,1778,960183
-1,random-32-32-20.map,random-32-32-20-random-1.scen,147,12400F,CBSDepthGoalDistancePriority,ASTAR-whoenig,1,NULL,NULL,4021,23.2361,NULL,https://github.com/ssfc/libMultiRobotPlanning-isolated,2025-09-07 21:34:46,1753,919610
-1,random-32-32-20.map,random-32-32-20-random-1.scen,148,12400F,CBSDepthGoalDistancePriority,ASTAR-whoenig,1,NULL,NULL,4064,23.3528,NULL,https://github.com/ssfc/libMultiRobotPlanning-isolated,2025-09-07 21:35:10,1759,936317
-1,random-32-32-20.map,random-32-32-20-random-1.scen,149,12400F,CBSDepthGoalDistancePriority,ASTAR-whoenig,1,NULL,NULL,4094,25.5567,NULL,https://github.com/ssfc/libMultiRobotPlanning-isolated,2025-09-07 21:35:35,1858,1021857
-1,random-32-32-20.map,random-32-32-20-random-1.scen,150,12400F,CBSDepthGoalDistancePriority,ASTAR-whoenig,1,NULL,NULL,4130,26.549,NULL,https://github.com/ssfc/libMultiRobotPlanning-isolated,2025-09-07 21:36:02,1915,1059429
-1,random-32-32-20.map,random-32-32-20-random-1.scen,151,12400F,CBSDepthGoalDistancePriority,ASTAR-whoenig,1,NULL,NULL,4146,26.7839,NULL,https://github.com/ssfc/libMultiRobotPlanning-isolated,2025-09-07 21:36:29,1916,1059390
-1,random-32-32-20.map,random-32-32-20-random-1.scen,152,12400F,CBSDepthGoalDistancePriority,ASTAR-whoenig,1,NULL,NULL,4174,27.1494,NULL,https://github.com/ssfc/libMultiRobotPlanning-isolated,2025-09-07 21:36:56,1917,1044880
-1,random-32-32-20.map,random-32-32-20-random-1.scen,153,12400F,CBSDepthGoalDistancePriority,ASTAR-whoenig,1,NULL,NULL,INF,1800.09,NULL,https://github.com/ssfc/libMultiRobotPlanning-isolated,2025-09-07 22:06:56,199331,64359445
-1,random-32-32-20.map,random-32-32-20-random-1.scen,154,12400F,CBSDepthGoalDistancePriority,ASTAR-whoenig,1,NULL,NULL,INF,1800.08,NULL,https://github.com/ssfc/libMultiRobotPlanning-isolated,2025-09-07 22:37:05,197851,63660252
-1,random-32-32-20.map,random-32-32-20-random-1.scen,155,12400F,CBSDepthGoalDistancePriority,ASTAR-whoenig,1,NULL,NULL,INF,1800.12,NULL,https://github.com/ssfc/libMultiRobotPlanning-isolated,2025-09-07 23:07:14,188001,66240724
-1,random-32-32-20.map,random-32-32-20-random-1.scen,156,12400F,CBSDepthGoalDistancePriority,ASTAR-whoenig,1,NULL,NULL,INF,1800.04,NULL,https://github.com/ssfc/libMultiRobotPlanning-isolated,2025-09-07 23:37:23,185771,65379758
-1,random-32-32-20.map,random-32-32-20-random-1.scen,157,12400F,CBSDepthGoalDistancePriority,ASTAR-whoenig,1,NULL,NULL,INF,1800.11,NULL,https://github.com/ssfc/libMultiRobotPlanning-isolated,2025-09-08 00:07:32,182551,65714676
-1,random-32-32-20.map,random-32-32-20-random-1.scen,1,12400F,CBSDepthGoalDistancePriorityReverse,ASTAR-whoenig,1,NULL,NULL,38,0.001074,NULL,https://github.com/ssfc/libMultiRobotPlanning-isolated,2025-09-08 00:31:15,1,168
-1,random-32-32-20.map,random-32-32-20-random-1.scen,2,12400F,CBSDepthGoalDistancePriorityReverse,ASTAR-whoenig,1,NULL,NULL,52,0.003087,NULL,https://github.com/ssfc/libMultiRobotPlanning-isolated,2025-09-08 00:31:15,1,210
-1,random-32-32-20.map,random-32-32-20-random-1.scen,3,12400F,CBSDepthGoalDistancePriorityReverse,ASTAR-whoenig,1,NULL,NULL,83,0.006526,NULL,https://github.com/ssfc/libMultiRobotPlanning-isolated,2025-09-08 00:31:15,1,518
-1,random-32-32-20.map,random-32-32-20-random-1.scen,4,12400F,CBSDepthGoalDistancePriorityReverse,ASTAR-whoenig,1,NULL,NULL,105,0.006683,NULL,https://github.com/ssfc/libMultiRobotPlanning-isolated,2025-09-08 00:31:15,1,579
-1,random-32-32-20.map,random-32-32-20-random-1.scen,5,12400F,CBSDepthGoalDistancePriorityReverse,ASTAR-whoenig,1,NULL,NULL,138,0.00715,NULL,https://github.com/ssfc/libMultiRobotPlanning-isolated,2025-09-08 00:31:15,1,692
-1,random-32-32-20.map,random-32-32-20-random-1.scen,6,12400F,CBSDepthGoalDistancePriorityReverse,ASTAR-whoenig,1,NULL,NULL,164,0.013786,NULL,https://github.com/ssfc/libMultiRobotPlanning-isolated,2025-09-08 00:31:16,1,779
-1,random-32-32-20.map,random-32-32-20-random-1.scen,7,12400F,CBSDepthGoalDistancePriorityReverse,ASTAR-whoenig,1,NULL,NULL,181,0.012144,NULL,https://github.com/ssfc/libMultiRobotPlanning-isolated,2025-09-08 00:31:16,1,814
-1,random-32-32-20.map,random-32-32-20-random-1.scen,8,12400F,CBSDepthGoalDistancePriorityReverse,ASTAR-whoenig,1,NULL,NULL,193,0.012779,NULL,https://github.com/ssfc/libMultiRobotPlanning-isolated,2025-09-08 00:31:16,2,881
-1,random-32-32-20.map,random-32-32-20-random-1.scen,9,12400F,CBSDepthGoalDistancePriorityReverse,ASTAR-whoenig,1,NULL,NULL,199,0.01309,NULL,https://github.com/ssfc/libMultiRobotPlanning-isolated,2025-09-08 00:31:16,2,886
-1,random-32-32-20.map,random-32-32-20-random-1.scen,10,12400F,CBSDepthGoalDistancePriorityReverse,ASTAR-whoenig,1,NULL,NULL,216,0.010165,NULL,https://github.com/ssfc/libMultiRobotPlanning-isolated,2025-09-08 00:31:16,2,903
-1,random-32-32-20.map,random-32-32-20-random-1.scen,11,12400F,CBSDepthGoalDistancePriorityReverse,ASTAR-whoenig,1,NULL,NULL,240,0.008255,NULL,https://github.com/ssfc/libMultiRobotPlanning-isolated,2025-09-08 00:31:16,3,1118
-1,random-32-32-20.map,random-32-32-20-random-1.scen,12,12400F,CBSDepthGoalDistancePriorityReverse,ASTAR-whoenig,1,NULL,NULL,265,0.006722,NULL,https://github.com/ssfc/libMultiRobotPlanning-isolated,2025-09-08 00:31:16,3,1158
-1,random-32-32-20.map,random-32-32-20-random-1.scen,13,12400F,CBSDepthGoalDistancePriorityReverse,ASTAR-whoenig,1,NULL,NULL,282,0.015193,NULL,https://github.com/ssfc/libMultiRobotPlanning-isolated,2025-09-08 00:31:16,8,2142
-1,random-32-32-20.map,random-32-32-20-random-1.scen,14,12400F,CBSDepthGoalDistancePriorityReverse,ASTAR-whoenig,1,NULL,NULL,332,0.016065,NULL,https://github.com/ssfc/libMultiRobotPlanning-isolated,2025-09-08 00:31:16,9,2454
-1,random-32-32-20.map,random-32-32-20-random-1.scen,15,12400F,CBSDepthGoalDistancePriorityReverse,ASTAR-whoenig,1,NULL,NULL,357,0.0176,NULL,https://github.com/ssfc/libMultiRobotPlanning-isolated,2025-09-08 00:31:16,9,2500
-1,random-32-32-20.map,random-32-32-20-random-1.scen,16,12400F,CBSDepthGoalDistancePriorityReverse,ASTAR-whoenig,1,NULL,NULL,399,0.02251,NULL,https://github.com/ssfc/libMultiRobotPlanning-isolated,2025-09-08 00:31:16,11,3803
-1,random-32-32-20.map,random-32-32-20-random-1.scen,17,12400F,CBSDepthGoalDistancePriorityReverse,ASTAR-whoenig,1,NULL,NULL,419,0.022508,NULL,https://github.com/ssfc/libMultiRobotPlanning-isolated,2025-09-08 00:31:16,11,3823
-1,random-32-32-20.map,random-32-32-20-random-1.scen,18,12400F,CBSDepthGoalDistancePriorityReverse,ASTAR-whoenig,1,NULL,NULL,428,0.022455,NULL,https://github.com/ssfc/libMultiRobotPlanning-isolated,2025-09-08 00:31:16,11,3831
-1,random-32-32-20.map,random-32-32-20-random-1.scen,19,12400F,CBSDepthGoalDistancePriorityReverse,ASTAR-whoenig,1,NULL,NULL,442,0.02262,NULL,https://github.com/ssfc/libMultiRobotPlanning-isolated,2025-09-08 00:31:16,11,3849
-1,random-32-32-20.map,random-32-32-20-random-1.scen,20,12400F,CBSDepthGoalDistancePriorityReverse,ASTAR-whoenig,1,NULL,NULL,452,0.023221,NULL,https://github.com/ssfc/libMultiRobotPlanning-isolated,2025-09-08 00:31:16,11,3858
-1,random-32-32-20.map,random-32-32-20-random-1.scen,21,12400F,CBSDepthGoalDistancePriorityReverse,ASTAR-whoenig,1,NULL,NULL,485,0.024046,NULL,https://github.com/ssfc/libMultiRobotPlanning-isolated,2025-09-08 00:31:16,11,3924
-1,random-32-32-20.map,random-32-32-20-random-1.scen,22,12400F,CBSDepthGoalDistancePriorityReverse,ASTAR-whoenig,1,NULL,NULL,497,0.025056,NULL,https://github.com/ssfc/libMultiRobotPlanning-isolated,2025-09-08 00:31:16,14,4020
-1,random-32-32-20.map,random-32-32-20-random-1.scen,23,12400F,CBSDepthGoalDistancePriorityReverse,ASTAR-whoenig,1,NULL,NULL,513,0.029197,NULL,https://github.com/ssfc/libMultiRobotPlanning-isolated,2025-09-08 00:31:16,17,4566
-1,random-32-32-20.map,random-32-32-20-random-1.scen,24,12400F,CBSDepthGoalDistancePriorityReverse,ASTAR-whoenig,1,NULL,NULL,564,0.034036,NULL,https://github.com/ssfc/libMultiRobotPlanning-isolated,2025-09-08 00:31:16,20,5186
-1,random-32-32-20.map,random-32-32-20-random-1.scen,25,12400F,CBSDepthGoalDistancePriorityReverse,ASTAR-whoenig,1,NULL,NULL,580,0.034147,NULL,https://github.com/ssfc/libMultiRobotPlanning-isolated,2025-09-08 00:31:16,20,5253
-1,random-32-32-20.map,random-32-32-20-random-1.scen,26,12400F,CBSDepthGoalDistancePriorityReverse,ASTAR-whoenig,1,NULL,NULL,615,0.036074,NULL,https://github.com/ssfc/libMultiRobotPlanning-isolated,2025-09-08 00:31:16,20,5524
-1,random-32-32-20.map,random-32-32-20-random-1.scen,27,12400F,CBSDepthGoalDistancePriorityReverse,ASTAR-whoenig,1,NULL,NULL,650,0.050426,NULL,https://github.com/ssfc/libMultiRobotPlanning-isolated,2025-09-08 00:31:16,24,7698
-1,random-32-32-20.map,random-32-32-20-random-1.scen,28,12400F,CBSDepthGoalDistancePriorityReverse,ASTAR-whoenig,1,NULL,NULL,658,0.051758,NULL,https://github.com/ssfc/libMultiRobotPlanning-isolated,2025-09-08 00:31:16,24,7705
-1,random-32-32-20.map,random-32-32-20-random-1.scen,29,12400F,CBSDepthGoalDistancePriorityReverse,ASTAR-whoenig,1,NULL,NULL,666,0.051934,NULL,https://github.com/ssfc/libMultiRobotPlanning-isolated,2025-09-08 00:31:16,24,7715
-1,random-32-32-20.map,random-32-32-20-random-1.scen,30,12400F,CBSDepthGoalDistancePriorityReverse,ASTAR-whoenig,1,NULL,NULL,697,0.059131,NULL,https://github.com/ssfc/libMultiRobotPlanning-isolated,2025-09-08 00:31:16,27,8618
-1,random-32-32-20.map,random-32-32-20-random-1.scen,31,12400F,CBSDepthGoalDistancePriorityReverse,ASTAR-whoenig,1,NULL,NULL,729,0.092683,NULL,https://github.com/ssfc/libMultiRobotPlanning-isolated,2025-09-08 00:31:16,51,13819
-1,random-32-32-20.map,random-32-32-20-random-1.scen,32,12400F,CBSDepthGoalDistancePriorityReverse,ASTAR-whoenig,1,NULL,NULL,751,0.093626,NULL,https://github.com/ssfc/libMultiRobotPlanning-isolated,2025-09-08 00:31:16,51,13840
-1,random-32-32-20.map,random-32-32-20-random-1.scen,33,12400F,CBSDepthGoalDistancePriorityReverse,ASTAR-whoenig,1,NULL,NULL,761,0.095115,NULL,https://github.com/ssfc/libMultiRobotPlanning-isolated,2025-09-08 00:31:16,51,13849
-1,random-32-32-20.map,random-32-32-20-random-1.scen,34,12400F,CBSDepthGoalDistancePriorityReverse,ASTAR-whoenig,1,NULL,NULL,790,0.106723,NULL,https://github.com/ssfc/libMultiRobotPlanning-isolated,2025-09-08 00:31:17,55,15288
-1,random-32-32-20.map,random-32-32-20-random-1.scen,35,12400F,CBSDepthGoalDistancePriorityReverse,ASTAR-whoenig,1,NULL,NULL,818,0.108379,NULL,https://github.com/ssfc/libMultiRobotPlanning-isolated,2025-09-08 00:31:17,55,15315
-1,random-32-32-20.map,random-32-32-20-random-1.scen,36,12400F,CBSDepthGoalDistancePriorityReverse,ASTAR-whoenig,1,NULL,NULL,866,0.147456,NULL,https://github.com/ssfc/libMultiRobotPlanning-isolated,2025-09-08 00:31:17,69,21631
-1,random-32-32-20.map,random-32-32-20-random-1.scen,37,12400F,CBSDepthGoalDistancePriorityReverse,ASTAR-whoenig,1,NULL,NULL,874,0.150113,NULL,https://github.com/ssfc/libMultiRobotPlanning-isolated,2025-09-08 00:31:17,69,21638
-1,random-32-32-20.map,random-32-32-20-random-1.scen,38,12400F,CBSDepthGoalDistancePriorityReverse,ASTAR-whoenig,1,NULL,NULL,888,0.153939,NULL,https://github.com/ssfc/libMultiRobotPlanning-isolated,2025-09-08 00:31:17,71,21746
-1,random-32-32-20.map,random-32-32-20-random-1.scen,39,12400F,CBSDepthGoalDistancePriorityReverse,ASTAR-whoenig,1,NULL,NULL,909,0.160105,NULL,https://github.com/ssfc/libMultiRobotPlanning-isolated,2025-09-08 00:31:17,75,22004
-1,random-32-32-20.map,random-32-32-20-random-1.scen,40,12400F,CBSDepthGoalDistancePriorityReverse,ASTAR-whoenig,1,NULL,NULL,953,0.268707,NULL,https://github.com/ssfc/libMultiRobotPlanning-isolated,2025-09-08 00:31:18,131,37294
-1,random-32-32-20.map,random-32-32-20-random-1.scen,41,12400F,CBSDepthGoalDistancePriorityReverse,ASTAR-whoenig,1,NULL,NULL,973,0.272109,NULL,https://github.com/ssfc/libMultiRobotPlanning-isolated,2025-09-08 00:31:18,131,37327
-1,random-32-32-20.map,random-32-32-20-random-1.scen,42,12400F,CBSDepthGoalDistancePriorityReverse,ASTAR-whoenig,1,NULL,NULL,985,0.276764,NULL,https://github.com/ssfc/libMultiRobotPlanning-isolated,2025-09-08 00:31:18,131,37345
-1,random-32-32-20.map,random-32-32-20-random-1.scen,43,12400F,CBSDepthGoalDistancePriorityReverse,ASTAR-whoenig,1,NULL,NULL,1027,0.283767,NULL,https://github.com/ssfc/libMultiRobotPlanning-isolated,2025-09-08 00:31:18,133,37703
-1,random-32-32-20.map,random-32-32-20-random-1.scen,44,12400F,CBSDepthGoalDistancePriorityReverse,ASTAR-whoenig,1,NULL,NULL,1074,0.336461,NULL,https://github.com/ssfc/libMultiRobotPlanning-isolated,2025-09-08 00:31:19,144,44139
-1,random-32-32-20.map,random-32-32-20-random-1.scen,45,12400F,CBSDepthGoalDistancePriorityReverse,ASTAR-whoenig,1,NULL,NULL,1112,0.344116,NULL,https://github.com/ssfc/libMultiRobotPlanning-isolated,2025-09-08 00:31:19,145,44485
-1,random-32-32-20.map,random-32-32-20-random-1.scen,46,12400F,CBSDepthGoalDistancePriorityReverse,ASTAR-whoenig,1,NULL,NULL,1144,0.349331,NULL,https://github.com/ssfc/libMultiRobotPlanning-isolated,2025-09-08 00:31:19,145,44562
-1,random-32-32-20.map,random-32-32-20-random-1.scen,47,12400F,CBSDepthGoalDistancePriorityReverse,ASTAR-whoenig,1,NULL,NULL,1180,0.414115,NULL,https://github.com/ssfc/libMultiRobotPlanning-isolated,2025-09-08 00:31:20,165,53177
-1,random-32-32-20.map,random-32-32-20-random-1.scen,48,12400F,CBSDepthGoalDistancePriorityReverse,ASTAR-whoenig,1,NULL,NULL,1203,0.372791,NULL,https://github.com/ssfc/libMultiRobotPlanning-isolated,2025-09-08 00:31:20,149,46699
-1,random-32-32-20.map,random-32-32-20-random-1.scen,49,12400F,CBSDepthGoalDistancePriorityReverse,ASTAR-whoenig,1,NULL,NULL,1219,0.379584,NULL,https://github.com/ssfc/libMultiRobotPlanning-isolated,2025-09-08 00:31:21,150,46970
-1,random-32-32-20.map,random-32-32-20-random-1.scen,50,12400F,CBSDepthGoalDistancePriorityReverse,ASTAR-whoenig,1,NULL,NULL,1259,0.468096,NULL,https://github.com/ssfc/libMultiRobotPlanning-isolated,2025-09-08 00:31:21,177,56067
-1,random-32-32-20.map,random-32-32-20-random-1.scen,51,12400F,CBSDepthGoalDistancePriorityReverse,ASTAR-whoenig,1,NULL,NULL,1321,0.780638,NULL,https://github.com/ssfc/libMultiRobotPlanning-isolated,2025-09-08 00:31:22,254,97854
-1,random-32-32-20.map,random-32-32-20-random-1.scen,52,12400F,CBSDepthGoalDistancePriorityReverse,ASTAR-whoenig,1,NULL,NULL,1339,0.791242,NULL,https://github.com/ssfc/libMultiRobotPlanning-isolated,2025-09-08 00:31:23,254,97871
-1,random-32-32-20.map,random-32-32-20-random-1.scen,53,12400F,CBSDepthGoalDistancePriorityReverse,ASTAR-whoenig,1,NULL,NULL,1362,0.812102,NULL,https://github.com/ssfc/libMultiRobotPlanning-isolated,2025-09-08 00:31:24,257,98423
-1,random-32-32-20.map,random-32-32-20-random-1.scen,54,12400F,CBSDepthGoalDistancePriorityReverse,ASTAR-whoenig,1,NULL,NULL,1397,0.908958,NULL,https://github.com/ssfc/libMultiRobotPlanning-isolated,2025-09-08 00:31:24,276,108424
-1,random-32-32-20.map,random-32-32-20-random-1.scen,55,12400F,CBSDepthGoalDistancePriorityReverse,ASTAR-whoenig,1,NULL,NULL,1418,0.934839,NULL,https://github.com/ssfc/libMultiRobotPlanning-isolated,2025-09-08 00:31:25,283,109701
-1,random-32-32-20.map,random-32-32-20-random-1.scen,56,12400F,CBSDepthGoalDistancePriorityReverse,ASTAR-whoenig,1,NULL,NULL,1464,1.0724,NULL,https://github.com/ssfc/libMultiRobotPlanning-isolated,2025-09-08 00:31:26,302,124335
-1,random-32-32-20.map,random-32-32-20-random-1.scen,57,12400F,CBSDepthGoalDistancePriorityReverse,ASTAR-whoenig,1,NULL,NULL,1510,1.06145,NULL,https://github.com/ssfc/libMultiRobotPlanning-isolated,2025-09-08 00:31:28,310,114853
-1,random-32-32-20.map,random-32-32-20-random-1.scen,58,12400F,CBSDepthGoalDistancePriorityReverse,ASTAR-whoenig,1,NULL,NULL,1558,1.197,NULL,https://github.com/ssfc/libMultiRobotPlanning-isolated,2025-09-08 00:31:29,333,128219
-1,random-32-32-20.map,random-32-32-20-random-1.scen,59,12400F,CBSDepthGoalDistancePriorityReverse,ASTAR-whoenig,1,NULL,NULL,1602,1.56032,NULL,https://github.com/ssfc/libMultiRobotPlanning-isolated,2025-09-08 00:31:30,449,169443
-1,random-32-32-20.map,random-32-32-20-random-1.scen,60,12400F,CBSDepthGoalDistancePriorityReverse,ASTAR-whoenig,1,NULL,NULL,1704,3.16177,NULL,https://github.com/ssfc/libMultiRobotPlanning-isolated,2025-09-08 00:31:33,732,367867
-1,random-32-32-20.map,random-32-32-20-random-1.scen,61,12400F,CBSDepthGoalDistancePriorityReverse,ASTAR-whoenig,1,NULL,NULL,1719,3.19236,NULL,https://github.com/ssfc/libMultiRobotPlanning-isolated,2025-09-08 00:31:37,732,367889
-1,random-32-32-20.map,random-32-32-20-random-1.scen,62,12400F,CBSDepthGoalDistancePriorityReverse,ASTAR-whoenig,1,NULL,NULL,1749,3.24971,NULL,https://github.com/ssfc/libMultiRobotPlanning-isolated,2025-09-08 00:31:40,735,368664
-1,random-32-32-20.map,random-32-32-20-random-1.scen,63,12400F,CBSDepthGoalDistancePriorityReverse,ASTAR-whoenig,1,NULL,NULL,1774,3.42658,NULL,https://github.com/ssfc/libMultiRobotPlanning-isolated,2025-09-08 00:31:43,770,379160
-1,random-32-32-20.map,random-32-32-20-random-1.scen,64,12400F,CBSDepthGoalDistancePriorityReverse,ASTAR-whoenig,1,NULL,NULL,1802,3.55897,NULL,https://github.com/ssfc/libMultiRobotPlanning-isolated,2025-09-08 00:31:47,801,386076
-1,random-32-32-20.map,random-32-32-20-random-1.scen,65,12400F,CBSDepthGoalDistancePriorityReverse,ASTAR-whoenig,1,NULL,NULL,1831,3.63288,NULL,https://github.com/ssfc/libMultiRobotPlanning-isolated,2025-09-08 00:31:51,811,387179
-1,random-32-32-20.map,random-32-32-20-random-1.scen,66,12400F,CBSDepthGoalDistancePriorityReverse,ASTAR-whoenig,1,NULL,NULL,1866,3.67625,NULL,https://github.com/ssfc/libMultiRobotPlanning-isolated,2025-09-08 00:31:54,811,387223
-1,random-32-32-20.map,random-32-32-20-random-1.scen,67,12400F,CBSDepthGoalDistancePriorityReverse,ASTAR-whoenig,1,NULL,NULL,1889,3.72765,NULL,https://github.com/ssfc/libMultiRobotPlanning-isolated,2025-09-08 00:31:58,811,387245
-1,random-32-32-20.map,random-32-32-20-random-1.scen,68,12400F,CBSDepthGoalDistancePriorityReverse,ASTAR-whoenig,1,NULL,NULL,1936,4.68472,NULL,https://github.com/ssfc/libMultiRobotPlanning-isolated,2025-09-08 00:32:03,948,499096
-1,random-32-32-20.map,random-32-32-20-random-1.scen,69,12400F,CBSDepthGoalDistancePriorityReverse,ASTAR-whoenig,1,NULL,NULL,1948,4.75139,NULL,https://github.com/ssfc/libMultiRobotPlanning-isolated,2025-09-08 00:32:08,949,499305
-1,random-32-32-20.map,random-32-32-20-random-1.scen,70,12400F,CBSDepthGoalDistancePriorityReverse,ASTAR-whoenig,1,NULL,NULL,1994,4.79467,NULL,https://github.com/ssfc/libMultiRobotPlanning-isolated,2025-09-08 00:32:12,944,496998
-1,random-32-32-20.map,random-32-32-20-random-1.scen,71,12400F,CBSDepthGoalDistancePriorityReverse,ASTAR-whoenig,1,NULL,NULL,2001,4.04728,NULL,https://github.com/ssfc/libMultiRobotPlanning-isolated,2025-09-08 00:32:16,814,393448
-1,random-32-32-20.map,random-32-32-20-random-1.scen,72,12400F,CBSDepthGoalDistancePriorityReverse,ASTAR-whoenig,1,NULL,NULL,2049,4.59543,NULL,https://github.com/ssfc/libMultiRobotPlanning-isolated,2025-09-08 00:32:21,855,470450
-1,random-32-32-20.map,random-32-32-20-random-1.scen,73,12400F,CBSDepthGoalDistancePriorityReverse,ASTAR-whoenig,1,NULL,NULL,2067,4.65684,NULL,https://github.com/ssfc/libMultiRobotPlanning-isolated,2025-09-08 00:32:26,855,470472
-1,random-32-32-20.map,random-32-32-20-random-1.scen,74,12400F,CBSDepthGoalDistancePriorityReverse,ASTAR-whoenig,1,NULL,NULL,2081,4.71945,NULL,https://github.com/ssfc/libMultiRobotPlanning-isolated,2025-09-08 00:32:30,855,470487
-1,random-32-32-20.map,random-32-32-20-random-1.scen,75,12400F,CBSDepthGoalDistancePriorityReverse,ASTAR-whoenig,1,NULL,NULL,2114,5.21206,NULL,https://github.com/ssfc/libMultiRobotPlanning-isolated,2025-09-08 00:32:36,915,513281
-1,random-32-32-20.map,random-32-32-20-random-1.scen,76,12400F,CBSDepthGoalDistancePriorityReverse,ASTAR-whoenig,1,NULL,NULL,2136,5.3138,NULL,https://github.com/ssfc/libMultiRobotPlanning-isolated,2025-09-08 00:32:41,924,516197
-1,random-32-32-20.map,random-32-32-20-random-1.scen,77,12400F,CBSDepthGoalDistancePriorityReverse,ASTAR-whoenig,1,NULL,NULL,2153,5.42683,NULL,https://github.com/ssfc/libMultiRobotPlanning-isolated,2025-09-08 00:32:47,928,517663
-1,random-32-32-20.map,random-32-32-20-random-1.scen,78,12400F,CBSDepthGoalDistancePriorityReverse,ASTAR-whoenig,1,NULL,NULL,2194,5.97062,NULL,https://github.com/ssfc/libMultiRobotPlanning-isolated,2025-09-08 00:32:52,989,572025
-1,random-32-32-20.map,random-32-32-20-random-1.scen,79,12400F,CBSDepthGoalDistancePriorityReverse,ASTAR-whoenig,1,NULL,NULL,2207,6.0411,NULL,https://github.com/ssfc/libMultiRobotPlanning-isolated,2025-09-08 00:32:59,989,572050
-1,random-32-32-20.map,random-32-32-20-random-1.scen,80,12400F,CBSDepthGoalDistancePriorityReverse,ASTAR-whoenig,1,NULL,NULL,2279,7.20151,NULL,https://github.com/ssfc/libMultiRobotPlanning-isolated,2025-09-08 00:33:06,1163,666153
-1,random-32-32-20.map,random-32-32-20-random-1.scen,81,12400F,CBSDepthGoalDistancePriorityReverse,ASTAR-whoenig,1,NULL,NULL,2304,7.29508,NULL,https://github.com/ssfc/libMultiRobotPlanning-isolated,2025-09-08 00:33:13,1166,666419
-1,random-32-32-20.map,random-32-32-20-random-1.scen,82,12400F,CBSDepthGoalDistancePriorityReverse,ASTAR-whoenig,1,NULL,NULL,2330,7.57063,NULL,https://github.com/ssfc/libMultiRobotPlanning-isolated,2025-09-08 00:33:21,1187,677518
-1,random-32-32-20.map,random-32-32-20-random-1.scen,83,12400F,CBSDepthGoalDistancePriorityReverse,ASTAR-whoenig,1,NULL,NULL,2352,7.84917,NULL,https://github.com/ssfc/libMultiRobotPlanning-isolated,2025-09-08 00:33:29,1220,688421
-1,random-32-32-20.map,random-32-32-20-random-1.scen,84,12400F,CBSDepthGoalDistancePriorityReverse,ASTAR-whoenig,1,NULL,NULL,2413,9.23776,NULL,https://github.com/ssfc/libMultiRobotPlanning-isolated,2025-09-08 00:33:38,1406,814560
-1,random-32-32-20.map,random-32-32-20-random-1.scen,85,12400F,CBSDepthGoalDistancePriorityReverse,ASTAR-whoenig,1,NULL,NULL,2462,9.2864,NULL,https://github.com/ssfc/libMultiRobotPlanning-isolated,2025-09-08 00:33:47,1424,785238
-1,random-32-32-20.map,random-32-32-20-random-1.scen,86,12400F,CBSDepthGoalDistancePriorityReverse,ASTAR-whoenig,1,NULL,NULL,2506,10.5554,NULL,https://github.com/ssfc/libMultiRobotPlanning-isolated,2025-09-08 00:33:58,1568,883914
-1,random-32-32-20.map,random-32-32-20-random-1.scen,87,12400F,CBSDepthGoalDistancePriorityReverse,ASTAR-whoenig,1,NULL,NULL,2555,13.7941,NULL,https://github.com/ssfc/libMultiRobotPlanning-isolated,2025-09-08 00:34:12,1912,1216938
-1,random-32-32-20.map,random-32-32-20-random-1.scen,88,12400F,CBSDepthGoalDistancePriorityReverse,ASTAR-whoenig,1,NULL,NULL,2578,13.9988,NULL,https://github.com/ssfc/libMultiRobotPlanning-isolated,2025-09-08 00:34:26,1919,1217894
-1,random-32-32-20.map,random-32-32-20-random-1.scen,89,12400F,CBSDepthGoalDistancePriorityReverse,ASTAR-whoenig,1,NULL,NULL,2615,15.5279,NULL,https://github.com/ssfc/libMultiRobotPlanning-isolated,2025-09-08 00:34:41,2095,1324017
-1,random-32-32-20.map,random-32-32-20-random-1.scen,90,12400F,CBSDepthGoalDistancePriorityReverse,ASTAR-whoenig,1,NULL,NULL,2678,16.5399,NULL,https://github.com/ssfc/libMultiRobotPlanning-isolated,2025-09-08 00:34:58,2177,1398734
-1,random-32-32-20.map,random-32-32-20-random-1.scen,91,12400F,CBSDepthGoalDistancePriorityReverse,ASTAR-whoenig,1,NULL,NULL,2694,16.7413,NULL,https://github.com/ssfc/libMultiRobotPlanning-isolated,2025-09-08 00:35:15,2177,1398771
-1,random-32-32-20.map,random-32-32-20-random-1.scen,92,12400F,CBSDepthGoalDistancePriorityReverse,ASTAR-whoenig,1,NULL,NULL,3016,64.8824,NULL,https://github.com/ssfc/libMultiRobotPlanning-isolated,2025-09-08 00:36:20,5543,6355419
-1,random-32-32-20.map,random-32-32-20-random-1.scen,93,12400F,CBSDepthGoalDistancePriorityReverse,ASTAR-whoenig,1,NULL,NULL,2865,31.6873,NULL,https://github.com/ssfc/libMultiRobotPlanning-isolated,2025-09-08 00:36:52,3534,2699316
-1,random-32-32-20.map,random-32-32-20-random-1.scen,94,12400F,CBSDepthGoalDistancePriorityReverse,ASTAR-whoenig,1,NULL,NULL,2905,36.5327,NULL,https://github.com/ssfc/libMultiRobotPlanning-isolated,2025-09-08 00:37:29,3854,3135085
-1,random-32-32-20.map,random-32-32-20-random-1.scen,95,12400F,CBSDepthGoalDistancePriorityReverse,ASTAR-whoenig,1,NULL,NULL,2946,38.0367,NULL,https://github.com/ssfc/libMultiRobotPlanning-isolated,2025-09-08 00:38:07,3945,3230869
-1,random-32-32-20.map,random-32-32-20-random-1.scen,96,12400F,CBSDepthGoalDistancePriorityReverse,ASTAR-whoenig,1,NULL,NULL,2954,38.4777,NULL,https://github.com/ssfc/libMultiRobotPlanning-isolated,2025-09-08 00:38:46,3945,3230876
-1,random-32-32-20.map,random-32-32-20-random-1.scen,97,12400F,CBSDepthGoalDistancePriorityReverse,ASTAR-whoenig,1,NULL,NULL,3023,41.2186,NULL,https://github.com/ssfc/libMultiRobotPlanning-isolated,2025-09-08 00:39:27,4152,3470696
-1,random-32-32-20.map,random-32-32-20-random-1.scen,98,12400F,CBSDepthGoalDistancePriorityReverse,ASTAR-whoenig,1,NULL,NULL,3043,41.6723,NULL,https://github.com/ssfc/libMultiRobotPlanning-isolated,2025-09-08 00:40:09,4158,3473147
-1,random-32-32-20.map,random-32-32-20-random-1.scen,99,12400F,CBSDepthGoalDistancePriorityReverse,ASTAR-whoenig,1,NULL,NULL,3042,612.095,NULL,https://github.com/ssfc/libMultiRobotPlanning-isolated,2025-09-08 00:50:22,52959,52110200
-1,random-32-32-20.map,random-32-32-20-random-1.scen,100,12400F,CBSDepthGoalDistancePriorityReverse,ASTAR-whoenig,1,NULL,NULL,3051,620.447,NULL,https://github.com/ssfc/libMultiRobotPlanning-isolated,2025-09-08 01:00:49,52959,52110208
-1,random-32-32-20.map,random-32-32-20-random-1.scen,101,12400F,CBSDepthGoalDistancePriorityReverse,ASTAR-whoenig,1,NULL,NULL,3129,203.598,NULL,https://github.com/ssfc/libMultiRobotPlanning-isolated,2025-09-08 01:04:19,24291,14478177
-1,random-32-32-20.map,random-32-32-20-random-1.scen,102,12400F,CBSDepthGoalDistancePriorityReverse,ASTAR-whoenig,1,NULL,NULL,INF,1800.04,NULL,https://github.com/ssfc/libMultiRobotPlanning-isolated,2025-09-08 01:34:21,152141,150690767
-1,random-32-32-20.map,random-32-32-20-random-1.scen,103,12400F,CBSDepthGoalDistancePriorityReverse,ASTAR-whoenig,1,NULL,NULL,INF,1800.11,NULL,https://github.com/ssfc/libMultiRobotPlanning-isolated,2025-09-08 02:04:40,149451,149108583
-1,random-32-32-20.map,random-32-32-20-random-1.scen,104,12400F,CBSDepthGoalDistancePriorityReverse,ASTAR-whoenig,1,NULL,NULL,INF,1800.24,NULL,https://github.com/ssfc/libMultiRobotPlanning-isolated,2025-09-08 02:34:58,150601,146932008
-1,random-32-32-20.map,random-32-32-20-random-1.scen,105,12400F,CBSDepthGoalDistancePriorityReverse,ASTAR-whoenig,1,NULL,NULL,INF,1800.04,NULL,https://github.com/ssfc/libMultiRobotPlanning-isolated,2025-09-08 03:05:16,160051,141862026
-1,random-32-32-20.map,random-32-32-20-random-1.scen,106,12400F,CBSDepthGoalDistancePriorityReverse,ASTAR-whoenig,1,NULL,NULL,INF,1800.07,NULL,https://github.com/ssfc/libMultiRobotPlanning-isolated,2025-09-08 03:35:33,159671,140046445
-1,random-32-32-20.map,random-32-32-20-random-1.scen,107,12400F,CBSDepthGoalDistancePriorityReverse,ASTAR-whoenig,1,NULL,NULL,3505,1212.26,NULL,https://github.com/ssfc/libMultiRobotPlanning-isolated,2025-09-08 03:56:02,119496,85935581
-1,random-32-32-20.map,random-32-32-20-random-1.scen,108,12400F,CBSDepthGoalDistancePriorityReverse,ASTAR-whoenig,1,NULL,NULL,3435,1073.25,NULL,https://github.com/ssfc/libMultiRobotPlanning-isolated,2025-09-08 04:14:07,91117,80059983
-1,random-32-32-20.map,random-32-32-20-random-1.scen,110,12400F,CBSDepthGoalDistancePriorityReverse,ASTAR-whoenig,1,NULL,NULL,INF,1800.05,NULL,https://github.com/ssfc/libMultiRobotPlanning-isolated,2025-09-08 04:49:10,450151,80092684
-1,random-32-32-20.map,random-32-32-20-random-1.scen,111,12400F,CBSDepthGoalDistancePriorityReverse,ASTAR-whoenig,1,NULL,NULL,INF,1800.01,NULL,https://github.com/ssfc/libMultiRobotPlanning-isolated,2025-09-08 05:19:22,434981,81878562
-1,random-32-32-20.map,random-32-32-20-random-1.scen,1,12400F,CBSDepthSelectConflictReverse,ASTAR-whoenig,1,NULL,NULL,38,0.000997,NULL,https://github.com/ssfc/libMultiRobotPlanning-isolated,2025-09-08 05:49:27,1,168
-1,random-32-32-20.map,random-32-32-20-random-1.scen,2,12400F,CBSDepthSelectConflictReverse,ASTAR-whoenig,1,NULL,NULL,52,0.002259,NULL,https://github.com/ssfc/libMultiRobotPlanning-isolated,2025-09-08 05:49:27,1,210
-1,random-32-32-20.map,random-32-32-20-random-1.scen,3,12400F,CBSDepthSelectConflictReverse,ASTAR-whoenig,1,NULL,NULL,83,0.005698,NULL,https://github.com/ssfc/libMultiRobotPlanning-isolated,2025-09-08 05:49:27,1,518
-1,random-32-32-20.map,random-32-32-20-random-1.scen,4,12400F,CBSDepthSelectConflictReverse,ASTAR-whoenig,1,NULL,NULL,105,0.011157,NULL,https://github.com/ssfc/libMultiRobotPlanning-isolated,2025-09-08 05:49:27,1,579
-1,random-32-32-20.map,random-32-32-20-random-1.scen,5,12400F,CBSDepthSelectConflictReverse,ASTAR-whoenig,1,NULL,NULL,138,0.009923,NULL,https://github.com/ssfc/libMultiRobotPlanning-isolated,2025-09-08 05:49:27,1,692
-1,random-32-32-20.map,random-32-32-20-random-1.scen,6,12400F,CBSDepthSelectConflictReverse,ASTAR-whoenig,1,NULL,NULL,164,0.008973,NULL,https://github.com/ssfc/libMultiRobotPlanning-isolated,2025-09-08 05:49:27,1,779
-1,random-32-32-20.map,random-32-32-20-random-1.scen,7,12400F,CBSDepthSelectConflictReverse,ASTAR-whoenig,1,NULL,NULL,181,0.006524,NULL,https://github.com/ssfc/libMultiRobotPlanning-isolated,2025-09-08 05:49:27,1,814
-1,random-32-32-20.map,random-32-32-20-random-1.scen,8,12400F,CBSDepthSelectConflictReverse,ASTAR-whoenig,1,NULL,NULL,193,0.006969,NULL,https://github.com/ssfc/libMultiRobotPlanning-isolated,2025-09-08 05:49:27,2,881
-1,random-32-32-20.map,random-32-32-20-random-1.scen,9,12400F,CBSDepthSelectConflictReverse,ASTAR-whoenig,1,NULL,NULL,199,0.007389,NULL,https://github.com/ssfc/libMultiRobotPlanning-isolated,2025-09-08 05:49:27,2,886
-1,random-32-32-20.map,random-32-32-20-random-1.scen,10,12400F,CBSDepthSelectConflictReverse,ASTAR-whoenig,1,NULL,NULL,216,0.00698,NULL,https://github.com/ssfc/libMultiRobotPlanning-isolated,2025-09-08 05:49:27,2,903
-1,random-32-32-20.map,random-32-32-20-random-1.scen,11,12400F,CBSDepthSelectConflictReverse,ASTAR-whoenig,1,NULL,NULL,240,0.008278,NULL,https://github.com/ssfc/libMultiRobotPlanning-isolated,2025-09-08 05:49:27,3,1118
-1,random-32-32-20.map,random-32-32-20-random-1.scen,12,12400F,CBSDepthSelectConflictReverse,ASTAR-whoenig,1,NULL,NULL,265,0.011523,NULL,https://github.com/ssfc/libMultiRobotPlanning-isolated,2025-09-08 05:49:27,3,1158
-1,random-32-32-20.map,random-32-32-20-random-1.scen,13,12400F,CBSDepthSelectConflictReverse,ASTAR-whoenig,1,NULL,NULL,282,0.016233,NULL,https://github.com/ssfc/libMultiRobotPlanning-isolated,2025-09-08 05:49:27,8,2142
-1,random-32-32-20.map,random-32-32-20-random-1.scen,14,12400F,CBSDepthSelectConflictReverse,ASTAR-whoenig,1,NULL,NULL,332,0.017593,NULL,https://github.com/ssfc/libMultiRobotPlanning-isolated,2025-09-08 05:49:27,9,2468
-1,random-32-32-20.map,random-32-32-20-random-1.scen,15,12400F,CBSDepthSelectConflictReverse,ASTAR-whoenig,1,NULL,NULL,357,0.01637,NULL,https://github.com/ssfc/libMultiRobotPlanning-isolated,2025-09-08 05:49:27,9,2514
-1,random-32-32-20.map,random-32-32-20-random-1.scen,16,12400F,CBSDepthSelectConflictReverse,ASTAR-whoenig,1,NULL,NULL,397,0.021384,NULL,https://github.com/ssfc/libMultiRobotPlanning-isolated,2025-09-08 05:49:27,10,3314
-1,random-32-32-20.map,random-32-32-20-random-1.scen,17,12400F,CBSDepthSelectConflictReverse,ASTAR-whoenig,1,NULL,NULL,417,0.022474,NULL,https://github.com/ssfc/libMultiRobotPlanning-isolated,2025-09-08 05:49:27,10,3334
-1,random-32-32-20.map,random-32-32-20-random-1.scen,18,12400F,CBSDepthSelectConflictReverse,ASTAR-whoenig,1,NULL,NULL,426,0.022048,NULL,https://github.com/ssfc/libMultiRobotPlanning-isolated,2025-09-08 05:49:27,10,3342
-1,random-32-32-20.map,random-32-32-20-random-1.scen,19,12400F,CBSDepthSelectConflictReverse,ASTAR-whoenig,1,NULL,NULL,440,0.022048,NULL,https://github.com/ssfc/libMultiRobotPlanning-isolated,2025-09-08 05:49:27,10,3360
-1,random-32-32-20.map,random-32-32-20-random-1.scen,20,12400F,CBSDepthSelectConflictReverse,ASTAR-whoenig,1,NULL,NULL,450,0.022776,NULL,https://github.com/ssfc/libMultiRobotPlanning-isolated,2025-09-08 05:49:27,10,3369
-1,random-32-32-20.map,random-32-32-20-random-1.scen,21,12400F,CBSDepthSelectConflictReverse,ASTAR-whoenig,1,NULL,NULL,483,0.023608,NULL,https://github.com/ssfc/libMultiRobotPlanning-isolated,2025-09-08 05:49:27,10,3435
-1,random-32-32-20.map,random-32-32-20-random-1.scen,22,12400F,CBSDepthSelectConflictReverse,ASTAR-whoenig,1,NULL,NULL,495,0.025091,NULL,https://github.com/ssfc/libMultiRobotPlanning-isolated,2025-09-08 05:49:27,13,3531
-1,random-32-32-20.map,random-32-32-20-random-1.scen,23,12400F,CBSDepthSelectConflictReverse,ASTAR-whoenig,1,NULL,NULL,511,0.030398,NULL,https://github.com/ssfc/libMultiRobotPlanning-isolated,2025-09-08 05:49:27,16,4077
-1,random-32-32-20.map,random-32-32-20-random-1.scen,24,12400F,CBSDepthSelectConflictReverse,ASTAR-whoenig,1,NULL,NULL,560,0.031992,NULL,https://github.com/ssfc/libMultiRobotPlanning-isolated,2025-09-08 05:49:27,17,4323
-1,random-32-32-20.map,random-32-32-20-random-1.scen,25,12400F,CBSDepthSelectConflictReverse,ASTAR-whoenig,1,NULL,NULL,576,0.033846,NULL,https://github.com/ssfc/libMultiRobotPlanning-isolated,2025-09-08 05:49:27,17,4390
-1,random-32-32-20.map,random-32-32-20-random-1.scen,26,12400F,CBSDepthSelectConflictReverse,ASTAR-whoenig,1,NULL,NULL,611,0.034431,NULL,https://github.com/ssfc/libMultiRobotPlanning-isolated,2025-09-08 05:49:28,17,4661
-1,random-32-32-20.map,random-32-32-20-random-1.scen,27,12400F,CBSDepthSelectConflictReverse,ASTAR-whoenig,1,NULL,NULL,648,0.073434,NULL,https://github.com/ssfc/libMultiRobotPlanning-isolated,2025-09-08 05:49:28,28,11142
-1,random-32-32-20.map,random-32-32-20-random-1.scen,28,12400F,CBSDepthSelectConflictReverse,ASTAR-whoenig,1,NULL,NULL,656,0.073141,NULL,https://github.com/ssfc/libMultiRobotPlanning-isolated,2025-09-08 05:49:28,28,11149
-1,random-32-32-20.map,random-32-32-20-random-1.scen,29,12400F,CBSDepthSelectConflictReverse,ASTAR-whoenig,1,NULL,NULL,664,0.074556,NULL,https://github.com/ssfc/libMultiRobotPlanning-isolated,2025-09-08 05:49:28,28,11159
-1,random-32-32-20.map,random-32-32-20-random-1.scen,30,12400F,CBSDepthSelectConflictReverse,ASTAR-whoenig,1,NULL,NULL,695,0.082483,NULL,https://github.com/ssfc/libMultiRobotPlanning-isolated,2025-09-08 05:49:28,31,12216
-1,random-32-32-20.map,random-32-32-20-random-1.scen,31,12400F,CBSDepthSelectConflictReverse,ASTAR-whoenig,1,NULL,NULL,737,0.227388,NULL,https://github.com/ssfc/libMultiRobotPlanning-isolated,2025-09-08 05:49:28,94,35940
-1,random-32-32-20.map,random-32-32-20-random-1.scen,32,12400F,CBSDepthSelectConflictReverse,ASTAR-whoenig,1,NULL,NULL,759,0.229968,NULL,https://github.com/ssfc/libMultiRobotPlanning-isolated,2025-09-08 05:49:28,94,35961
-1,random-32-32-20.map,random-32-32-20-random-1.scen,33,12400F,CBSDepthSelectConflictReverse,ASTAR-whoenig,1,NULL,NULL,769,0.231329,NULL,https://github.com/ssfc/libMultiRobotPlanning-isolated,2025-09-08 05:49:29,94,35970
-1,random-32-32-20.map,random-32-32-20-random-1.scen,34,12400F,CBSDepthSelectConflictReverse,ASTAR-whoenig,1,NULL,NULL,798,0.193994,NULL,https://github.com/ssfc/libMultiRobotPlanning-isolated,2025-09-08 05:49:29,78,29915
-1,random-32-32-20.map,random-32-32-20-random-1.scen,35,12400F,CBSDepthSelectConflictReverse,ASTAR-whoenig,1,NULL,NULL,826,0.197796,NULL,https://github.com/ssfc/libMultiRobotPlanning-isolated,2025-09-08 05:49:29,78,29942
-1,random-32-32-20.map,random-32-32-20-random-1.scen,36,12400F,CBSDepthSelectConflictReverse,ASTAR-whoenig,1,NULL,NULL,869,0.213347,NULL,https://github.com/ssfc/libMultiRobotPlanning-isolated,2025-09-08 05:49:29,82,32582
-1,random-32-32-20.map,random-32-32-20-random-1.scen,37,12400F,CBSDepthSelectConflictReverse,ASTAR-whoenig,1,NULL,NULL,877,0.214581,NULL,https://github.com/ssfc/libMultiRobotPlanning-isolated,2025-09-08 05:49:29,82,32589
-1,random-32-32-20.map,random-32-32-20-random-1.scen,38,12400F,CBSDepthSelectConflictReverse,ASTAR-whoenig,1,NULL,NULL,888,0.21801,NULL,https://github.com/ssfc/libMultiRobotPlanning-isolated,2025-09-08 05:49:30,83,32648
-1,random-32-32-20.map,random-32-32-20-random-1.scen,39,12400F,CBSDepthSelectConflictReverse,ASTAR-whoenig,1,NULL,NULL,902,0.179324,NULL,https://github.com/ssfc/libMultiRobotPlanning-isolated,2025-09-08 05:49:30,80,23380
-1,random-32-32-20.map,random-32-32-20-random-1.scen,40,12400F,CBSDepthSelectConflictReverse,ASTAR-whoenig,1,NULL,NULL,951,0.278655,NULL,https://github.com/ssfc/libMultiRobotPlanning-isolated,2025-09-08 05:49:30,120,38806
-1,random-32-32-20.map,random-32-32-20-random-1.scen,41,12400F,CBSDepthSelectConflictReverse,ASTAR-whoenig,1,NULL,NULL,971,0.281405,NULL,https://github.com/ssfc/libMultiRobotPlanning-isolated,2025-09-08 05:49:30,120,38839
-1,random-32-32-20.map,random-32-32-20-random-1.scen,42,12400F,CBSDepthSelectConflictReverse,ASTAR-whoenig,1,NULL,NULL,983,0.28335,NULL,https://github.com/ssfc/libMultiRobotPlanning-isolated,2025-09-08 05:49:31,120,38857
-1,random-32-32-20.map,random-32-32-20-random-1.scen,43,12400F,CBSDepthSelectConflictReverse,ASTAR-whoenig,1,NULL,NULL,1024,0.285972,NULL,https://github.com/ssfc/libMultiRobotPlanning-isolated,2025-09-08 05:49:31,121,38508
-1,random-32-32-20.map,random-32-32-20-random-1.scen,44,12400F,CBSDepthSelectConflictReverse,ASTAR-whoenig,1,NULL,NULL,1067,0.323643,NULL,https://github.com/ssfc/libMultiRobotPlanning-isolated,2025-09-08 05:49:31,131,43728
-1,random-32-32-20.map,random-32-32-20-random-1.scen,45,12400F,CBSDepthSelectConflictReverse,ASTAR-whoenig,1,NULL,NULL,1105,0.326845,NULL,https://github.com/ssfc/libMultiRobotPlanning-isolated,2025-09-08 05:49:32,131,43816
-1,random-32-32-20.map,random-32-32-20-random-1.scen,46,12400F,CBSDepthSelectConflictReverse,ASTAR-whoenig,1,NULL,NULL,1120,0.233033,NULL,https://github.com/ssfc/libMultiRobotPlanning-isolated,2025-09-08 05:49:32,99,28355
-1,random-32-32-20.map,random-32-32-20-random-1.scen,47,12400F,CBSDepthSelectConflictReverse,ASTAR-whoenig,1,NULL,NULL,1193,0.689947,NULL,https://github.com/ssfc/libMultiRobotPlanning-isolated,2025-09-08 05:49:32,264,93150
-1,random-32-32-20.map,random-32-32-20-random-1.scen,48,12400F,CBSDepthSelectConflictReverse,ASTAR-whoenig,1,NULL,NULL,1408,9.09837,NULL,https://github.com/ssfc/libMultiRobotPlanning-isolated,2025-09-08 05:49:42,1762,1515231
-1,random-32-32-20.map,random-32-32-20-random-1.scen,49,12400F,CBSDepthSelectConflictReverse,ASTAR-whoenig,1,NULL,NULL,1424,9.13586,NULL,https://github.com/ssfc/libMultiRobotPlanning-isolated,2025-09-08 05:49:51,1764,1516272
-1,random-32-32-20.map,random-32-32-20-random-1.scen,50,12400F,CBSDepthSelectConflictReverse,ASTAR-whoenig,1,NULL,NULL,1594,37.7203,NULL,https://github.com/ssfc/libMultiRobotPlanning-isolated,2025-09-08 05:50:29,5892,6371636
-1,random-32-32-20.map,random-32-32-20-random-1.scen,51,12400F,CBSDepthSelectConflictReverse,ASTAR-whoenig,1,NULL,NULL,1616,20.8922,NULL,https://github.com/ssfc/libMultiRobotPlanning-isolated,2025-09-08 05:50:50,3076,3497316
-1,random-32-32-20.map,random-32-32-20-random-1.scen,52,12400F,CBSDepthSelectConflictReverse,ASTAR-whoenig,1,NULL,NULL,1634,20.9919,NULL,https://github.com/ssfc/libMultiRobotPlanning-isolated,2025-09-08 05:51:11,3076,3497333
-1,random-32-32-20.map,random-32-32-20-random-1.scen,53,12400F,CBSDepthSelectConflictReverse,ASTAR-whoenig,1,NULL,NULL,1702,25.833,NULL,https://github.com/ssfc/libMultiRobotPlanning-isolated,2025-09-08 05:51:37,3425,4365774
-1,random-32-32-20.map,random-32-32-20-random-1.scen,54,12400F,CBSDepthSelectConflictReverse,ASTAR-whoenig,1,NULL,NULL,1567,11.4231,NULL,https://github.com/ssfc/libMultiRobotPlanning-isolated,2025-09-08 05:51:49,2538,1761836
-1,random-32-32-20.map,random-32-32-20-random-1.scen,55,12400F,CBSDepthSelectConflictReverse,ASTAR-whoenig,1,NULL,NULL,1586,11.4946,NULL,https://github.com/ssfc/libMultiRobotPlanning-isolated,2025-09-08 05:52:00,2564,1767943
-1,random-32-32-20.map,random-32-32-20-random-1.scen,56,12400F,CBSDepthSelectConflictReverse,ASTAR-whoenig,1,NULL,NULL,1809,36.3642,NULL,https://github.com/ssfc/libMultiRobotPlanning-isolated,2025-09-08 05:52:37,5523,5776196
-1,random-32-32-20.map,random-32-32-20-random-1.scen,57,12400F,CBSDepthSelectConflictReverse,ASTAR-whoenig,1,NULL,NULL,1598,3.25745,NULL,https://github.com/ssfc/libMultiRobotPlanning-isolated,2025-09-08 05:52:40,864,464160
-1,random-32-32-20.map,random-32-32-20-random-1.scen,58,12400F,CBSDepthSelectConflictReverse,ASTAR-whoenig,1,NULL,NULL,1902,29.1564,NULL,https://github.com/ssfc/libMultiRobotPlanning-isolated,2025-09-08 05:53:09,3571,4875545
-1,random-32-32-20.map,random-32-32-20-random-1.scen,59,12400F,CBSDepthSelectConflictReverse,ASTAR-whoenig,1,NULL,NULL,1951,747.03,NULL,https://github.com/ssfc/libMultiRobotPlanning-isolated,2025-09-08 06:05:37,58697,123265629
-1,random-32-32-20.map,random-32-32-20-random-1.scen,60,12400F,CBSDepthSelectConflictReverse,ASTAR-whoenig,1,NULL,NULL,1826,498.531,NULL,https://github.com/ssfc/libMultiRobotPlanning-isolated,2025-09-08 06:14:01,19316,81979489
-1,random-32-32-20.map,random-32-32-20-random-1.scen,61,12400F,CBSDepthSelectConflictReverse,ASTAR-whoenig,1,NULL,NULL,1840,198.259,NULL,https://github.com/ssfc/libMultiRobotPlanning-isolated,2025-09-08 06:17:23,12938,31908462
-1,random-32-32-20.map,random-32-32-20-random-1.scen,62,12400F,CBSDepthSelectConflictReverse,ASTAR-whoenig,1,NULL,NULL,2071,571.666,NULL,https://github.com/ssfc/libMultiRobotPlanning-isolated,2025-09-08 06:26:57,38483,94685004
-1,random-32-32-20.map,random-32-32-20-random-1.scen,63,12400F,CBSDepthSelectConflictReverse,ASTAR-whoenig,1,NULL,NULL,INF,1800.06,NULL,https://github.com/ssfc/libMultiRobotPlanning-isolated,2025-09-08 06:57:03,103411,278266277
-1,random-32-32-20.map,random-32-32-20-random-1.scen,64,12400F,CBSDepthSelectConflictReverse,ASTAR-whoenig,1,NULL,NULL,2354,298.375,NULL,https://github.com/ssfc/libMultiRobotPlanning-isolated,2025-09-08 07:02:21,30376,46690695
-1,random-32-32-20.map,random-32-32-20-random-1.scen,65,12400F,CBSDepthSelectConflictReverse,ASTAR-whoenig,1,NULL,NULL,2004,1383.76,NULL,https://github.com/ssfc/libMultiRobotPlanning-isolated,2025-09-08 07:25:28,148595,213105710
-1,random-32-32-20.map,random-32-32-20-random-1.scen,66,12400F,CBSDepthSelectConflictReverse,ASTAR-whoenig,1,NULL,NULL,2262,1412.19,NULL,https://github.com/ssfc/libMultiRobotPlanning-isolated,2025-09-08 07:49:16,114100,214576123
-1,random-32-32-20.map,random-32-32-20-random-1.scen,67,12400F,CBSDepthSelectConflictReverse,ASTAR-whoenig,1,NULL,NULL,INF,1800.02,NULL,https://github.com/ssfc/libMultiRobotPlanning-isolated,2025-09-08 08:19:33,198281,275235197
-1,random-32-32-20.map,random-32-32-20-random-1.scen,68,12400F,CBSDepthSelectConflictReverse,ASTAR-whoenig,1,NULL,NULL,INF,1800.08,NULL,https://github.com/ssfc/libMultiRobotPlanning-isolated,2025-09-08 08:49:53,165611,272916608
-1,random-32-32-20.map,random-32-32-20-random-1.scen,69,12400F,CBSDepthSelectConflictReverse,ASTAR-whoenig,1,NULL,NULL,INF,1800,NULL,https://github.com/ssfc/libMultiRobotPlanning-isolated,2025-09-08 09:20:15,165661,273001201
-1,random-32-32-20.map,random-32-32-20-random-1.scen,70,12400F,CBSDepthSelectConflictReverse,ASTAR-whoenig,1,NULL,NULL,INF,1800.05,NULL,https://github.com/ssfc/libMultiRobotPlanning-isolated,2025-09-08 09:50:36,112241,260925965
-1,random-32-32-20.map,random-32-32-20-random-1.scen,71,12400F,CBSDepthSelectConflictReverse,ASTAR-whoenig,1,NULL,NULL,1971,87.5788,NULL,https://github.com/ssfc/libMultiRobotPlanning-isolated,2025-09-08 09:52:25,20638,11490009
-1,random-32-32-20.map,random-32-32-20-random-1.scen,72,12400F,CBSDepthSelectConflictReverse,ASTAR-whoenig,1,NULL,NULL,INF,1800.01,NULL,https://github.com/ssfc/libMultiRobotPlanning-isolated,2025-09-08 10:22:25,341491,245089797
-1,random-32-32-20.map,random-32-32-20-random-1.scen,73,12400F,CBSDepthSelectConflictReverse,ASTAR-whoenig,1,NULL,NULL,INF,1800.01,NULL,https://github.com/ssfc/libMultiRobotPlanning-isolated,2025-09-08 10:52:46,340241,244191256
-1,random-32-32-20.map,random-32-32-20-random-1.scen,74,12400F,CBSDepthSelectConflictReverse,ASTAR-whoenig,1,NULL,NULL,INF,1800.02,NULL,https://github.com/ssfc/libMultiRobotPlanning-isolated,2025-09-08 11:23:06,351981,241311033
-1,random-32-32-20.map,random-32-32-20-random-1.scen,75,12400F,CBSDepthSelectConflictReverse,ASTAR-whoenig,1,NULL,NULL,INF,1800.02,NULL,https://github.com/ssfc/libMultiRobotPlanning-isolated,2025-09-08 11:53:26,363021,237776545
-1,random-32-32-20.map,random-32-32-20-random-1.scen,76,12400F,CBSDepthSelectConflictReverse,ASTAR-whoenig,1,NULL,NULL,INF,1800.03,NULL,https://github.com/ssfc/libMultiRobotPlanning-isolated,2025-09-08 12:23:46,384611,233675529
-1,random-32-32-20.map,random-32-32-20-random-1.scen,77,12400F,CBSDepthSelectConflictReverse,ASTAR-whoenig,1,NULL,NULL,INF,1800.01,NULL,https://github.com/ssfc/libMultiRobotPlanning-isolated,2025-09-08 12:54:06,348171,235611411
-1,random-32-32-10.map,random-32-32-10-random-1.scen,1,12400F,CBS-whoenig,whoenig-ASTAR,1,NULL,NULL,16,0.000282,NULL,https://github.com/ssfc/libMultiRobotPlanning-isolated,2025-09-08 13:16:36,1,35
-1,random-32-32-10.map,random-32-32-10-random-1.scen,2,12400F,CBS-whoenig,whoenig-ASTAR,1,NULL,NULL,51,0.00187,NULL,https://github.com/ssfc/libMultiRobotPlanning-isolated,2025-09-08 13:16:36,1,71
-1,random-32-32-10.map,random-32-32-10-random-1.scen,3,12400F,CBS-whoenig,whoenig-ASTAR,1,NULL,NULL,76,0.002187,NULL,https://github.com/ssfc/libMultiRobotPlanning-isolated,2025-09-08 13:16:36,1,116
-1,random-32-32-10.map,random-32-32-10-random-1.scen,4,12400F,CBS-whoenig,whoenig-ASTAR,1,NULL,NULL,85,0.002693,NULL,https://github.com/ssfc/libMultiRobotPlanning-isolated,2025-09-08 13:16:36,1,126
-1,random-32-32-10.map,random-32-32-10-random-1.scen,5,12400F,CBS-whoenig,whoenig-ASTAR,1,NULL,NULL,100,0.006388,NULL,https://github.com/ssfc/libMultiRobotPlanning-isolated,2025-09-08 13:16:36,2,212
-1,random-32-32-10.map,random-32-32-10-random-1.scen,6,12400F,CBS-whoenig,whoenig-ASTAR,1,NULL,NULL,130,0.007825,NULL,https://github.com/ssfc/libMultiRobotPlanning-isolated,2025-09-08 13:16:36,2,244
-1,random-32-32-10.map,random-32-32-10-random-1.scen,7,12400F,CBS-whoenig,whoenig-ASTAR,1,NULL,NULL,155,0.009386,NULL,https://github.com/ssfc/libMultiRobotPlanning-isolated,2025-09-08 13:16:36,2,281
-1,random-32-32-10.map,random-32-32-10-random-1.scen,8,12400F,CBS-whoenig,whoenig-ASTAR,1,NULL,NULL,208,0.010245,NULL,https://github.com/ssfc/libMultiRobotPlanning-isolated,2025-09-08 13:16:36,2,374
-1,random-32-32-10.map,random-32-32-10-random-1.scen,9,12400F,CBS-whoenig,whoenig-ASTAR,1,NULL,NULL,213,0.009799,NULL,https://github.com/ssfc/libMultiRobotPlanning-isolated,2025-09-08 13:16:36,2,380
-1,random-32-32-10.map,random-32-32-10-random-1.scen,10,12400F,CBS-whoenig,whoenig-ASTAR,1,NULL,NULL,232,0.007907,NULL,https://github.com/ssfc/libMultiRobotPlanning-isolated,2025-09-08 13:16:36,2,391
-1,random-32-32-10.map,random-32-32-10-random-1.scen,11,12400F,CBS-whoenig,whoenig-ASTAR,1,NULL,NULL,259,0.007028,NULL,https://github.com/ssfc/libMultiRobotPlanning-isolated,2025-09-08 13:16:36,2,419
-1,random-32-32-10.map,random-32-32-10-random-1.scen,12,12400F,CBS-whoenig,whoenig-ASTAR,1,NULL,NULL,273,0.008656,NULL,https://github.com/ssfc/libMultiRobotPlanning-isolated,2025-09-08 13:16:36,2,434
-1,random-32-32-10.map,random-32-32-10-random-1.scen,13,12400F,CBS-whoenig,whoenig-ASTAR,1,NULL,NULL,307,0.010713,NULL,https://github.com/ssfc/libMultiRobotPlanning-isolated,2025-09-08 13:16:36,2,490
-1,random-32-32-10.map,random-32-32-10-random-1.scen,14,12400F,CBS-whoenig,whoenig-ASTAR,1,NULL,NULL,341,0.009644,NULL,https://github.com/ssfc/libMultiRobotPlanning-isolated,2025-09-08 13:16:36,2,548
-1,random-32-32-10.map,random-32-32-10-random-1.scen,15,12400F,CBS-whoenig,whoenig-ASTAR,1,NULL,NULL,377,0.008328,NULL,https://github.com/ssfc/libMultiRobotPlanning-isolated,2025-09-08 13:16:36,2,585
-1,random-32-32-10.map,random-32-32-10-random-1.scen,16,12400F,CBS-whoenig,whoenig-ASTAR,1,NULL,NULL,407,0.007208,NULL,https://github.com/ssfc/libMultiRobotPlanning-isolated,2025-09-08 13:16:36,2,668
-1,random-32-32-10.map,random-32-32-10-random-1.scen,17,12400F,CBS-whoenig,whoenig-ASTAR,1,NULL,NULL,416,0.011559,NULL,https://github.com/ssfc/libMultiRobotPlanning-isolated,2025-09-08 13:16:36,2,678
-1,random-32-32-10.map,random-32-32-10-random-1.scen,18,12400F,CBS-whoenig,whoenig-ASTAR,1,NULL,NULL,439,0.009517,NULL,https://github.com/ssfc/libMultiRobotPlanning-isolated,2025-09-08 13:16:36,2,703
-1,random-32-32-10.map,random-32-32-10-random-1.scen,19,12400F,CBS-whoenig,whoenig-ASTAR,1,NULL,NULL,453,0.01079,NULL,https://github.com/ssfc/libMultiRobotPlanning-isolated,2025-09-08 13:16:36,2,718
-1,random-32-32-10.map,random-32-32-10-random-1.scen,20,12400F,CBS-whoenig,whoenig-ASTAR,1,NULL,NULL,474,0.015392,NULL,https://github.com/ssfc/libMultiRobotPlanning-isolated,2025-09-08 13:16:36,11,1303
-1,random-32-32-10.map,random-32-32-10-random-1.scen,21,12400F,CBS-whoenig,whoenig-ASTAR,1,NULL,NULL,501,0.019277,NULL,https://github.com/ssfc/libMultiRobotPlanning-isolated,2025-09-08 13:16:36,20,1871
-1,random-32-32-10.map,random-32-32-10-random-1.scen,22,12400F,CBS-whoenig,whoenig-ASTAR,1,NULL,NULL,526,0.017829,NULL,https://github.com/ssfc/libMultiRobotPlanning-isolated,2025-09-08 13:16:36,20,1897
-1,random-32-32-10.map,random-32-32-10-random-1.scen,23,12400F,CBS-whoenig,whoenig-ASTAR,1,NULL,NULL,559,0.021972,NULL,https://github.com/ssfc/libMultiRobotPlanning-isolated,2025-09-08 13:16:36,25,2261
-1,random-32-32-10.map,random-32-32-10-random-1.scen,24,12400F,CBS-whoenig,whoenig-ASTAR,1,NULL,NULL,570,0.022551,NULL,https://github.com/ssfc/libMultiRobotPlanning-isolated,2025-09-08 13:16:36,25,2284
-1,random-32-32-10.map,random-32-32-10-random-1.scen,25,12400F,CBS-whoenig,whoenig-ASTAR,1,NULL,NULL,591,0.023404,NULL,https://github.com/ssfc/libMultiRobotPlanning-isolated,2025-09-08 13:16:36,25,2306
-1,random-32-32-10.map,random-32-32-10-random-1.scen,26,12400F,CBS-whoenig,whoenig-ASTAR,1,NULL,NULL,607,0.023315,NULL,https://github.com/ssfc/libMultiRobotPlanning-isolated,2025-09-08 13:16:36,25,2323
-1,random-32-32-10.map,random-32-32-10-random-1.scen,27,12400F,CBS-whoenig,whoenig-ASTAR,1,NULL,NULL,623,0.027773,NULL,https://github.com/ssfc/libMultiRobotPlanning-isolated,2025-09-08 13:16:36,30,2653
-1,random-32-32-10.map,random-32-32-10-random-1.scen,28,12400F,CBS-whoenig,whoenig-ASTAR,1,NULL,NULL,658,0.029756,NULL,https://github.com/ssfc/libMultiRobotPlanning-isolated,2025-09-08 13:16:36,30,2693
-1,random-32-32-10.map,random-32-32-10-random-1.scen,29,12400F,CBS-whoenig,whoenig-ASTAR,1,NULL,NULL,670,0.029315,NULL,https://github.com/ssfc/libMultiRobotPlanning-isolated,2025-09-08 13:16:36,30,2706
-1,random-32-32-10.map,random-32-32-10-random-1.scen,30,12400F,CBS-whoenig,whoenig-ASTAR,1,NULL,NULL,720,0.038594,NULL,https://github.com/ssfc/libMultiRobotPlanning-isolated,2025-09-08 13:16:36,33,3335
-1,random-32-32-10.map,random-32-32-10-random-1.scen,31,12400F,CBS-whoenig,whoenig-ASTAR,1,NULL,NULL,757,0.040139,NULL,https://github.com/ssfc/libMultiRobotPlanning-isolated,2025-09-08 13:16:36,33,3382
-1,random-32-32-10.map,random-32-32-10-random-1.scen,32,12400F,CBS-whoenig,whoenig-ASTAR,1,NULL,NULL,770,0.039987,NULL,https://github.com/ssfc/libMultiRobotPlanning-isolated,2025-09-08 13:16:36,33,3396
-1,random-32-32-10.map,random-32-32-10-random-1.scen,33,12400F,CBS-whoenig,whoenig-ASTAR,1,NULL,NULL,812,0.042645,NULL,https://github.com/ssfc/libMultiRobotPlanning-isolated,2025-09-08 13:16:36,33,3447
-1,random-32-32-10.map,random-32-32-10-random-1.scen,34,12400F,CBS-whoenig,whoenig-ASTAR,1,NULL,NULL,822,0.033647,NULL,https://github.com/ssfc/libMultiRobotPlanning-isolated,2025-09-08 13:16:36,25,2896
-1,random-32-32-10.map,random-32-32-10-random-1.scen,35,12400F,CBS-whoenig,whoenig-ASTAR,1,NULL,NULL,830,0.034905,NULL,https://github.com/ssfc/libMultiRobotPlanning-isolated,2025-09-08 13:16:36,25,2905
-1,random-32-32-10.map,random-32-32-10-random-1.scen,36,12400F,CBS-whoenig,whoenig-ASTAR,1,NULL,NULL,846,0.051326,NULL,https://github.com/ssfc/libMultiRobotPlanning-isolated,2025-09-08 13:16:36,39,3862
-1,random-32-32-10.map,random-32-32-10-random-1.scen,37,12400F,CBS-whoenig,whoenig-ASTAR,1,NULL,NULL,877,0.052853,NULL,https://github.com/ssfc/libMultiRobotPlanning-isolated,2025-09-08 13:16:36,39,3894
-1,random-32-32-10.map,random-32-32-10-random-1.scen,38,12400F,CBS-whoenig,whoenig-ASTAR,1,NULL,NULL,899,0.070694,NULL,https://github.com/ssfc/libMultiRobotPlanning-isolated,2025-09-08 13:16:36,50,4919
-1,random-32-32-10.map,random-32-32-10-random-1.scen,39,12400F,CBS-whoenig,whoenig-ASTAR,1,NULL,NULL,916,0.072382,NULL,https://github.com/ssfc/libMultiRobotPlanning-isolated,2025-09-08 13:16:37,50,4937
-1,random-32-32-10.map,random-32-32-10-random-1.scen,40,12400F,CBS-whoenig,whoenig-ASTAR,1,NULL,NULL,940,0.073936,NULL,https://github.com/ssfc/libMultiRobotPlanning-isolated,2025-09-08 13:16:37,50,4962
-1,random-32-32-10.map,random-32-32-10-random-1.scen,41,12400F,CBS-whoenig,whoenig-ASTAR,1,NULL,NULL,966,0.100608,NULL,https://github.com/ssfc/libMultiRobotPlanning-isolated,2025-09-08 13:16:37,67,6524
-1,random-32-32-10.map,random-32-32-10-random-1.scen,42,12400F,CBS-whoenig,whoenig-ASTAR,1,NULL,NULL,1000,0.120884,NULL,https://github.com/ssfc/libMultiRobotPlanning-isolated,2025-09-08 13:16:37,75,7734
-1,random-32-32-10.map,random-32-32-10-random-1.scen,43,12400F,CBS-whoenig,whoenig-ASTAR,1,NULL,NULL,1023,0.137297,NULL,https://github.com/ssfc/libMultiRobotPlanning-isolated,2025-09-08 13:16:37,81,8474
-1,random-32-32-10.map,random-32-32-10-random-1.scen,44,12400F,CBS-whoenig,whoenig-ASTAR,1,NULL,NULL,1030,0.248543,NULL,https://github.com/ssfc/libMultiRobotPlanning-isolated,2025-09-08 13:16:37,163,14323
-1,random-32-32-10.map,random-32-32-10-random-1.scen,45,12400F,CBS-whoenig,whoenig-ASTAR,1,NULL,NULL,1045,0.467517,NULL,https://github.com/ssfc/libMultiRobotPlanning-isolated,2025-09-08 13:16:38,284,26024
-1,random-32-32-10.map,random-32-32-10-random-1.scen,46,12400F,CBS-whoenig,whoenig-ASTAR,1,NULL,NULL,1057,0.478489,NULL,https://github.com/ssfc/libMultiRobotPlanning-isolated,2025-09-08 13:16:38,284,26037
-1,random-32-32-10.map,random-32-32-10-random-1.scen,47,12400F,CBS-whoenig,whoenig-ASTAR,1,NULL,NULL,1081,0.469477,NULL,https://github.com/ssfc/libMultiRobotPlanning-isolated,2025-09-08 13:16:39,306,24742
-1,random-32-32-10.map,random-32-32-10-random-1.scen,48,12400F,CBS-whoenig,whoenig-ASTAR,1,NULL,NULL,1095,0.58856,NULL,https://github.com/ssfc/libMultiRobotPlanning-isolated,2025-09-08 13:16:39,374,30819
-1,random-32-32-10.map,random-32-32-10-random-1.scen,49,12400F,CBS-whoenig,whoenig-ASTAR,1,NULL,NULL,1099,0.605027,NULL,https://github.com/ssfc/libMultiRobotPlanning-isolated,2025-09-08 13:16:40,374,30824
-1,random-32-32-10.map,random-32-32-10-random-1.scen,50,12400F,CBS-whoenig,whoenig-ASTAR,1,NULL,NULL,1115,1.94279,NULL,https://github.com/ssfc/libMultiRobotPlanning-isolated,2025-09-08 13:16:42,1087,91192
-1,random-32-32-10.map,random-32-32-10-random-1.scen,51,12400F,CBS-whoenig,whoenig-ASTAR,1,NULL,NULL,1147,1.97579,NULL,https://github.com/ssfc/libMultiRobotPlanning-isolated,2025-09-08 13:16:44,1078,89398
-1,random-32-32-10.map,random-32-32-10-random-1.scen,52,12400F,CBS-whoenig,whoenig-ASTAR,1,NULL,NULL,1169,2.04236,NULL,https://github.com/ssfc/libMultiRobotPlanning-isolated,2025-09-08 13:16:46,1089,89430
-1,random-32-32-10.map,random-32-32-10-random-1.scen,53,12400F,CBS-whoenig,whoenig-ASTAR,1,NULL,NULL,1178,2.1022,NULL,https://github.com/ssfc/libMultiRobotPlanning-isolated,2025-09-08 13:16:48,1089,89440
-1,random-32-32-10.map,random-32-32-10-random-1.scen,54,12400F,CBS-whoenig,whoenig-ASTAR,1,NULL,NULL,1190,2.1556,NULL,https://github.com/ssfc/libMultiRobotPlanning-isolated,2025-09-08 13:16:50,1089,89453
-1,random-32-32-10.map,random-32-32-10-random-1.scen,55,12400F,CBS-whoenig,whoenig-ASTAR,1,NULL,NULL,1203,2.21252,NULL,https://github.com/ssfc/libMultiRobotPlanning-isolated,2025-09-08 13:16:52,1089,89467
-1,random-32-32-10.map,random-32-32-10-random-1.scen,56,12400F,CBS-whoenig,whoenig-ASTAR,1,NULL,NULL,1235,2.26548,NULL,https://github.com/ssfc/libMultiRobotPlanning-isolated,2025-09-08 13:16:55,1089,89530
-1,random-32-32-10.map,random-32-32-10-random-1.scen,57,12400F,CBS-whoenig,whoenig-ASTAR,1,NULL,NULL,1241,2.33675,NULL,https://github.com/ssfc/libMultiRobotPlanning-isolated,2025-09-08 13:16:57,1089,89541
-1,random-32-32-10.map,random-32-32-10-random-1.scen,58,12400F,CBS-whoenig,whoenig-ASTAR,1,NULL,NULL,1272,2.66071,NULL,https://github.com/ssfc/libMultiRobotPlanning-isolated,2025-09-08 13:17:00,1351,109937
-1,random-32-32-10.map,random-32-32-10-random-1.scen,59,12400F,CBS-whoenig,whoenig-ASTAR,1,NULL,NULL,INF,1800.01,NULL,https://github.com/ssfc/libMultiRobotPlanning-isolated,2025-09-08 13:47:00,1403111,95456242
-1,random-32-32-10.map,random-32-32-10-random-1.scen,60,12400F,CBS-whoenig,whoenig-ASTAR,1,NULL,NULL,INF,1800.01,NULL,https://github.com/ssfc/libMultiRobotPlanning-isolated,2025-09-08 14:17:17,1376881,93656768
-1,random-32-32-10.map,random-32-32-10-random-1.scen,61,12400F,CBS-whoenig,whoenig-ASTAR,1,NULL,NULL,INF,1800,NULL,https://github.com/ssfc/libMultiRobotPlanning-isolated,2025-09-08 14:47:33,1424601,96219636
-1,random-32-32-10.map,random-32-32-10-random-1.scen,62,12400F,CBS-whoenig,whoenig-ASTAR,1,NULL,NULL,INF,1800,NULL,https://github.com/ssfc/libMultiRobotPlanning-isolated,2025-09-08 15:17:51,1394391,94193372
-1,random-32-32-10.map,random-32-32-10-random-1.scen,63,12400F,CBS-whoenig,whoenig-ASTAR,1,NULL,NULL,INF,1800,NULL,https://github.com/ssfc/libMultiRobotPlanning-isolated,2025-09-08 15:48:16,1366581,92334095
-1,random-32-32-10.map,random-32-32-10-random-1.scen,1,12400F,CBSDepth-whoenig,ASTAR-whoenig,1,NULL,NULL,18,0.000632,NULL,https://github.com/ssfc/libMultiRobotPlanning-isolated,2025-09-08 16:31:18,1,35
-1,random-32-32-10.map,random-32-32-10-random-1.scen,2,12400F,CBSDepth-whoenig,ASTAR-whoenig,1,NULL,NULL,55,0.004817,NULL,https://github.com/ssfc/libMultiRobotPlanning-isolated,2025-09-08 16:31:18,1,71
-1,random-32-32-10.map,random-32-32-10-random-1.scen,3,12400F,CBSDepth-whoenig,ASTAR-whoenig,1,NULL,NULL,82,0.001232,NULL,https://github.com/ssfc/libMultiRobotPlanning-isolated,2025-09-08 16:31:18,1,116
-1,random-32-32-10.map,random-32-32-10-random-1.scen,4,12400F,CBSDepth-whoenig,ASTAR-whoenig,1,NULL,NULL,93,0.005144,NULL,https://github.com/ssfc/libMultiRobotPlanning-isolated,2025-09-08 16:31:18,1,126
-1,random-32-32-10.map,random-32-32-10-random-1.scen,5,12400F,CBSDepth-whoenig,ASTAR-whoenig,1,NULL,NULL,110,0.009949,NULL,https://github.com/ssfc/libMultiRobotPlanning-isolated,2025-09-08 16:31:18,2,212
-1,random-32-32-10.map,random-32-32-10-random-1.scen,6,12400F,CBSDepth-whoenig,ASTAR-whoenig,1,NULL,NULL,142,0.008111,NULL,https://github.com/ssfc/libMultiRobotPlanning-isolated,2025-09-08 16:31:18,2,244
-1,random-32-32-10.map,random-32-32-10-random-1.scen,7,12400F,CBSDepth-whoenig,ASTAR-whoenig,1,NULL,NULL,169,0.007123,NULL,https://github.com/ssfc/libMultiRobotPlanning-isolated,2025-09-08 16:31:18,2,281
-1,random-32-32-10.map,random-32-32-10-random-1.scen,8,12400F,CBSDepth-whoenig,ASTAR-whoenig,1,NULL,NULL,224,0.007009,NULL,https://github.com/ssfc/libMultiRobotPlanning-isolated,2025-09-08 16:31:18,2,374
-1,random-32-32-10.map,random-32-32-10-random-1.scen,9,12400F,CBSDepth-whoenig,ASTAR-whoenig,1,NULL,NULL,231,0.00601,NULL,https://github.com/ssfc/libMultiRobotPlanning-isolated,2025-09-08 16:31:18,2,380
-1,random-32-32-10.map,random-32-32-10-random-1.scen,10,12400F,CBSDepth-whoenig,ASTAR-whoenig,1,NULL,NULL,252,0.005474,NULL,https://github.com/ssfc/libMultiRobotPlanning-isolated,2025-09-08 16:31:18,2,391
-1,random-32-32-10.map,random-32-32-10-random-1.scen,11,12400F,CBSDepth-whoenig,ASTAR-whoenig,1,NULL,NULL,281,0.006173,NULL,https://github.com/ssfc/libMultiRobotPlanning-isolated,2025-09-08 16:31:18,2,419
-1,random-32-32-10.map,random-32-32-10-random-1.scen,12,12400F,CBSDepth-whoenig,ASTAR-whoenig,1,NULL,NULL,297,0.005935,NULL,https://github.com/ssfc/libMultiRobotPlanning-isolated,2025-09-08 16:31:18,2,434
-1,random-32-32-10.map,random-32-32-10-random-1.scen,13,12400F,CBSDepth-whoenig,ASTAR-whoenig,1,NULL,NULL,333,0.006318,NULL,https://github.com/ssfc/libMultiRobotPlanning-isolated,2025-09-08 16:31:18,2,490
-1,random-32-32-10.map,random-32-32-10-random-1.scen,14,12400F,CBSDepth-whoenig,ASTAR-whoenig,1,NULL,NULL,369,0.0064,NULL,https://github.com/ssfc/libMultiRobotPlanning-isolated,2025-09-08 16:31:18,2,548
-1,random-32-32-10.map,random-32-32-10-random-1.scen,15,12400F,CBSDepth-whoenig,ASTAR-whoenig,1,NULL,NULL,407,0.006331,NULL,https://github.com/ssfc/libMultiRobotPlanning-isolated,2025-09-08 16:31:18,2,585
-1,random-32-32-10.map,random-32-32-10-random-1.scen,16,12400F,CBSDepth-whoenig,ASTAR-whoenig,1,NULL,NULL,439,0.006744,NULL,https://github.com/ssfc/libMultiRobotPlanning-isolated,2025-09-08 16:31:19,2,668
-1,random-32-32-10.map,random-32-32-10-random-1.scen,17,12400F,CBSDepth-whoenig,ASTAR-whoenig,1,NULL,NULL,450,0.007383,NULL,https://github.com/ssfc/libMultiRobotPlanning-isolated,2025-09-08 16:31:19,2,678
-1,random-32-32-10.map,random-32-32-10-random-1.scen,18,12400F,CBSDepth-whoenig,ASTAR-whoenig,1,NULL,NULL,475,0.010741,NULL,https://github.com/ssfc/libMultiRobotPlanning-isolated,2025-09-08 16:31:19,2,703
-1,random-32-32-10.map,random-32-32-10-random-1.scen,19,12400F,CBSDepth-whoenig,ASTAR-whoenig,1,NULL,NULL,491,0.008805,NULL,https://github.com/ssfc/libMultiRobotPlanning-isolated,2025-09-08 16:31:19,2,718
-1,random-32-32-10.map,random-32-32-10-random-1.scen,20,12400F,CBSDepth-whoenig,ASTAR-whoenig,1,NULL,NULL,515,0.01522,NULL,https://github.com/ssfc/libMultiRobotPlanning-isolated,2025-09-08 16:31:19,8,1114
-1,random-32-32-10.map,random-32-32-10-random-1.scen,21,12400F,CBSDepth-whoenig,ASTAR-whoenig,1,NULL,NULL,546,0.020422,NULL,https://github.com/ssfc/libMultiRobotPlanning-isolated,2025-09-08 16:31:19,13,1460
-1,random-32-32-10.map,random-32-32-10-random-1.scen,22,12400F,CBSDepth-whoenig,ASTAR-whoenig,1,NULL,NULL,573,0.020556,NULL,https://github.com/ssfc/libMultiRobotPlanning-isolated,2025-09-08 16:31:19,13,1486
-1,random-32-32-10.map,random-32-32-10-random-1.scen,23,12400F,CBSDepth-whoenig,ASTAR-whoenig,1,NULL,NULL,608,0.021632,NULL,https://github.com/ssfc/libMultiRobotPlanning-isolated,2025-09-08 16:31:19,14,1592
-1,random-32-32-10.map,random-32-32-10-random-1.scen,24,12400F,CBSDepth-whoenig,ASTAR-whoenig,1,NULL,NULL,621,0.021386,NULL,https://github.com/ssfc/libMultiRobotPlanning-isolated,2025-09-08 16:31:19,14,1615
-1,random-32-32-10.map,random-32-32-10-random-1.scen,25,12400F,CBSDepth-whoenig,ASTAR-whoenig,1,NULL,NULL,644,0.0214,NULL,https://github.com/ssfc/libMultiRobotPlanning-isolated,2025-09-08 16:31:19,14,1637
-1,random-32-32-10.map,random-32-32-10-random-1.scen,26,12400F,CBSDepth-whoenig,ASTAR-whoenig,1,NULL,NULL,662,0.021226,NULL,https://github.com/ssfc/libMultiRobotPlanning-isolated,2025-09-08 16:31:19,14,1654
-1,random-32-32-10.map,random-32-32-10-random-1.scen,27,12400F,CBSDepth-whoenig,ASTAR-whoenig,1,NULL,NULL,680,0.021784,NULL,https://github.com/ssfc/libMultiRobotPlanning-isolated,2025-09-08 16:31:19,14,1671
-1,random-32-32-10.map,random-32-32-10-random-1.scen,28,12400F,CBSDepth-whoenig,ASTAR-whoenig,1,NULL,NULL,717,0.02323,NULL,https://github.com/ssfc/libMultiRobotPlanning-isolated,2025-09-08 16:31:19,14,1711
-1,random-32-32-10.map,random-32-32-10-random-1.scen,29,12400F,CBSDepth-whoenig,ASTAR-whoenig,1,NULL,NULL,731,0.02372,NULL,https://github.com/ssfc/libMultiRobotPlanning-isolated,2025-09-08 16:31:19,14,1724
-1,random-32-32-10.map,random-32-32-10-random-1.scen,30,12400F,CBSDepth-whoenig,ASTAR-whoenig,1,NULL,NULL,783,0.027852,NULL,https://github.com/ssfc/libMultiRobotPlanning-isolated,2025-09-08 16:31:19,15,2028
-1,random-32-32-10.map,random-32-32-10-random-1.scen,31,12400F,CBSDepth-whoenig,ASTAR-whoenig,1,NULL,NULL,822,0.027936,NULL,https://github.com/ssfc/libMultiRobotPlanning-isolated,2025-09-08 16:31:19,15,2075
-1,random-32-32-10.map,random-32-32-10-random-1.scen,32,12400F,CBSDepth-whoenig,ASTAR-whoenig,1,NULL,NULL,837,0.028318,NULL,https://github.com/ssfc/libMultiRobotPlanning-isolated,2025-09-08 16:31:19,15,2089
-1,random-32-32-10.map,random-32-32-10-random-1.scen,33,12400F,CBSDepth-whoenig,ASTAR-whoenig,1,NULL,NULL,881,0.02935,NULL,https://github.com/ssfc/libMultiRobotPlanning-isolated,2025-09-08 16:31:19,15,2140
-1,random-32-32-10.map,random-32-32-10-random-1.scen,34,12400F,CBSDepth-whoenig,ASTAR-whoenig,1,NULL,NULL,893,0.030342,NULL,https://github.com/ssfc/libMultiRobotPlanning-isolated,2025-09-08 16:31:19,15,2151
-1,random-32-32-10.map,random-32-32-10-random-1.scen,35,12400F,CBSDepth-whoenig,ASTAR-whoenig,1,NULL,NULL,903,0.031973,NULL,https://github.com/ssfc/libMultiRobotPlanning-isolated,2025-09-08 16:31:19,15,2160
-1,random-32-32-10.map,random-32-32-10-random-1.scen,36,12400F,CBSDepth-whoenig,ASTAR-whoenig,1,NULL,NULL,921,0.030535,NULL,https://github.com/ssfc/libMultiRobotPlanning-isolated,2025-09-08 16:31:19,14,2163
-1,random-32-32-10.map,random-32-32-10-random-1.scen,37,12400F,CBSDepth-whoenig,ASTAR-whoenig,1,NULL,NULL,954,0.036472,NULL,https://github.com/ssfc/libMultiRobotPlanning-isolated,2025-09-08 16:31:19,15,2788
-1,random-32-32-10.map,random-32-32-10-random-1.scen,38,12400F,CBSDepth-whoenig,ASTAR-whoenig,1,NULL,NULL,978,0.047295,NULL,https://github.com/ssfc/libMultiRobotPlanning-isolated,2025-09-08 16:31:19,21,3402
-1,random-32-32-10.map,random-32-32-10-random-1.scen,39,12400F,CBSDepth-whoenig,ASTAR-whoenig,1,NULL,NULL,997,0.047989,NULL,https://github.com/ssfc/libMultiRobotPlanning-isolated,2025-09-08 16:31:19,21,3420
-1,random-32-32-10.map,random-32-32-10-random-1.scen,40,12400F,CBSDepth-whoenig,ASTAR-whoenig,1,NULL,NULL,1023,0.05091,NULL,https://github.com/ssfc/libMultiRobotPlanning-isolated,2025-09-08 16:31:19,22,3510
-1,random-32-32-10.map,random-32-32-10-random-1.scen,41,12400F,CBSDepth-whoenig,ASTAR-whoenig,1,NULL,NULL,1051,0.062507,NULL,https://github.com/ssfc/libMultiRobotPlanning-isolated,2025-09-08 16:31:19,27,4114
-1,random-32-32-10.map,random-32-32-10-random-1.scen,42,12400F,CBSDepth-whoenig,ASTAR-whoenig,1,NULL,NULL,1089,0.075511,NULL,https://github.com/ssfc/libMultiRobotPlanning-isolated,2025-09-08 16:31:19,32,4703
-1,random-32-32-10.map,random-32-32-10-random-1.scen,43,12400F,CBSDepth-whoenig,ASTAR-whoenig,1,NULL,NULL,1114,0.083276,NULL,https://github.com/ssfc/libMultiRobotPlanning-isolated,2025-09-08 16:31:19,35,4969
-1,random-32-32-10.map,random-32-32-10-random-1.scen,44,12400F,CBSDepth-whoenig,ASTAR-whoenig,1,NULL,NULL,1124,0.08952,NULL,https://github.com/ssfc/libMultiRobotPlanning-isolated,2025-09-08 16:31:20,38,5171
-1,random-32-32-10.map,random-32-32-10-random-1.scen,45,12400F,CBSDepth-whoenig,ASTAR-whoenig,1,NULL,NULL,1141,0.093391,NULL,https://github.com/ssfc/libMultiRobotPlanning-isolated,2025-09-08 16:31:20,39,5252
-1,random-32-32-10.map,random-32-32-10-random-1.scen,46,12400F,CBSDepth-whoenig,ASTAR-whoenig,1,NULL,NULL,1155,0.095605,NULL,https://github.com/ssfc/libMultiRobotPlanning-isolated,2025-09-08 16:31:20,39,5265
-1,random-32-32-10.map,random-32-32-10-random-1.scen,47,12400F,CBSDepth-whoenig,ASTAR-whoenig,1,NULL,NULL,1181,0.101837,NULL,https://github.com/ssfc/libMultiRobotPlanning-isolated,2025-09-08 16:31:20,42,5448
-1,random-32-32-10.map,random-32-32-10-random-1.scen,48,12400F,CBSDepth-whoenig,ASTAR-whoenig,1,NULL,NULL,1197,0.106286,NULL,https://github.com/ssfc/libMultiRobotPlanning-isolated,2025-09-08 16:31:20,43,5559
-1,random-32-32-10.map,random-32-32-10-random-1.scen,49,12400F,CBSDepth-whoenig,ASTAR-whoenig,1,NULL,NULL,1203,0.107235,NULL,https://github.com/ssfc/libMultiRobotPlanning-isolated,2025-09-08 16:31:20,43,5564
-1,random-32-32-10.map,random-32-32-10-random-1.scen,50,12400F,CBSDepth-whoenig,ASTAR-whoenig,1,NULL,NULL,1221,0.112045,NULL,https://github.com/ssfc/libMultiRobotPlanning-isolated,2025-09-08 16:31:20,44,5623
-1,random-32-32-10.map,random-32-32-10-random-1.scen,51,12400F,CBSDepth-whoenig,ASTAR-whoenig,1,NULL,NULL,1255,0.12219,NULL,https://github.com/ssfc/libMultiRobotPlanning-isolated,2025-09-08 16:31:20,47,5863
-1,random-32-32-10.map,random-32-32-10-random-1.scen,52,12400F,CBSDepth-whoenig,ASTAR-whoenig,1,NULL,NULL,1284,0.147052,NULL,https://github.com/ssfc/libMultiRobotPlanning-isolated,2025-09-08 16:31:20,54,7459
-1,random-32-32-10.map,random-32-32-10-random-1.scen,53,12400F,CBSDepth-whoenig,ASTAR-whoenig,1,NULL,NULL,1295,0.149869,NULL,https://github.com/ssfc/libMultiRobotPlanning-isolated,2025-09-08 16:31:21,54,7469
-1,random-32-32-10.map,random-32-32-10-random-1.scen,54,12400F,CBSDepth-whoenig,ASTAR-whoenig,1,NULL,NULL,1309,0.152947,NULL,https://github.com/ssfc/libMultiRobotPlanning-isolated,2025-09-08 16:31:21,54,7482
-1,random-32-32-10.map,random-32-32-10-random-1.scen,55,12400F,CBSDepth-whoenig,ASTAR-whoenig,1,NULL,NULL,1324,0.158875,NULL,https://github.com/ssfc/libMultiRobotPlanning-isolated,2025-09-08 16:31:21,55,7585
-1,random-32-32-10.map,random-32-32-10-random-1.scen,56,12400F,CBSDepth-whoenig,ASTAR-whoenig,1,NULL,NULL,1358,0.161803,NULL,https://github.com/ssfc/libMultiRobotPlanning-isolated,2025-09-08 16:31:21,55,7648
-1,random-32-32-10.map,random-32-32-10-random-1.scen,57,12400F,CBSDepth-whoenig,ASTAR-whoenig,1,NULL,NULL,1366,0.165951,NULL,https://github.com/ssfc/libMultiRobotPlanning-isolated,2025-09-08 16:31:21,55,7659
-1,random-32-32-10.map,random-32-32-10-random-1.scen,58,12400F,CBSDepth-whoenig,ASTAR-whoenig,1,NULL,NULL,1402,0.236645,NULL,https://github.com/ssfc/libMultiRobotPlanning-isolated,2025-09-08 16:31:21,77,10896
-1,random-32-32-10.map,random-32-32-10-random-1.scen,59,12400F,CBSDepth-whoenig,ASTAR-whoenig,1,NULL,NULL,1428,0.269177,NULL,https://github.com/ssfc/libMultiRobotPlanning-isolated,2025-09-08 16:31:22,90,11516
-1,random-32-32-10.map,random-32-32-10-random-1.scen,60,12400F,CBSDepth-whoenig,ASTAR-whoenig,1,NULL,NULL,1466,0.28083,NULL,https://github.com/ssfc/libMultiRobotPlanning-isolated,2025-09-08 16:31:22,93,11898
-1,random-32-32-10.map,random-32-32-10-random-1.scen,61,12400F,CBSDepth-whoenig,ASTAR-whoenig,1,NULL,NULL,1480,0.328686,NULL,https://github.com/ssfc/libMultiRobotPlanning-isolated,2025-09-08 16:31:22,108,13473
-1,random-32-32-10.map,random-32-32-10-random-1.scen,62,12400F,CBSDepth-whoenig,ASTAR-whoenig,1,NULL,NULL,1527,0.335255,NULL,https://github.com/ssfc/libMultiRobotPlanning-isolated,2025-09-08 16:31:23,108,13575
-1,random-32-32-10.map,random-32-32-10-random-1.scen,63,12400F,CBSDepth-whoenig,ASTAR-whoenig,1,NULL,NULL,1543,0.34205,NULL,https://github.com/ssfc/libMultiRobotPlanning-isolated,2025-09-08 16:31:23,108,13594
-1,random-32-32-10.map,random-32-32-10-random-1.scen,64,12400F,CBSDepth-whoenig,ASTAR-whoenig,1,NULL,NULL,1553,0.359078,NULL,https://github.com/ssfc/libMultiRobotPlanning-isolated,2025-09-08 16:31:23,113,13690
-1,random-32-32-10.map,random-32-32-10-random-1.scen,65,12400F,CBSDepth-whoenig,ASTAR-whoenig,1,NULL,NULL,1572,0.36449,NULL,https://github.com/ssfc/libMultiRobotPlanning-isolated,2025-09-08 16:31:24,114,13745
-1,random-32-32-10.map,random-32-32-10-random-1.scen,66,12400F,CBSDepth-whoenig,ASTAR-whoenig,1,NULL,NULL,1583,0.369037,NULL,https://github.com/ssfc/libMultiRobotPlanning-isolated,2025-09-08 16:31:24,115,13818
-1,random-32-32-10.map,random-32-32-10-random-1.scen,67,12400F,CBSDepth-whoenig,ASTAR-whoenig,1,NULL,NULL,1612,0.379095,NULL,https://github.com/ssfc/libMultiRobotPlanning-isolated,2025-09-08 16:31:25,115,13856
-1,random-32-32-10.map,random-32-32-10-random-1.scen,68,12400F,CBSDepth-whoenig,ASTAR-whoenig,1,NULL,NULL,1627,0.419796,NULL,https://github.com/ssfc/libMultiRobotPlanning-isolated,2025-09-08 16:31:25,127,15077
-1,random-32-32-10.map,random-32-32-10-random-1.scen,69,12400F,CBSDepth-whoenig,ASTAR-whoenig,1,NULL,NULL,1667,0.57149,NULL,https://github.com/ssfc/libMultiRobotPlanning-isolated,2025-09-08 16:31:26,154,19291
-1,random-32-32-10.map,random-32-32-10-random-1.scen,70,12400F,CBSDepth-whoenig,ASTAR-whoenig,1,NULL,NULL,1691,0.629904,NULL,https://github.com/ssfc/libMultiRobotPlanning-isolated,2025-09-08 16:31:26,170,20804
-1,random-32-32-10.map,random-32-32-10-random-1.scen,71,12400F,CBSDepth-whoenig,ASTAR-whoenig,1,NULL,NULL,1724,0.666129,NULL,https://github.com/ssfc/libMultiRobotPlanning-isolated,2025-09-08 16:31:27,172,22108
-1,random-32-32-10.map,random-32-32-10-random-1.scen,72,12400F,CBSDepth-whoenig,ASTAR-whoenig,1,NULL,NULL,1754,0.664479,NULL,https://github.com/ssfc/libMultiRobotPlanning-isolated,2025-09-08 16:31:28,167,21647
-1,random-32-32-10.map,random-32-32-10-random-1.scen,73,12400F,CBSDepth-whoenig,ASTAR-whoenig,1,NULL,NULL,1775,0.677507,NULL,https://github.com/ssfc/libMultiRobotPlanning-isolated,2025-09-08 16:31:28,167,21667
-1,random-32-32-10.map,random-32-32-10-random-1.scen,74,12400F,CBSDepth-whoenig,ASTAR-whoenig,1,NULL,NULL,1789,0.687932,NULL,https://github.com/ssfc/libMultiRobotPlanning-isolated,2025-09-08 16:31:29,167,21680
-1,random-32-32-10.map,random-32-32-10-random-1.scen,75,12400F,CBSDepth-whoenig,ASTAR-whoenig,1,NULL,NULL,1814,0.715135,NULL,https://github.com/ssfc/libMultiRobotPlanning-isolated,2025-09-08 16:31:30,170,22139
-1,random-32-32-10.map,random-32-32-10-random-1.scen,76,12400F,CBSDepth-whoenig,ASTAR-whoenig,1,NULL,NULL,1841,0.742442,NULL,https://github.com/ssfc/libMultiRobotPlanning-isolated,2025-09-08 16:31:30,174,22408
-1,random-32-32-10.map,random-32-32-10-random-1.scen,77,12400F,CBSDepth-whoenig,ASTAR-whoenig,1,NULL,NULL,1877,0.768817,NULL,https://github.com/ssfc/libMultiRobotPlanning-isolated,2025-09-08 16:31:31,177,22736
-1,random-32-32-10.map,random-32-32-10-random-1.scen,78,12400F,CBSDepth-whoenig,ASTAR-whoenig,1,NULL,NULL,1921,0.793625,NULL,https://github.com/ssfc/libMultiRobotPlanning-isolated,2025-09-08 16:31:32,179,23179
-1,random-32-32-10.map,random-32-32-10-random-1.scen,79,12400F,CBSDepth-whoenig,ASTAR-whoenig,1,NULL,NULL,1937,0.809795,NULL,https://github.com/ssfc/libMultiRobotPlanning-isolated,2025-09-08 16:31:33,179,23194
-1,random-32-32-10.map,random-32-32-10-random-1.scen,80,12400F,CBSDepth-whoenig,ASTAR-whoenig,1,NULL,NULL,1949,0.837596,NULL,https://github.com/ssfc/libMultiRobotPlanning-isolated,2025-09-08 16:31:34,185,23634
-1,random-32-32-10.map,random-32-32-10-random-1.scen,81,12400F,CBSDepth-whoenig,ASTAR-whoenig,1,NULL,NULL,2002,0.927551,NULL,https://github.com/ssfc/libMultiRobotPlanning-isolated,2025-09-08 16:31:35,192,25789
-1,random-32-32-10.map,random-32-32-10-random-1.scen,82,12400F,CBSDepth-whoenig,ASTAR-whoenig,1,NULL,NULL,2034,0.940064,NULL,https://github.com/ssfc/libMultiRobotPlanning-isolated,2025-09-08 16:31:36,192,25820
-1,random-32-32-10.map,random-32-32-10-random-1.scen,83,12400F,CBSDepth-whoenig,ASTAR-whoenig,1,NULL,NULL,2088,0.964749,NULL,https://github.com/ssfc/libMultiRobotPlanning-isolated,2025-09-08 16:31:37,193,26085
-1,random-32-32-10.map,random-32-32-10-random-1.scen,84,12400F,CBSDepth-whoenig,ASTAR-whoenig,1,NULL,NULL,2115,0.9158,NULL,https://github.com/ssfc/libMultiRobotPlanning-isolated,2025-09-08 16:31:37,186,24563
-1,random-32-32-10.map,random-32-32-10-random-1.scen,85,12400F,CBSDepth-whoenig,ASTAR-whoenig,1,NULL,NULL,2168,0.93271,NULL,https://github.com/ssfc/libMultiRobotPlanning-isolated,2025-09-08 16:31:38,185,24553
-1,random-32-32-10.map,random-32-32-10-random-1.scen,86,12400F,CBSDepth-whoenig,ASTAR-whoenig,1,NULL,NULL,2190,0.958697,NULL,https://github.com/ssfc/libMultiRobotPlanning-isolated,2025-09-08 16:31:39,188,24891
-1,random-32-32-10.map,random-32-32-10-random-1.scen,87,12400F,CBSDepth-whoenig,ASTAR-whoenig,1,NULL,NULL,2215,1.06851,NULL,https://github.com/ssfc/libMultiRobotPlanning-isolated,2025-09-08 16:31:40,206,26627
-1,random-32-32-10.map,random-32-32-10-random-1.scen,88,12400F,CBSDepth-whoenig,ASTAR-whoenig,1,NULL,NULL,2241,1.03958,NULL,https://github.com/ssfc/libMultiRobotPlanning-isolated,2025-09-08 16:31:42,199,25457
-1,random-32-32-10.map,random-32-32-10-random-1.scen,89,12400F,CBSDepth-whoenig,ASTAR-whoenig,1,NULL,NULL,2284,1.1079,NULL,https://github.com/ssfc/libMultiRobotPlanning-isolated,2025-09-08 16:31:43,212,29845
-1,random-32-32-10.map,random-32-32-10-random-1.scen,90,12400F,CBSDepth-whoenig,ASTAR-whoenig,1,NULL,NULL,2322,1.11431,NULL,https://github.com/ssfc/libMultiRobotPlanning-isolated,2025-09-08 16:31:44,214,29701
-1,random-32-32-10.map,random-32-32-10-random-1.scen,91,12400F,CBSDepth-whoenig,ASTAR-whoenig,1,NULL,NULL,2345,1.18753,NULL,https://github.com/ssfc/libMultiRobotPlanning-isolated,2025-09-08 16:31:45,223,31639
-1,random-32-32-10.map,random-32-32-10-random-1.scen,92,12400F,CBSDepth-whoenig,ASTAR-whoenig,1,NULL,NULL,2371,1.39387,NULL,https://github.com/ssfc/libMultiRobotPlanning-isolated,2025-09-08 16:31:46,260,37644
-1,random-32-32-10.map,random-32-32-10-random-1.scen,93,12400F,CBSDepth-whoenig,ASTAR-whoenig,1,NULL,NULL,2404,1.57811,NULL,https://github.com/ssfc/libMultiRobotPlanning-isolated,2025-09-08 16:31:48,296,40643
-1,random-32-32-10.map,random-32-32-10-random-1.scen,94,12400F,CBSDepth-whoenig,ASTAR-whoenig,1,NULL,NULL,2416,1.60946,NULL,https://github.com/ssfc/libMultiRobotPlanning-isolated,2025-09-08 16:31:50,297,40683
-1,random-32-32-10.map,random-32-32-10-random-1.scen,95,12400F,CBSDepth-whoenig,ASTAR-whoenig,1,NULL,NULL,2451,1.64455,NULL,https://github.com/ssfc/libMultiRobotPlanning-isolated,2025-09-08 16:31:51,298,40853
-1,random-32-32-10.map,random-32-32-10-random-1.scen,96,12400F,CBSDepth-whoenig,ASTAR-whoenig,1,NULL,NULL,2467,1.66728,NULL,https://github.com/ssfc/libMultiRobotPlanning-isolated,2025-09-08 16:31:53,298,40868
-1,random-32-32-10.map,random-32-32-10-random-1.scen,97,12400F,CBSDepth-whoenig,ASTAR-whoenig,1,NULL,NULL,2474,1.69586,NULL,https://github.com/ssfc/libMultiRobotPlanning-isolated,2025-09-08 16:31:55,299,40930
-1,random-32-32-10.map,random-32-32-10-random-1.scen,98,12400F,CBSDepth-whoenig,ASTAR-whoenig,1,NULL,NULL,2500,1.85878,NULL,https://github.com/ssfc/libMultiRobotPlanning-isolated,2025-09-08 16:31:57,316,42927
-1,random-32-32-10.map,random-32-32-10-random-1.scen,99,12400F,CBSDepth-whoenig,ASTAR-whoenig,1,NULL,NULL,2540,1.90113,NULL,https://github.com/ssfc/libMultiRobotPlanning-isolated,2025-09-08 16:31:58,321,43106
-1,random-32-32-10.map,random-32-32-10-random-1.scen,100,12400F,CBSDepth-whoenig,ASTAR-whoenig,1,NULL,NULL,2574,1.93539,NULL,https://github.com/ssfc/libMultiRobotPlanning-isolated,2025-09-08 16:32:00,324,43097
-1,random-32-32-10.map,random-32-32-10-random-1.scen,101,12400F,CBSDepth-whoenig,ASTAR-whoenig,1,NULL,NULL,2610,2.01872,NULL,https://github.com/ssfc/libMultiRobotPlanning-isolated,2025-09-08 16:32:02,343,44468
-1,random-32-32-10.map,random-32-32-10-random-1.scen,102,12400F,CBSDepth-whoenig,ASTAR-whoenig,1,NULL,NULL,2623,2.05752,NULL,https://github.com/ssfc/libMultiRobotPlanning-isolated,2025-09-08 16:32:05,343,44481
-1,random-32-32-10.map,random-32-32-10-random-1.scen,103,12400F,CBSDepth-whoenig,ASTAR-whoenig,1,NULL,NULL,2652,2.06113,NULL,https://github.com/ssfc/libMultiRobotPlanning-isolated,2025-09-08 16:32:07,340,43390
-1,random-32-32-10.map,random-32-32-10-random-1.scen,104,12400F,CBSDepth-whoenig,ASTAR-whoenig,1,NULL,NULL,2672,2.18794,NULL,https://github.com/ssfc/libMultiRobotPlanning-isolated,2025-09-08 16:32:09,344,46410
-1,random-32-32-10.map,random-32-32-10-random-1.scen,105,12400F,CBSDepth-whoenig,ASTAR-whoenig,1,NULL,NULL,2688,2.14241,NULL,https://github.com/ssfc/libMultiRobotPlanning-isolated,2025-09-08 16:32:11,344,43251
-1,random-32-32-10.map,random-32-32-10-random-1.scen,106,12400F,CBSDepth-whoenig,ASTAR-whoenig,1,NULL,NULL,2720,2.36615,NULL,https://github.com/ssfc/libMultiRobotPlanning-isolated,2025-09-08 16:32:13,364,48545
-1,random-32-32-10.map,random-32-32-10-random-1.scen,107,12400F,CBSDepth-whoenig,ASTAR-whoenig,1,NULL,NULL,2759,2.58351,NULL,https://github.com/ssfc/libMultiRobotPlanning-isolated,2025-09-08 16:32:16,380,54394
-1,random-32-32-10.map,random-32-32-10-random-1.scen,108,12400F,CBSDepth-whoenig,ASTAR-whoenig,1,NULL,NULL,2798,2.74312,NULL,https://github.com/ssfc/libMultiRobotPlanning-isolated,2025-09-08 16:32:19,395,56897
-1,random-32-32-10.map,random-32-32-10-random-1.scen,109,12400F,CBSDepth-whoenig,ASTAR-whoenig,1,NULL,NULL,2806,2.8231,NULL,https://github.com/ssfc/libMultiRobotPlanning-isolated,2025-09-08 16:32:22,399,57859
-1,random-32-32-10.map,random-32-32-10-random-1.scen,110,12400F,CBSDepth-whoenig,ASTAR-whoenig,1,NULL,NULL,2840,3.0746,NULL,https://github.com/ssfc/libMultiRobotPlanning-isolated,2025-09-08 16:32:25,413,62939
-1,random-32-32-10.map,random-32-32-10-random-1.scen,111,12400F,CBSDepth-whoenig,ASTAR-whoenig,1,NULL,NULL,2861,3.30188,NULL,https://github.com/ssfc/libMultiRobotPlanning-isolated,2025-09-08 16:32:28,435,66796
-1,random-32-32-10.map,random-32-32-10-random-1.scen,112,12400F,CBSDepth-whoenig,ASTAR-whoenig,1,NULL,NULL,2879,3.37454,NULL,https://github.com/ssfc/libMultiRobotPlanning-isolated,2025-09-08 16:32:31,438,67390
-1,random-32-32-10.map,random-32-32-10-random-1.scen,113,12400F,CBSDepth-whoenig,ASTAR-whoenig,1,NULL,NULL,2902,3.42464,NULL,https://github.com/ssfc/libMultiRobotPlanning-isolated,2025-09-08 16:32:35,441,67510
-1,random-32-32-10.map,random-32-32-10-random-1.scen,114,12400F,CBSDepth-whoenig,ASTAR-whoenig,1,NULL,NULL,2938,3.59834,NULL,https://github.com/ssfc/libMultiRobotPlanning-isolated,2025-09-08 16:32:38,457,72625
-1,random-32-32-10.map,random-32-32-10-random-1.scen,115,12400F,CBSDepth-whoenig,ASTAR-whoenig,1,NULL,NULL,2951,3.68624,NULL,https://github.com/ssfc/libMultiRobotPlanning-isolated,2025-09-08 16:32:42,465,73081
-1,random-32-32-10.map,random-32-32-10-random-1.scen,116,12400F,CBSDepth-whoenig,ASTAR-whoenig,1,NULL,NULL,2969,3.7049,NULL,https://github.com/ssfc/libMultiRobotPlanning-isolated,2025-09-08 16:32:46,461,72046
-1,random-32-32-10.map,random-32-32-10-random-1.scen,117,12400F,CBSDepth-whoenig,ASTAR-whoenig,1,NULL,NULL,2999,3.74149,NULL,https://github.com/ssfc/libMultiRobotPlanning-isolated,2025-09-08 16:32:50,461,72075
-1,random-32-32-10.map,random-32-32-10-random-1.scen,118,12400F,CBSDepth-whoenig,ASTAR-whoenig,1,NULL,NULL,3029,3.98304,NULL,https://github.com/ssfc/libMultiRobotPlanning-isolated,2025-09-08 16:32:54,483,74730
-1,random-32-32-10.map,random-32-32-10-random-1.scen,119,12400F,CBSDepth-whoenig,ASTAR-whoenig,1,NULL,NULL,3058,4.14952,NULL,https://github.com/ssfc/libMultiRobotPlanning-isolated,2025-09-08 16:32:58,491,75527
-1,random-32-32-10.map,random-32-32-10-random-1.scen,120,12400F,CBSDepth-whoenig,ASTAR-whoenig,1,NULL,NULL,3083,4.33452,NULL,https://github.com/ssfc/libMultiRobotPlanning-isolated,2025-09-08 16:33:02,512,77909
-1,random-32-32-10.map,random-32-32-10-random-1.scen,121,12400F,CBSDepth-whoenig,ASTAR-whoenig,1,NULL,NULL,3100,4.6788,NULL,https://github.com/ssfc/libMultiRobotPlanning-isolated,2025-09-08 16:33:07,555,83752
-1,random-32-32-10.map,random-32-32-10-random-1.scen,122,12400F,CBSDepth-whoenig,ASTAR-whoenig,1,NULL,NULL,3127,5.04822,NULL,https://github.com/ssfc/libMultiRobotPlanning-isolated,2025-09-08 16:33:12,595,90849
-1,random-32-32-10.map,random-32-32-10-random-1.scen,123,12400F,CBSDepth-whoenig,ASTAR-whoenig,1,NULL,NULL,3152,5.01666,NULL,https://github.com/ssfc/libMultiRobotPlanning-isolated,2025-09-08 16:33:17,591,86287
-1,random-32-32-10.map,random-32-32-10-random-1.scen,124,12400F,CBSDepth-whoenig,ASTAR-whoenig,1,NULL,NULL,3191,5.56484,NULL,https://github.com/ssfc/libMultiRobotPlanning-isolated,2025-09-08 16:33:23,631,99358
-1,random-32-32-10.map,random-32-32-10-random-1.scen,125,12400F,CBSDepth-whoenig,ASTAR-whoenig,1,NULL,NULL,3213,5.7692,NULL,https://github.com/ssfc/libMultiRobotPlanning-isolated,2025-09-08 16:33:28,649,101341
-1,random-32-32-10.map,random-32-32-10-random-1.scen,126,12400F,CBSDepth-whoenig,ASTAR-whoenig,1,NULL,NULL,3254,5.97798,NULL,https://github.com/ssfc/libMultiRobotPlanning-isolated,2025-09-08 16:33:34,657,102672
-1,random-32-32-10.map,random-32-32-10-random-1.scen,127,12400F,CBSDepth-whoenig,ASTAR-whoenig,1,NULL,NULL,3294,6.5418,NULL,https://github.com/ssfc/libMultiRobotPlanning-isolated,2025-09-08 16:33:41,689,118353
-1,random-32-32-10.map,random-32-32-10-random-1.scen,128,12400F,CBSDepth-whoenig,ASTAR-whoenig,1,NULL,NULL,3309,6.72452,NULL,https://github.com/ssfc/libMultiRobotPlanning-isolated,2025-09-08 16:33:48,708,119970
-1,random-32-32-10.map,random-32-32-10-random-1.scen,129,12400F,CBSDepth-whoenig,ASTAR-whoenig,1,NULL,NULL,3331,6.27089,NULL,https://github.com/ssfc/libMultiRobotPlanning-isolated,2025-09-08 16:33:54,653,109206
-1,random-32-32-10.map,random-32-32-10-random-1.scen,130,12400F,CBSDepth-whoenig,ASTAR-whoenig,1,NULL,NULL,3361,6.18189,NULL,https://github.com/ssfc/libMultiRobotPlanning-isolated,2025-09-08 16:34:00,644,101428
-1,random-32-32-10.map,random-32-32-10-random-1.scen,131,12400F,CBSDepth-whoenig,ASTAR-whoenig,1,NULL,NULL,3390,6.47921,NULL,https://github.com/ssfc/libMultiRobotPlanning-isolated,2025-09-08 16:34:07,674,106090
-1,random-32-32-10.map,random-32-32-10-random-1.scen,132,12400F,CBSDepth-whoenig,ASTAR-whoenig,1,NULL,NULL,3401,6.14746,NULL,https://github.com/ssfc/libMultiRobotPlanning-isolated,2025-09-08 16:34:13,658,95398
-1,random-32-32-10.map,random-32-32-10-random-1.scen,133,12400F,CBSDepth-whoenig,ASTAR-whoenig,1,NULL,NULL,3447,7.29135,NULL,https://github.com/ssfc/libMultiRobotPlanning-isolated,2025-09-08 16:34:20,707,114682
-1,random-32-32-10.map,random-32-32-10-random-1.scen,134,12400F,CBSDepth-whoenig,ASTAR-whoenig,1,NULL,NULL,3489,7.33856,NULL,https://github.com/ssfc/libMultiRobotPlanning-isolated,2025-09-08 16:34:28,707,114745
-1,random-32-32-10.map,random-32-32-10-random-1.scen,135,12400F,CBSDepth-whoenig,ASTAR-whoenig,1,NULL,NULL,3496,7.44556,NULL,https://github.com/ssfc/libMultiRobotPlanning-isolated,2025-09-08 16:34:35,707,114890
-1,random-32-32-10.map,random-32-32-10-random-1.scen,136,12400F,CBSDepth-whoenig,ASTAR-whoenig,1,NULL,NULL,3540,8.42475,NULL,https://github.com/ssfc/libMultiRobotPlanning-isolated,2025-09-08 16:34:44,782,146963
-1,random-32-32-10.map,random-32-32-10-random-1.scen,137,12400F,CBSDepth-whoenig,ASTAR-whoenig,1,NULL,NULL,3554,8.54496,NULL,https://github.com/ssfc/libMultiRobotPlanning-isolated,2025-09-08 16:34:52,784,147030
-1,random-32-32-10.map,random-32-32-10-random-1.scen,138,12400F,CBSDepth-whoenig,ASTAR-whoenig,1,NULL,NULL,3593,8.99788,NULL,https://github.com/ssfc/libMultiRobotPlanning-isolated,2025-09-08 16:35:01,837,144511
-1,random-32-32-10.map,random-32-32-10-random-1.scen,139,12400F,CBSDepth-whoenig,ASTAR-whoenig,1,NULL,NULL,3604,9.01173,NULL,https://github.com/ssfc/libMultiRobotPlanning-isolated,2025-09-08 16:35:10,834,141830
-1,random-32-32-10.map,random-32-32-10-random-1.scen,140,12400F,CBSDepth-whoenig,ASTAR-whoenig,1,NULL,NULL,3634,9.13933,NULL,https://github.com/ssfc/libMultiRobotPlanning-isolated,2025-09-08 16:35:20,837,142146
-1,random-32-32-10.map,random-32-32-10-random-1.scen,141,12400F,CBSDepth-whoenig,ASTAR-whoenig,1,NULL,NULL,3676,11.3669,NULL,https://github.com/ssfc/libMultiRobotPlanning-isolated,2025-09-08 16:35:31,985,195303
-1,random-32-32-10.map,random-32-32-10-random-1.scen,142,12400F,CBSDepth-whoenig,ASTAR-whoenig,1,NULL,NULL,3710,12.534,NULL,https://github.com/ssfc/libMultiRobotPlanning-isolated,2025-09-08 16:35:44,1044,242749
-1,random-32-32-10.map,random-32-32-10-random-1.scen,143,12400F,CBSDepth-whoenig,ASTAR-whoenig,1,NULL,NULL,3724,12.6776,NULL,https://github.com/ssfc/libMultiRobotPlanning-isolated,2025-09-08 16:35:56,1044,242762
-1,random-32-32-10.map,random-32-32-10-random-1.scen,144,12400F,CBSDepth-whoenig,ASTAR-whoenig,1,NULL,NULL,3729,11.8353,NULL,https://github.com/ssfc/libMultiRobotPlanning-isolated,2025-09-08 16:36:08,1012,184362
-1,random-32-32-10.map,random-32-32-10-random-1.scen,145,12400F,CBSDepth-whoenig,ASTAR-whoenig,1,NULL,NULL,3750,11.9586,NULL,https://github.com/ssfc/libMultiRobotPlanning-isolated,2025-09-08 16:36:20,1012,183975
-1,random-32-32-10.map,random-32-32-10-random-1.scen,146,12400F,CBSDepth-whoenig,ASTAR-whoenig,1,NULL,NULL,3792,13.8943,NULL,https://github.com/ssfc/libMultiRobotPlanning-isolated,2025-09-08 16:36:34,1136,209047
-1,random-32-32-10.map,random-32-32-10-random-1.scen,147,12400F,CBSDepth-whoenig,ASTAR-whoenig,1,NULL,NULL,3828,14.4376,NULL,https://github.com/ssfc/libMultiRobotPlanning-isolated,2025-09-08 16:36:49,1163,222326
-1,random-32-32-10.map,random-32-32-10-random-1.scen,148,12400F,CBSDepth-whoenig,ASTAR-whoenig,1,NULL,NULL,3852,14.6547,NULL,https://github.com/ssfc/libMultiRobotPlanning-isolated,2025-09-08 16:37:04,1171,221441
-1,random-32-32-10.map,random-32-32-10-random-1.scen,149,12400F,CBSDepth-whoenig,ASTAR-whoenig,1,NULL,NULL,3864,14.8219,NULL,https://github.com/ssfc/libMultiRobotPlanning-isolated,2025-09-08 16:37:18,1171,221452
-1,random-32-32-10.map,random-32-32-10-random-1.scen,150,12400F,CBSDepth-whoenig,ASTAR-whoenig,1,NULL,NULL,3871,15.4012,NULL,https://github.com/ssfc/libMultiRobotPlanning-isolated,2025-09-08 16:37:34,1207,225470
-1,random-32-32-10.map,random-32-32-10-random-1.scen,151,12400F,CBSDepth-whoenig,ASTAR-whoenig,1,NULL,NULL,3890,14.7785,NULL,https://github.com/ssfc/libMultiRobotPlanning-isolated,2025-09-08 16:37:49,1154,202522
-1,random-32-32-10.map,random-32-32-10-random-1.scen,152,12400F,CBSDepth-whoenig,ASTAR-whoenig,1,NULL,NULL,3927,15.8075,NULL,https://github.com/ssfc/libMultiRobotPlanning-isolated,2025-09-08 16:38:05,1233,207561
-1,random-32-32-10.map,random-32-32-10-random-1.scen,153,12400F,CBSDepth-whoenig,ASTAR-whoenig,1,NULL,NULL,3960,15.9976,NULL,https://github.com/ssfc/libMultiRobotPlanning-isolated,2025-09-08 16:38:21,1233,207593
-1,random-32-32-10.map,random-32-32-10-random-1.scen,154,12400F,CBSDepth-whoenig,ASTAR-whoenig,1,NULL,NULL,3985,16.332,NULL,https://github.com/ssfc/libMultiRobotPlanning-isolated,2025-09-08 16:38:37,1264,207724
-1,random-32-32-10.map,random-32-32-10-random-1.scen,155,12400F,CBSDepth-whoenig,ASTAR-whoenig,1,NULL,NULL,4009,16.7891,NULL,https://github.com/ssfc/libMultiRobotPlanning-isolated,2025-09-08 16:38:54,1297,214290
-1,random-32-32-10.map,random-32-32-10-random-1.scen,156,12400F,CBSDepth-whoenig,ASTAR-whoenig,1,NULL,NULL,4018,16.8465,NULL,https://github.com/ssfc/libMultiRobotPlanning-isolated,2025-09-08 16:39:11,1288,208453
-1,random-32-32-10.map,random-32-32-10-random-1.scen,157,12400F,CBSDepth-whoenig,ASTAR-whoenig,1,NULL,NULL,4044,16.8647,NULL,https://github.com/ssfc/libMultiRobotPlanning-isolated,2025-09-08 16:39:28,1288,211375
-1,random-32-32-10.map,random-32-32-10-random-1.scen,158,12400F,CBSDepth-whoenig,ASTAR-whoenig,1,NULL,NULL,4093,17.3715,NULL,https://github.com/ssfc/libMultiRobotPlanning-isolated,2025-09-08 16:39:46,1295,216460
-1,random-32-32-10.map,random-32-32-10-random-1.scen,159,12400F,CBSDepth-whoenig,ASTAR-whoenig,1,NULL,NULL,4129,18.4192,NULL,https://github.com/ssfc/libMultiRobotPlanning-isolated,2025-09-08 16:40:04,1352,236138
-1,random-32-32-10.map,random-32-32-10-random-1.scen,160,12400F,CBSDepth-whoenig,ASTAR-whoenig,1,NULL,NULL,4149,19.2233,NULL,https://github.com/ssfc/libMultiRobotPlanning-isolated,2025-09-08 16:40:24,1385,244952
-1,random-32-32-10.map,random-32-32-10-random-1.scen,161,12400F,CBSDepth-whoenig,ASTAR-whoenig,1,NULL,NULL,4163,20.4982,NULL,https://github.com/ssfc/libMultiRobotPlanning-isolated,2025-09-08 16:40:44,1467,271568
-1,random-32-32-10.map,random-32-32-10-random-1.scen,162,12400F,CBSDepth-whoenig,ASTAR-whoenig,1,NULL,NULL,4177,21.1298,NULL,https://github.com/ssfc/libMultiRobotPlanning-isolated,2025-09-08 16:41:05,1485,270100
-1,random-32-32-10.map,random-32-32-10-random-1.scen,163,12400F,CBSDepth-whoenig,ASTAR-whoenig,1,NULL,NULL,4204,20.7103,NULL,https://github.com/ssfc/libMultiRobotPlanning-isolated,2025-09-08 16:41:26,1473,257440
-1,random-32-32-10.map,random-32-32-10-random-1.scen,164,12400F,CBSDepth-whoenig,ASTAR-whoenig,1,NULL,NULL,4215,21.2761,NULL,https://github.com/ssfc/libMultiRobotPlanning-isolated,2025-09-08 16:41:48,1493,262925
-1,random-32-32-10.map,random-32-32-10-random-1.scen,165,12400F,CBSDepth-whoenig,ASTAR-whoenig,1,NULL,NULL,4238,20.9484,NULL,https://github.com/ssfc/libMultiRobotPlanning-isolated,2025-09-08 16:42:09,1473,260420
-1,random-32-32-10.map,random-32-32-10-random-1.scen,166,12400F,CBSDepth-whoenig,ASTAR-whoenig,1,NULL,NULL,4312,26.517,NULL,https://github.com/ssfc/libMultiRobotPlanning-isolated,2025-09-08 16:42:35,1741,366945
-1,random-32-32-10.map,random-32-32-10-random-1.scen,167,12400F,CBSDepth-whoenig,ASTAR-whoenig,1,NULL,NULL,4343,27.284,NULL,https://github.com/ssfc/libMultiRobotPlanning-isolated,2025-09-08 16:43:03,1793,390094
-1,random-32-32-10.map,random-32-32-10-random-1.scen,168,12400F,CBSDepth-whoenig,ASTAR-whoenig,1,NULL,NULL,4339,23.9143,NULL,https://github.com/ssfc/libMultiRobotPlanning-isolated,2025-09-08 16:43:27,1612,297278
-1,random-32-32-10.map,random-32-32-10-random-1.scen,169,12400F,CBSDepth-whoenig,ASTAR-whoenig,1,NULL,NULL,4374,24.7982,NULL,https://github.com/ssfc/libMultiRobotPlanning-isolated,2025-09-08 16:43:52,1653,306585
-1,random-32-32-10.map,random-32-32-10-random-1.scen,170,12400F,CBSDepth-whoenig,ASTAR-whoenig,1,NULL,NULL,4413,26.4621,NULL,https://github.com/ssfc/libMultiRobotPlanning-isolated,2025-09-08 16:44:19,1718,344117
-1,random-32-32-10.map,random-32-32-10-random-1.scen,171,12400F,CBSDepth-whoenig,ASTAR-whoenig,1,NULL,NULL,4431,26.7782,NULL,https://github.com/ssfc/libMultiRobotPlanning-isolated,2025-09-08 16:44:45,1719,344185
-1,random-32-32-10.map,random-32-32-10-random-1.scen,172,12400F,CBSDepth-whoenig,ASTAR-whoenig,1,NULL,NULL,4436,27.1296,NULL,https://github.com/ssfc/libMultiRobotPlanning-isolated,2025-09-08 16:45:13,1719,344189
-1,random-32-32-10.map,random-32-32-10-random-1.scen,173,12400F,CBSDepth-whoenig,ASTAR-whoenig,1,NULL,NULL,4462,28.0113,NULL,https://github.com/ssfc/libMultiRobotPlanning-isolated,2025-09-08 16:45:41,1759,351007
-1,random-32-32-10.map,random-32-32-10-random-1.scen,174,12400F,CBSDepth-whoenig,ASTAR-whoenig,1,NULL,NULL,4504,29.3406,NULL,https://github.com/ssfc/libMultiRobotPlanning-isolated,2025-09-08 16:46:10,1806,372711
-1,random-32-32-10.map,random-32-32-10-random-1.scen,175,12400F,CBSDepth-whoenig,ASTAR-whoenig,1,NULL,NULL,4550,30.3978,NULL,https://github.com/ssfc/libMultiRobotPlanning-isolated,2025-09-08 16:46:41,1861,380551
-1,random-32-32-10.map,random-32-32-10-random-1.scen,176,12400F,CBSDepth-whoenig,ASTAR-whoenig,1,NULL,NULL,4569,31.3726,NULL,https://github.com/ssfc/libMultiRobotPlanning-isolated,2025-09-08 16:47:13,1898,353263
-1,random-32-32-10.map,random-32-32-10-random-1.scen,177,12400F,CBSDepth-whoenig,ASTAR-whoenig,1,NULL,NULL,4601,33.6435,NULL,https://github.com/ssfc/libMultiRobotPlanning-isolated,2025-09-08 16:47:46,2001,394128
-1,random-32-32-10.map,random-32-32-10-random-1.scen,178,12400F,CBSDepth-whoenig,ASTAR-whoenig,1,NULL,NULL,4610,35.0316,NULL,https://github.com/ssfc/libMultiRobotPlanning-isolated,2025-09-08 16:48:22,2033,414530
-1,random-32-32-10.map,random-32-32-10-random-1.scen,179,12400F,CBSDepth-whoenig,ASTAR-whoenig,1,NULL,NULL,4631,34.9363,NULL,https://github.com/ssfc/libMultiRobotPlanning-isolated,2025-09-08 16:48:57,2028,403349
-1,random-32-32-10.map,random-32-32-10-random-1.scen,180,12400F,CBSDepth-whoenig,ASTAR-whoenig,1,NULL,NULL,4648,35.3783,NULL,https://github.com/ssfc/libMultiRobotPlanning-isolated,2025-09-08 16:49:32,2035,402450
-1,random-32-32-10.map,random-32-32-10-random-1.scen,181,12400F,CBSDepth-whoenig,ASTAR-whoenig,1,NULL,NULL,4661,35.7461,NULL,https://github.com/ssfc/libMultiRobotPlanning-isolated,2025-09-08 16:50:08,2035,402210
-1,random-32-32-10.map,random-32-32-10-random-1.scen,182,12400F,CBSDepth-whoenig,ASTAR-whoenig,1,NULL,NULL,4675,36.9671,NULL,https://github.com/ssfc/libMultiRobotPlanning-isolated,2025-09-08 16:50:46,2070,403322
-1,random-32-32-10.map,random-32-32-10-random-1.scen,183,12400F,CBSDepth-whoenig,ASTAR-whoenig,1,NULL,NULL,4687,33.0811,NULL,https://github.com/ssfc/libMultiRobotPlanning-isolated,2025-09-08 16:51:19,1911,345618
-1,random-32-32-10.map,random-32-32-10-random-1.scen,184,12400F,CBSDepth-whoenig,ASTAR-whoenig,1,NULL,NULL,4713,38.0918,NULL,https://github.com/ssfc/libMultiRobotPlanning-isolated,2025-09-08 16:51:57,2158,411985
-1,random-32-32-10.map,random-32-32-10-random-1.scen,185,12400F,CBSDepth-whoenig,ASTAR-whoenig,1,NULL,NULL,4741,38.668,NULL,https://github.com/ssfc/libMultiRobotPlanning-isolated,2025-09-08 16:52:36,2166,416710
-1,random-32-32-10.map,random-32-32-10-random-1.scen,186,12400F,CBSDepth-whoenig,ASTAR-whoenig,1,NULL,NULL,4771,37.6129,NULL,https://github.com/ssfc/libMultiRobotPlanning-isolated,2025-09-08 16:53:14,2123,406094
-1,random-32-32-10.map,random-32-32-10-random-1.scen,187,12400F,CBSDepth-whoenig,ASTAR-whoenig,1,NULL,NULL,4821,40.1731,NULL,https://github.com/ssfc/libMultiRobotPlanning-isolated,2025-09-08 16:53:54,2167,443738
-1,random-32-32-10.map,random-32-32-10-random-1.scen,188,12400F,CBSDepth-whoenig,ASTAR-whoenig,1,NULL,NULL,4846,40.9119,NULL,https://github.com/ssfc/libMultiRobotPlanning-isolated,2025-09-08 16:54:36,2195,448310
-1,random-32-32-10.map,random-32-32-10-random-1.scen,189,12400F,CBSDepth-whoenig,ASTAR-whoenig,1,NULL,NULL,4877,40.8923,NULL,https://github.com/ssfc/libMultiRobotPlanning-isolated,2025-09-08 16:55:17,2179,436257
-1,random-32-32-10.map,random-32-32-10-random-1.scen,190,12400F,CBSDepth-whoenig,ASTAR-whoenig,1,NULL,NULL,4921,44.9936,NULL,https://github.com/ssfc/libMultiRobotPlanning-isolated,2025-09-08 16:56:02,2377,487611
-1,random-32-32-10.map,random-32-32-10-random-1.scen,191,12400F,CBSDepth-whoenig,ASTAR-whoenig,1,NULL,NULL,4954,43.1939,NULL,https://github.com/ssfc/libMultiRobotPlanning-isolated,2025-09-08 16:56:45,2334,464678
-1,random-32-32-10.map,random-32-32-10-random-1.scen,192,12400F,CBSDepth-whoenig,ASTAR-whoenig,1,NULL,NULL,5009,45.6999,NULL,https://github.com/ssfc/libMultiRobotPlanning-isolated,2025-09-08 16:57:31,2467,510289
-1,random-32-32-10.map,random-32-32-10-random-1.scen,193,12400F,CBSDepth-whoenig,ASTAR-whoenig,1,NULL,NULL,5014,46.2935,NULL,https://github.com/ssfc/libMultiRobotPlanning-isolated,2025-09-08 16:58:18,2467,510293
-1,random-32-32-10.map,random-32-32-10-random-1.scen,194,12400F,CBSDepth-whoenig,ASTAR-whoenig,1,NULL,NULL,5023,46.6778,NULL,https://github.com/ssfc/libMultiRobotPlanning-isolated,2025-09-08 16:59:05,2473,511849
-1,random-32-32-10.map,random-32-32-10-random-1.scen,195,12400F,CBSDepth-whoenig,ASTAR-whoenig,1,NULL,NULL,5033,47.1156,NULL,https://github.com/ssfc/libMultiRobotPlanning-isolated,2025-09-08 16:59:52,2470,511412
-1,random-32-32-10.map,random-32-32-10-random-1.scen,196,12400F,CBSDepth-whoenig,ASTAR-whoenig,1,NULL,NULL,5079,47.6633,NULL,https://github.com/ssfc/libMultiRobotPlanning-isolated,2025-09-08 17:00:40,2480,478475
-1,random-32-32-10.map,random-32-32-10-random-1.scen,197,12400F,CBSDepth-whoenig,ASTAR-whoenig,1,NULL,NULL,5108,50.3945,NULL,https://github.com/ssfc/libMultiRobotPlanning-isolated,2025-09-08 17:01:31,2542,499354
-1,random-32-32-10.map,random-32-32-10-random-1.scen,198,12400F,CBSDepth-whoenig,ASTAR-whoenig,1,NULL,NULL,5112,52.3589,NULL,https://github.com/ssfc/libMultiRobotPlanning-isolated,2025-09-08 17:02:24,2611,516608
-1,random-32-32-10.map,random-32-32-10-random-1.scen,199,12400F,CBSDepth-whoenig,ASTAR-whoenig,1,NULL,NULL,5112,47.8719,NULL,https://github.com/ssfc/libMultiRobotPlanning-isolated,2025-09-08 17:03:12,2427,467195
-1,random-32-32-10.map,random-32-32-10-random-1.scen,200,12400F,CBSDepth-whoenig,ASTAR-whoenig,1,NULL,NULL,5143,51.9729,NULL,https://github.com/ssfc/libMultiRobotPlanning-isolated,2025-09-08 17:04:04,2626,519274
-1,random-32-32-10.map,random-32-32-10-random-1.scen,201,12400F,CBSDepth-whoenig,ASTAR-whoenig,1,NULL,NULL,5164,52.6938,NULL,https://github.com/ssfc/libMultiRobotPlanning-isolated,2025-09-08 17:04:57,2632,522547
-1,random-32-32-10.map,random-32-32-10-random-1.scen,202,12400F,CBSDepth-whoenig,ASTAR-whoenig,1,NULL,NULL,5196,59.8323,NULL,https://github.com/ssfc/libMultiRobotPlanning-isolated,2025-09-08 17:05:57,2879,638619
-1,random-32-32-10.map,random-32-32-10-random-1.scen,203,12400F,CBSDepth-whoenig,ASTAR-whoenig,1,NULL,NULL,5276,503.504,NULL,https://github.com/ssfc/libMultiRobotPlanning-isolated,2025-09-08 17:14:21,27180,4878458
-1,random-32-32-10.map,random-32-32-10-random-1.scen,204,12400F,CBSDepth-whoenig,ASTAR-whoenig,1,NULL,NULL,5298,526.32,NULL,https://github.com/ssfc/libMultiRobotPlanning-isolated,2025-09-08 17:23:10,27909,5331436
-1,random-32-32-10.map,random-32-32-10-random-1.scen,205,12400F,CBSDepth-whoenig,ASTAR-whoenig,1,NULL,NULL,5319,534.653,NULL,https://github.com/ssfc/libMultiRobotPlanning-isolated,2025-09-08 17:32:08,28057,5309988
-1,random-32-32-10.map,random-32-32-10-random-1.scen,206,12400F,CBSDepth-whoenig,ASTAR-whoenig,1,NULL,NULL,5356,781.195,NULL,https://github.com/ssfc/libMultiRobotPlanning-isolated,2025-09-08 17:45:13,40708,8041418
-1,random-32-32-10.map,random-32-32-10-random-1.scen,207,12400F,CBSDepth-whoenig,ASTAR-whoenig,1,NULL,NULL,INF,1800.06,NULL,https://github.com/ssfc/libMultiRobotPlanning-isolated,2025-09-08 18:15:18,287711,16188116
-1,random-32-32-10.map,random-32-32-10-random-1.scen,208,12400F,CBSDepth-whoenig,ASTAR-whoenig,1,NULL,NULL,INF,1800.03,NULL,https://github.com/ssfc/libMultiRobotPlanning-isolated,2025-09-08 18:45:35,285331,15999786
-1,random-32-32-10.map,random-32-32-10-random-1.scen,209,12400F,CBSDepth-whoenig,ASTAR-whoenig,1,NULL,NULL,INF,1800.07,NULL,https://github.com/ssfc/libMultiRobotPlanning-isolated,2025-09-08 19:15:53,282991,15870383
-1,random-32-32-10.map,random-32-32-10-random-1.scen,210,12400F,CBSDepth-whoenig,ASTAR-whoenig,1,NULL,NULL,INF,1800.03,NULL,https://github.com/ssfc/libMultiRobotPlanning-isolated,2025-09-08 19:46:10,281161,15765547
-1,random-32-32-10.map,random-32-32-10-random-1.scen,211,12400F,CBSDepth-whoenig,ASTAR-whoenig,1,NULL,NULL,INF,1800.01,NULL,https://github.com/ssfc/libMultiRobotPlanning-isolated,2025-09-08 20:16:27,278441,15548843
-1,random-32-32-10.map,random-32-32-10-random-1.scen,212,12400F,CBSDepth-whoenig,ASTAR-whoenig,1,NULL,NULL,INF,1800.02,NULL,https://github.com/ssfc/libMultiRobotPlanning-isolated,2025-09-08 20:46:44,275911,15555235
-1,random-32-32-10.map,random-32-32-10-random-1.scen,1,12400F,CBSDepthSelectConflict,ASTAR-whoenig,1,NULL,NULL,18,0.00032,NULL,https://github.com/ssfc/libMultiRobotPlanning-isolated,2025-09-08 21:21:29,1,35
-1,random-32-32-10.map,random-32-32-10-random-1.scen,2,12400F,CBSDepthSelectConflict,ASTAR-whoenig,1,NULL,NULL,55,0.002586,NULL,https://github.com/ssfc/libMultiRobotPlanning-isolated,2025-09-08 21:21:29,1,71
-1,random-32-32-10.map,random-32-32-10-random-1.scen,3,12400F,CBSDepthSelectConflict,ASTAR-whoenig,1,NULL,NULL,82,0.002969,NULL,https://github.com/ssfc/libMultiRobotPlanning-isolated,2025-09-08 21:21:29,1,116
-1,random-32-32-10.map,random-32-32-10-random-1.scen,4,12400F,CBSDepthSelectConflict,ASTAR-whoenig,1,NULL,NULL,93,0.002436,NULL,https://github.com/ssfc/libMultiRobotPlanning-isolated,2025-09-08 21:21:29,1,126
-1,random-32-32-10.map,random-32-32-10-random-1.scen,5,12400F,CBSDepthSelectConflict,ASTAR-whoenig,1,NULL,NULL,110,0.005285,NULL,https://github.com/ssfc/libMultiRobotPlanning-isolated,2025-09-08 21:21:29,2,212
-1,random-32-32-10.map,random-32-32-10-random-1.scen,6,12400F,CBSDepthSelectConflict,ASTAR-whoenig,1,NULL,NULL,142,0.005852,NULL,https://github.com/ssfc/libMultiRobotPlanning-isolated,2025-09-08 21:21:29,2,244
-1,random-32-32-10.map,random-32-32-10-random-1.scen,7,12400F,CBSDepthSelectConflict,ASTAR-whoenig,1,NULL,NULL,169,0.007046,NULL,https://github.com/ssfc/libMultiRobotPlanning-isolated,2025-09-08 21:21:29,2,281
-1,random-32-32-10.map,random-32-32-10-random-1.scen,8,12400F,CBSDepthSelectConflict,ASTAR-whoenig,1,NULL,NULL,224,0.010478,NULL,https://github.com/ssfc/libMultiRobotPlanning-isolated,2025-09-08 21:21:29,2,374
-1,random-32-32-10.map,random-32-32-10-random-1.scen,9,12400F,CBSDepthSelectConflict,ASTAR-whoenig,1,NULL,NULL,231,0.012529,NULL,https://github.com/ssfc/libMultiRobotPlanning-isolated,2025-09-08 21:21:29,2,380
-1,random-32-32-10.map,random-32-32-10-random-1.scen,10,12400F,CBSDepthSelectConflict,ASTAR-whoenig,1,NULL,NULL,252,0.009425,NULL,https://github.com/ssfc/libMultiRobotPlanning-isolated,2025-09-08 21:21:29,2,391
-1,random-32-32-10.map,random-32-32-10-random-1.scen,11,12400F,CBSDepthSelectConflict,ASTAR-whoenig,1,NULL,NULL,281,0.007889,NULL,https://github.com/ssfc/libMultiRobotPlanning-isolated,2025-09-08 21:21:29,2,419
-1,random-32-32-10.map,random-32-32-10-random-1.scen,12,12400F,CBSDepthSelectConflict,ASTAR-whoenig,1,NULL,NULL,297,0.006966,NULL,https://github.com/ssfc/libMultiRobotPlanning-isolated,2025-09-08 21:21:29,2,434
-1,random-32-32-10.map,random-32-32-10-random-1.scen,13,12400F,CBSDepthSelectConflict,ASTAR-whoenig,1,NULL,NULL,333,0.006557,NULL,https://github.com/ssfc/libMultiRobotPlanning-isolated,2025-09-08 21:21:29,2,490
-1,random-32-32-10.map,random-32-32-10-random-1.scen,14,12400F,CBSDepthSelectConflict,ASTAR-whoenig,1,NULL,NULL,369,0.006257,NULL,https://github.com/ssfc/libMultiRobotPlanning-isolated,2025-09-08 21:21:29,2,548
-1,random-32-32-10.map,random-32-32-10-random-1.scen,15,12400F,CBSDepthSelectConflict,ASTAR-whoenig,1,NULL,NULL,407,0.006101,NULL,https://github.com/ssfc/libMultiRobotPlanning-isolated,2025-09-08 21:21:29,2,585
-1,random-32-32-10.map,random-32-32-10-random-1.scen,16,12400F,CBSDepthSelectConflict,ASTAR-whoenig,1,NULL,NULL,439,0.006571,NULL,https://github.com/ssfc/libMultiRobotPlanning-isolated,2025-09-08 21:21:29,2,668
-1,random-32-32-10.map,random-32-32-10-random-1.scen,17,12400F,CBSDepthSelectConflict,ASTAR-whoenig,1,NULL,NULL,450,0.00691,NULL,https://github.com/ssfc/libMultiRobotPlanning-isolated,2025-09-08 21:21:29,2,678
-1,random-32-32-10.map,random-32-32-10-random-1.scen,18,12400F,CBSDepthSelectConflict,ASTAR-whoenig,1,NULL,NULL,475,0.00927,NULL,https://github.com/ssfc/libMultiRobotPlanning-isolated,2025-09-08 21:21:29,2,703
-1,random-32-32-10.map,random-32-32-10-random-1.scen,19,12400F,CBSDepthSelectConflict,ASTAR-whoenig,1,NULL,NULL,491,0.009606,NULL,https://github.com/ssfc/libMultiRobotPlanning-isolated,2025-09-08 21:21:29,2,718
-1,random-32-32-10.map,random-32-32-10-random-1.scen,20,12400F,CBSDepthSelectConflict,ASTAR-whoenig,1,NULL,NULL,515,0.015212,NULL,https://github.com/ssfc/libMultiRobotPlanning-isolated,2025-09-08 21:21:29,5,915
-1,random-32-32-10.map,random-32-32-10-random-1.scen,21,12400F,CBSDepthSelectConflict,ASTAR-whoenig,1,NULL,NULL,544,0.012837,NULL,https://github.com/ssfc/libMultiRobotPlanning-isolated,2025-09-08 21:21:29,6,1009
-1,random-32-32-10.map,random-32-32-10-random-1.scen,22,12400F,CBSDepthSelectConflict,ASTAR-whoenig,1,NULL,NULL,571,0.014727,NULL,https://github.com/ssfc/libMultiRobotPlanning-isolated,2025-09-08 21:21:29,8,1229
-1,random-32-32-10.map,random-32-32-10-random-1.scen,23,12400F,CBSDepthSelectConflict,ASTAR-whoenig,1,NULL,NULL,606,0.016719,NULL,https://github.com/ssfc/libMultiRobotPlanning-isolated,2025-09-08 21:21:29,9,1335
-1,random-32-32-10.map,random-32-32-10-random-1.scen,24,12400F,CBSDepthSelectConflict,ASTAR-whoenig,1,NULL,NULL,619,0.016877,NULL,https://github.com/ssfc/libMultiRobotPlanning-isolated,2025-09-08 21:21:29,9,1358
-1,random-32-32-10.map,random-32-32-10-random-1.scen,25,12400F,CBSDepthSelectConflict,ASTAR-whoenig,1,NULL,NULL,642,0.017667,NULL,https://github.com/ssfc/libMultiRobotPlanning-isolated,2025-09-08 21:21:29,9,1380
-1,random-32-32-10.map,random-32-32-10-random-1.scen,26,12400F,CBSDepthSelectConflict,ASTAR-whoenig,1,NULL,NULL,660,0.01655,NULL,https://github.com/ssfc/libMultiRobotPlanning-isolated,2025-09-08 21:21:29,9,1397
-1,random-32-32-10.map,random-32-32-10-random-1.scen,27,12400F,CBSDepthSelectConflict,ASTAR-whoenig,1,NULL,NULL,678,0.02011,NULL,https://github.com/ssfc/libMultiRobotPlanning-isolated,2025-09-08 21:21:29,12,1622
-1,random-32-32-10.map,random-32-32-10-random-1.scen,28,12400F,CBSDepthSelectConflict,ASTAR-whoenig,1,NULL,NULL,715,0.021309,NULL,https://github.com/ssfc/libMultiRobotPlanning-isolated,2025-09-08 21:21:29,12,1662
-1,random-32-32-10.map,random-32-32-10-random-1.scen,29,12400F,CBSDepthSelectConflict,ASTAR-whoenig,1,NULL,NULL,729,0.021492,NULL,https://github.com/ssfc/libMultiRobotPlanning-isolated,2025-09-08 21:21:29,12,1675
-1,random-32-32-10.map,random-32-32-10-random-1.scen,30,12400F,CBSDepthSelectConflict,ASTAR-whoenig,1,NULL,NULL,781,0.025822,NULL,https://github.com/ssfc/libMultiRobotPlanning-isolated,2025-09-08 21:21:29,13,1979
-1,random-32-32-10.map,random-32-32-10-random-1.scen,31,12400F,CBSDepthSelectConflict,ASTAR-whoenig,1,NULL,NULL,820,0.025385,NULL,https://github.com/ssfc/libMultiRobotPlanning-isolated,2025-09-08 21:21:30,13,2026
-1,random-32-32-10.map,random-32-32-10-random-1.scen,32,12400F,CBSDepthSelectConflict,ASTAR-whoenig,1,NULL,NULL,835,0.026053,NULL,https://github.com/ssfc/libMultiRobotPlanning-isolated,2025-09-08 21:21:30,13,2040
-1,random-32-32-10.map,random-32-32-10-random-1.scen,33,12400F,CBSDepthSelectConflict,ASTAR-whoenig,1,NULL,NULL,879,0.026754,NULL,https://github.com/ssfc/libMultiRobotPlanning-isolated,2025-09-08 21:21:30,13,2091
-1,random-32-32-10.map,random-32-32-10-random-1.scen,34,12400F,CBSDepthSelectConflict,ASTAR-whoenig,1,NULL,NULL,891,0.027568,NULL,https://github.com/ssfc/libMultiRobotPlanning-isolated,2025-09-08 21:21:30,13,2102
-1,random-32-32-10.map,random-32-32-10-random-1.scen,35,12400F,CBSDepthSelectConflict,ASTAR-whoenig,1,NULL,NULL,901,0.028074,NULL,https://github.com/ssfc/libMultiRobotPlanning-isolated,2025-09-08 21:21:30,13,2111
-1,random-32-32-10.map,random-32-32-10-random-1.scen,36,12400F,CBSDepthSelectConflict,ASTAR-whoenig,1,NULL,NULL,921,0.030257,NULL,https://github.com/ssfc/libMultiRobotPlanning-isolated,2025-09-08 21:21:30,14,2208
-1,random-32-32-10.map,random-32-32-10-random-1.scen,37,12400F,CBSDepthSelectConflict,ASTAR-whoenig,1,NULL,NULL,954,0.03484,NULL,https://github.com/ssfc/libMultiRobotPlanning-isolated,2025-09-08 21:21:30,15,2833
-1,random-32-32-10.map,random-32-32-10-random-1.scen,38,12400F,CBSDepthSelectConflict,ASTAR-whoenig,1,NULL,NULL,978,0.04377,NULL,https://github.com/ssfc/libMultiRobotPlanning-isolated,2025-09-08 21:21:30,21,3447
-1,random-32-32-10.map,random-32-32-10-random-1.scen,39,12400F,CBSDepthSelectConflict,ASTAR-whoenig,1,NULL,NULL,997,0.044585,NULL,https://github.com/ssfc/libMultiRobotPlanning-isolated,2025-09-08 21:21:30,21,3465
-1,random-32-32-10.map,random-32-32-10-random-1.scen,40,12400F,CBSDepthSelectConflict,ASTAR-whoenig,1,NULL,NULL,1023,0.044107,NULL,https://github.com/ssfc/libMultiRobotPlanning-isolated,2025-09-08 21:21:30,21,3490
-1,random-32-32-10.map,random-32-32-10-random-1.scen,41,12400F,CBSDepthSelectConflict,ASTAR-whoenig,1,NULL,NULL,1052,0.050193,NULL,https://github.com/ssfc/libMultiRobotPlanning-isolated,2025-09-08 21:21:30,25,3891
-1,random-32-32-10.map,random-32-32-10-random-1.scen,42,12400F,CBSDepthSelectConflict,ASTAR-whoenig,1,NULL,NULL,1088,0.073015,NULL,https://github.com/ssfc/libMultiRobotPlanning-isolated,2025-09-08 21:21:30,37,5495
-1,random-32-32-10.map,random-32-32-10-random-1.scen,43,12400F,CBSDepthSelectConflict,ASTAR-whoenig,1,NULL,NULL,1114,0.075873,NULL,https://github.com/ssfc/libMultiRobotPlanning-isolated,2025-09-08 21:21:30,40,5669
-1,random-32-32-10.map,random-32-32-10-random-1.scen,44,12400F,CBSDepthSelectConflict,ASTAR-whoenig,1,NULL,NULL,1126,0.082593,NULL,https://github.com/ssfc/libMultiRobotPlanning-isolated,2025-09-08 21:21:30,44,5937
-1,random-32-32-10.map,random-32-32-10-random-1.scen,45,12400F,CBSDepthSelectConflict,ASTAR-whoenig,1,NULL,NULL,1143,0.086087,NULL,https://github.com/ssfc/libMultiRobotPlanning-isolated,2025-09-08 21:21:30,46,6083
-1,random-32-32-10.map,random-32-32-10-random-1.scen,46,12400F,CBSDepthSelectConflict,ASTAR-whoenig,1,NULL,NULL,1157,0.087831,NULL,https://github.com/ssfc/libMultiRobotPlanning-isolated,2025-09-08 21:21:30,46,6096
-1,random-32-32-10.map,random-32-32-10-random-1.scen,47,12400F,CBSDepthSelectConflict,ASTAR-whoenig,1,NULL,NULL,1184,0.091251,NULL,https://github.com/ssfc/libMultiRobotPlanning-isolated,2025-09-08 21:21:30,48,6227
-1,random-32-32-10.map,random-32-32-10-random-1.scen,48,12400F,CBSDepthSelectConflict,ASTAR-whoenig,1,NULL,NULL,1200,0.094789,NULL,https://github.com/ssfc/libMultiRobotPlanning-isolated,2025-09-08 21:21:31,49,6338
-1,random-32-32-10.map,random-32-32-10-random-1.scen,49,12400F,CBSDepthSelectConflict,ASTAR-whoenig,1,NULL,NULL,1206,0.095384,NULL,https://github.com/ssfc/libMultiRobotPlanning-isolated,2025-09-08 21:21:31,49,6343
-1,random-32-32-10.map,random-32-32-10-random-1.scen,50,12400F,CBSDepthSelectConflict,ASTAR-whoenig,1,NULL,NULL,1223,0.098092,NULL,https://github.com/ssfc/libMultiRobotPlanning-isolated,2025-09-08 21:21:31,50,6414
-1,random-32-32-10.map,random-32-32-10-random-1.scen,51,12400F,CBSDepthSelectConflict,ASTAR-whoenig,1,NULL,NULL,1253,0.093399,NULL,https://github.com/ssfc/libMultiRobotPlanning-isolated,2025-09-08 21:21:31,46,5896
-1,random-32-32-10.map,random-32-32-10-random-1.scen,52,12400F,CBSDepthSelectConflict,ASTAR-whoenig,1,NULL,NULL,1282,0.104743,NULL,https://github.com/ssfc/libMultiRobotPlanning-isolated,2025-09-08 21:21:31,51,7005
-1,random-32-32-10.map,random-32-32-10-random-1.scen,53,12400F,CBSDepthSelectConflict,ASTAR-whoenig,1,NULL,NULL,1293,0.10629,NULL,https://github.com/ssfc/libMultiRobotPlanning-isolated,2025-09-08 21:21:31,51,7015
-1,random-32-32-10.map,random-32-32-10-random-1.scen,54,12400F,CBSDepthSelectConflict,ASTAR-whoenig,1,NULL,NULL,1307,0.10784,NULL,https://github.com/ssfc/libMultiRobotPlanning-isolated,2025-09-08 21:21:31,51,7028
-1,random-32-32-10.map,random-32-32-10-random-1.scen,55,12400F,CBSDepthSelectConflict,ASTAR-whoenig,1,NULL,NULL,1322,0.110885,NULL,https://github.com/ssfc/libMultiRobotPlanning-isolated,2025-09-08 21:21:31,52,7131
-1,random-32-32-10.map,random-32-32-10-random-1.scen,56,12400F,CBSDepthSelectConflict,ASTAR-whoenig,1,NULL,NULL,1356,0.11234,NULL,https://github.com/ssfc/libMultiRobotPlanning-isolated,2025-09-08 21:21:31,52,7194
-1,random-32-32-10.map,random-32-32-10-random-1.scen,57,12400F,CBSDepthSelectConflict,ASTAR-whoenig,1,NULL,NULL,1364,0.114016,NULL,https://github.com/ssfc/libMultiRobotPlanning-isolated,2025-09-08 21:21:31,52,7205
-1,random-32-32-10.map,random-32-32-10-random-1.scen,58,12400F,CBSDepthSelectConflict,ASTAR-whoenig,1,NULL,NULL,1404,0.153851,NULL,https://github.com/ssfc/libMultiRobotPlanning-isolated,2025-09-08 21:21:32,66,11398
-1,random-32-32-10.map,random-32-32-10-random-1.scen,59,12400F,CBSDepthSelectConflict,ASTAR-whoenig,1,NULL,NULL,1425,0.173767,NULL,https://github.com/ssfc/libMultiRobotPlanning-isolated,2025-09-08 21:21:32,79,11703
-1,random-32-32-10.map,random-32-32-10-random-1.scen,60,12400F,CBSDepthSelectConflict,ASTAR-whoenig,1,NULL,NULL,1463,0.179548,NULL,https://github.com/ssfc/libMultiRobotPlanning-isolated,2025-09-08 21:21:32,81,11886
-1,random-32-32-10.map,random-32-32-10-random-1.scen,61,12400F,CBSDepthSelectConflict,ASTAR-whoenig,1,NULL,NULL,1476,0.186723,NULL,https://github.com/ssfc/libMultiRobotPlanning-isolated,2025-09-08 21:21:32,84,11995
-1,random-32-32-10.map,random-32-32-10-random-1.scen,62,12400F,CBSDepthSelectConflict,ASTAR-whoenig,1,NULL,NULL,1523,0.188338,NULL,https://github.com/ssfc/libMultiRobotPlanning-isolated,2025-09-08 21:21:32,84,12097
-1,random-32-32-10.map,random-32-32-10-random-1.scen,63,12400F,CBSDepthSelectConflict,ASTAR-whoenig,1,NULL,NULL,1539,0.190174,NULL,https://github.com/ssfc/libMultiRobotPlanning-isolated,2025-09-08 21:21:33,84,12116
-1,random-32-32-10.map,random-32-32-10-random-1.scen,64,12400F,CBSDepthSelectConflict,ASTAR-whoenig,1,NULL,NULL,1549,0.20157,NULL,https://github.com/ssfc/libMultiRobotPlanning-isolated,2025-09-08 21:21:33,90,12302
-1,random-32-32-10.map,random-32-32-10-random-1.scen,65,12400F,CBSDepthSelectConflict,ASTAR-whoenig,1,NULL,NULL,1567,0.196522,NULL,https://github.com/ssfc/libMultiRobotPlanning-isolated,2025-09-08 21:21:33,85,12165
-1,random-32-32-10.map,random-32-32-10-random-1.scen,66,12400F,CBSDepthSelectConflict,ASTAR-whoenig,1,NULL,NULL,1581,0.21907,NULL,https://github.com/ssfc/libMultiRobotPlanning-isolated,2025-09-08 21:21:33,96,13034
-1,random-32-32-10.map,random-32-32-10-random-1.scen,67,12400F,CBSDepthSelectConflict,ASTAR-whoenig,1,NULL,NULL,1610,0.22079,NULL,https://github.com/ssfc/libMultiRobotPlanning-isolated,2025-09-08 21:21:33,96,13072
-1,random-32-32-10.map,random-32-32-10-random-1.scen,68,12400F,CBSDepthSelectConflict,ASTAR-whoenig,1,NULL,NULL,1624,0.239665,NULL,https://github.com/ssfc/libMultiRobotPlanning-isolated,2025-09-08 21:21:34,103,14162
-1,random-32-32-10.map,random-32-32-10-random-1.scen,69,12400F,CBSDepthSelectConflict,ASTAR-whoenig,1,NULL,NULL,1662,0.289359,NULL,https://github.com/ssfc/libMultiRobotPlanning-isolated,2025-09-08 21:21:34,123,17155
-1,random-32-32-10.map,random-32-32-10-random-1.scen,70,12400F,CBSDepthSelectConflict,ASTAR-whoenig,1,NULL,NULL,1687,0.313835,NULL,https://github.com/ssfc/libMultiRobotPlanning-isolated,2025-09-08 21:21:34,135,17945
-1,random-32-32-10.map,random-32-32-10-random-1.scen,71,12400F,CBSDepthSelectConflict,ASTAR-whoenig,1,NULL,NULL,1720,0.331367,NULL,https://github.com/ssfc/libMultiRobotPlanning-isolated,2025-09-08 21:21:35,139,19273
-1,random-32-32-10.map,random-32-32-10-random-1.scen,72,12400F,CBSDepthSelectConflict,ASTAR-whoenig,1,NULL,NULL,1750,0.33303,NULL,https://github.com/ssfc/libMultiRobotPlanning-isolated,2025-09-08 21:21:35,138,19016
-1,random-32-32-10.map,random-32-32-10-random-1.scen,73,12400F,CBSDepthSelectConflict,ASTAR-whoenig,1,NULL,NULL,1771,0.335857,NULL,https://github.com/ssfc/libMultiRobotPlanning-isolated,2025-09-08 21:21:35,138,19036
-1,random-32-32-10.map,random-32-32-10-random-1.scen,74,12400F,CBSDepthSelectConflict,ASTAR-whoenig,1,NULL,NULL,1785,0.338357,NULL,https://github.com/ssfc/libMultiRobotPlanning-isolated,2025-09-08 21:21:36,138,19049
-1,random-32-32-10.map,random-32-32-10-random-1.scen,75,12400F,CBSDepthSelectConflict,ASTAR-whoenig,1,NULL,NULL,1810,0.342556,NULL,https://github.com/ssfc/libMultiRobotPlanning-isolated,2025-09-08 21:21:36,139,19209
-1,random-32-32-10.map,random-32-32-10-random-1.scen,76,12400F,CBSDepthSelectConflict,ASTAR-whoenig,1,NULL,NULL,1837,0.358247,NULL,https://github.com/ssfc/libMultiRobotPlanning-isolated,2025-09-08 21:21:36,145,19697
-1,random-32-32-10.map,random-32-32-10-random-1.scen,77,12400F,CBSDepthSelectConflict,ASTAR-whoenig,1,NULL,NULL,1871,0.366853,NULL,https://github.com/ssfc/libMultiRobotPlanning-isolated,2025-09-08 21:21:37,147,19920
-1,random-32-32-10.map,random-32-32-10-random-1.scen,78,12400F,CBSDepthSelectConflict,ASTAR-whoenig,1,NULL,NULL,1913,0.394383,NULL,https://github.com/ssfc/libMultiRobotPlanning-isolated,2025-09-08 21:21:37,158,21076
-1,random-32-32-10.map,random-32-32-10-random-1.scen,79,12400F,CBSDepthSelectConflict,ASTAR-whoenig,1,NULL,NULL,1929,0.396471,NULL,https://github.com/ssfc/libMultiRobotPlanning-isolated,2025-09-08 21:21:38,158,21091
-1,random-32-32-10.map,random-32-32-10-random-1.scen,80,12400F,CBSDepthSelectConflict,ASTAR-whoenig,1,NULL,NULL,1941,0.398723,NULL,https://github.com/ssfc/libMultiRobotPlanning-isolated,2025-09-08 21:21:38,157,21043
-1,random-32-32-10.map,random-32-32-10-random-1.scen,81,12400F,CBSDepthSelectConflict,ASTAR-whoenig,1,NULL,NULL,1992,0.394822,NULL,https://github.com/ssfc/libMultiRobotPlanning-isolated,2025-09-08 21:21:38,154,20494
-1,random-32-32-10.map,random-32-32-10-random-1.scen,82,12400F,CBSDepthSelectConflict,ASTAR-whoenig,1,NULL,NULL,2024,0.397921,NULL,https://github.com/ssfc/libMultiRobotPlanning-isolated,2025-09-08 21:21:39,154,20525
-1,random-32-32-10.map,random-32-32-10-random-1.scen,83,12400F,CBSDepthSelectConflict,ASTAR-whoenig,1,NULL,NULL,2076,0.416548,NULL,https://github.com/ssfc/libMultiRobotPlanning-isolated,2025-09-08 21:21:39,158,21788
-1,random-32-32-10.map,random-32-32-10-random-1.scen,84,12400F,CBSDepthSelectConflict,ASTAR-whoenig,1,NULL,NULL,2104,0.401585,NULL,https://github.com/ssfc/libMultiRobotPlanning-isolated,2025-09-08 21:21:40,151,20694
-1,random-32-32-10.map,random-32-32-10-random-1.scen,85,12400F,CBSDepthSelectConflict,ASTAR-whoenig,1,NULL,NULL,2157,0.404687,NULL,https://github.com/ssfc/libMultiRobotPlanning-isolated,2025-09-08 21:21:40,150,20708
-1,random-32-32-10.map,random-32-32-10-random-1.scen,86,12400F,CBSDepthSelectConflict,ASTAR-whoenig,1,NULL,NULL,2179,0.422753,NULL,https://github.com/ssfc/libMultiRobotPlanning-isolated,2025-09-08 21:21:40,155,20931
-1,random-32-32-10.map,random-32-32-10-random-1.scen,87,12400F,CBSDepthSelectConflict,ASTAR-whoenig,1,NULL,NULL,2203,0.439791,NULL,https://github.com/ssfc/libMultiRobotPlanning-isolated,2025-09-08 21:21:41,163,21568
-1,random-32-32-10.map,random-32-32-10-random-1.scen,88,12400F,CBSDepthSelectConflict,ASTAR-whoenig,1,NULL,NULL,2230,0.482577,NULL,https://github.com/ssfc/libMultiRobotPlanning-isolated,2025-09-08 21:21:41,180,23621
-1,random-32-32-10.map,random-32-32-10-random-1.scen,89,12400F,CBSDepthSelectConflict,ASTAR-whoenig,1,NULL,NULL,2276,0.574504,NULL,https://github.com/ssfc/libMultiRobotPlanning-isolated,2025-09-08 21:21:42,210,28611
-1,random-32-32-10.map,random-32-32-10-random-1.scen,90,12400F,CBSDepthSelectConflict,ASTAR-whoenig,1,NULL,NULL,2314,0.579869,NULL,https://github.com/ssfc/libMultiRobotPlanning-isolated,2025-09-08 21:21:42,210,28496
-1,random-32-32-10.map,random-32-32-10-random-1.scen,91,12400F,CBSDepthSelectConflict,ASTAR-whoenig,1,NULL,NULL,2336,0.59915,NULL,https://github.com/ssfc/libMultiRobotPlanning-isolated,2025-09-08 21:21:43,216,28948
-1,random-32-32-10.map,random-32-32-10-random-1.scen,92,12400F,CBSDepthSelectConflict,ASTAR-whoenig,1,NULL,NULL,2359,0.61084,NULL,https://github.com/ssfc/libMultiRobotPlanning-isolated,2025-09-08 21:21:44,220,28794
-1,random-32-32-10.map,random-32-32-10-random-1.scen,93,12400F,CBSDepthSelectConflict,ASTAR-whoenig,1,NULL,NULL,2392,0.733887,NULL,https://github.com/ssfc/libMultiRobotPlanning-isolated,2025-09-08 21:21:44,261,35595
-1,random-32-32-10.map,random-32-32-10-random-1.scen,94,12400F,CBSDepthSelectConflict,ASTAR-whoenig,1,NULL,NULL,2404,0.740213,NULL,https://github.com/ssfc/libMultiRobotPlanning-isolated,2025-09-08 21:21:45,262,35643
-1,random-32-32-10.map,random-32-32-10-random-1.scen,95,12400F,CBSDepthSelectConflict,ASTAR-whoenig,1,NULL,NULL,2439,0.754525,NULL,https://github.com/ssfc/libMultiRobotPlanning-isolated,2025-09-08 21:21:46,265,35976
-1,random-32-32-10.map,random-32-32-10-random-1.scen,96,12400F,CBSDepthSelectConflict,ASTAR-whoenig,1,NULL,NULL,2455,0.759739,NULL,https://github.com/ssfc/libMultiRobotPlanning-isolated,2025-09-08 21:21:47,265,35991
-1,random-32-32-10.map,random-32-32-10-random-1.scen,97,12400F,CBSDepthSelectConflict,ASTAR-whoenig,1,NULL,NULL,2461,0.767763,NULL,https://github.com/ssfc/libMultiRobotPlanning-isolated,2025-09-08 21:21:48,265,35996
-1,random-32-32-10.map,random-32-32-10-random-1.scen,98,12400F,CBSDepthSelectConflict,ASTAR-whoenig,1,NULL,NULL,2487,0.817715,NULL,https://github.com/ssfc/libMultiRobotPlanning-isolated,2025-09-08 21:21:48,282,37714
-1,random-32-32-10.map,random-32-32-10-random-1.scen,99,12400F,CBSDepthSelectConflict,ASTAR-whoenig,1,NULL,NULL,2526,0.829573,NULL,https://github.com/ssfc/libMultiRobotPlanning-isolated,2025-09-08 21:21:49,284,37937
-1,random-32-32-10.map,random-32-32-10-random-1.scen,100,12400F,CBSDepthSelectConflict,ASTAR-whoenig,1,NULL,NULL,2560,0.873252,NULL,https://github.com/ssfc/libMultiRobotPlanning-isolated,2025-09-08 21:21:50,295,40468
-1,random-32-32-10.map,random-32-32-10-random-1.scen,101,12400F,CBSDepthSelectConflict,ASTAR-whoenig,1,NULL,NULL,2594,0.929591,NULL,https://github.com/ssfc/libMultiRobotPlanning-isolated,2025-09-08 21:21:51,314,42397
-1,random-32-32-10.map,random-32-32-10-random-1.scen,102,12400F,CBSDepthSelectConflict,ASTAR-whoenig,1,NULL,NULL,2607,0.935541,NULL,https://github.com/ssfc/libMultiRobotPlanning-isolated,2025-09-08 21:21:52,314,42410
-1,random-32-32-10.map,random-32-32-10-random-1.scen,103,12400F,CBSDepthSelectConflict,ASTAR-whoenig,1,NULL,NULL,2633,0.932409,NULL,https://github.com/ssfc/libMultiRobotPlanning-isolated,2025-09-08 21:21:53,313,41220
-1,random-32-32-10.map,random-32-32-10-random-1.scen,104,12400F,CBSDepthSelectConflict,ASTAR-whoenig,1,NULL,NULL,2649,0.926372,NULL,https://github.com/ssfc/libMultiRobotPlanning-isolated,2025-09-08 21:21:54,307,41425
-1,random-32-32-10.map,random-32-32-10-random-1.scen,105,12400F,CBSDepthSelectConflict,ASTAR-whoenig,1,NULL,NULL,2667,0.942468,NULL,https://github.com/ssfc/libMultiRobotPlanning-isolated,2025-09-08 21:21:55,310,41679
-1,random-32-32-10.map,random-32-32-10-random-1.scen,106,12400F,CBSDepthSelectConflict,ASTAR-whoenig,1,NULL,NULL,2697,0.945283,NULL,https://github.com/ssfc/libMultiRobotPlanning-isolated,2025-09-08 21:21:56,309,41623
-1,random-32-32-10.map,random-32-32-10-random-1.scen,107,12400F,CBSDepthSelectConflict,ASTAR-whoenig,1,NULL,NULL,2733,1.01692,NULL,https://github.com/ssfc/libMultiRobotPlanning-isolated,2025-09-08 21:21:57,327,44935
-1,random-32-32-10.map,random-32-32-10-random-1.scen,108,12400F,CBSDepthSelectConflict,ASTAR-whoenig,1,NULL,NULL,2771,1.01804,NULL,https://github.com/ssfc/libMultiRobotPlanning-isolated,2025-09-08 21:21:58,321,46252
-1,random-32-32-10.map,random-32-32-10-random-1.scen,109,12400F,CBSDepthSelectConflict,ASTAR-whoenig,1,NULL,NULL,2780,1.03771,NULL,https://github.com/ssfc/libMultiRobotPlanning-isolated,2025-09-08 21:21:59,325,46839
-1,random-32-32-10.map,random-32-32-10-random-1.scen,110,12400F,CBSDepthSelectConflict,ASTAR-whoenig,1,NULL,NULL,2814,1.07696,NULL,https://github.com/ssfc/libMultiRobotPlanning-isolated,2025-09-08 21:22:00,334,48403
-1,random-32-32-10.map,random-32-32-10-random-1.scen,111,12400F,CBSDepthSelectConflict,ASTAR-whoenig,1,NULL,NULL,2828,1.09066,NULL,https://github.com/ssfc/libMultiRobotPlanning-isolated,2025-09-08 21:22:01,337,48532
-1,random-32-32-10.map,random-32-32-10-random-1.scen,112,12400F,CBSDepthSelectConflict,ASTAR-whoenig,1,NULL,NULL,2846,0.968248,NULL,https://github.com/ssfc/libMultiRobotPlanning-isolated,2025-09-08 21:22:02,300,41605
-1,random-32-32-10.map,random-32-32-10-random-1.scen,113,12400F,CBSDepthSelectConflict,ASTAR-whoenig,1,NULL,NULL,2870,0.979192,NULL,https://github.com/ssfc/libMultiRobotPlanning-isolated,2025-09-08 21:22:03,302,41779
-1,random-32-32-10.map,random-32-32-10-random-1.scen,114,12400F,CBSDepthSelectConflict,ASTAR-whoenig,1,NULL,NULL,2909,1.1082,NULL,https://github.com/ssfc/libMultiRobotPlanning-isolated,2025-09-08 21:22:04,343,46248
-1,random-32-32-10.map,random-32-32-10-random-1.scen,115,12400F,CBSDepthSelectConflict,ASTAR-whoenig,1,NULL,NULL,2934,1.20997,NULL,https://github.com/ssfc/libMultiRobotPlanning-isolated,2025-09-08 21:22:05,369,52075
-1,random-32-32-10.map,random-32-32-10-random-1.scen,116,12400F,CBSDepthSelectConflict,ASTAR-whoenig,1,NULL,NULL,2947,1.26173,NULL,https://github.com/ssfc/libMultiRobotPlanning-isolated,2025-09-08 21:22:07,373,58860
-1,random-32-32-10.map,random-32-32-10-random-1.scen,117,12400F,CBSDepthSelectConflict,ASTAR-whoenig,1,NULL,NULL,2977,1.27317,NULL,https://github.com/ssfc/libMultiRobotPlanning-isolated,2025-09-08 21:22:08,374,59035
-1,random-32-32-10.map,random-32-32-10-random-1.scen,118,12400F,CBSDepthSelectConflict,ASTAR-whoenig,1,NULL,NULL,3001,1.33458,NULL,https://github.com/ssfc/libMultiRobotPlanning-isolated,2025-09-08 21:22:09,391,61077
-1,random-32-32-10.map,random-32-32-10-random-1.scen,119,12400F,CBSDepthSelectConflict,ASTAR-whoenig,1,NULL,NULL,3024,1.36574,NULL,https://github.com/ssfc/libMultiRobotPlanning-isolated,2025-09-08 21:22:11,401,60634
-1,random-32-32-10.map,random-32-32-10-random-1.scen,120,12400F,CBSDepthSelectConflict,ASTAR-whoenig,1,NULL,NULL,3050,1.42296,NULL,https://github.com/ssfc/libMultiRobotPlanning-isolated,2025-09-08 21:22:12,415,62913
-1,random-32-32-10.map,random-32-32-10-random-1.scen,121,12400F,CBSDepthSelectConflict,ASTAR-whoenig,1,NULL,NULL,3061,1.43172,NULL,https://github.com/ssfc/libMultiRobotPlanning-isolated,2025-09-08 21:22:13,415,62927
-1,random-32-32-10.map,random-32-32-10-random-1.scen,122,12400F,CBSDepthSelectConflict,ASTAR-whoenig,1,NULL,NULL,3091,1.55388,NULL,https://github.com/ssfc/libMultiRobotPlanning-isolated,2025-09-08 21:22:15,450,67437
-1,random-32-32-10.map,random-32-32-10-random-1.scen,123,12400F,CBSDepthSelectConflict,ASTAR-whoenig,1,NULL,NULL,3118,1.54876,NULL,https://github.com/ssfc/libMultiRobotPlanning-isolated,2025-09-08 21:22:17,452,62503
-1,random-32-32-10.map,random-32-32-10-random-1.scen,124,12400F,CBSDepthSelectConflict,ASTAR-whoenig,1,NULL,NULL,3153,1.61873,NULL,https://github.com/ssfc/libMultiRobotPlanning-isolated,2025-09-08 21:22:18,465,68999
-1,random-32-32-10.map,random-32-32-10-random-1.scen,125,12400F,CBSDepthSelectConflict,ASTAR-whoenig,1,NULL,NULL,3175,1.74636,NULL,https://github.com/ssfc/libMultiRobotPlanning-isolated,2025-09-08 21:22:20,497,75021
-1,random-32-32-10.map,random-32-32-10-random-1.scen,126,12400F,CBSDepthSelectConflict,ASTAR-whoenig,1,NULL,NULL,3219,1.89165,NULL,https://github.com/ssfc/libMultiRobotPlanning-isolated,2025-09-08 21:22:22,531,79948
-1,random-32-32-10.map,random-32-32-10-random-1.scen,127,12400F,CBSDepthSelectConflict,ASTAR-whoenig,1,NULL,NULL,3254,1.97973,NULL,https://github.com/ssfc/libMultiRobotPlanning-isolated,2025-09-08 21:22:24,555,83773
-1,random-32-32-10.map,random-32-32-10-random-1.scen,128,12400F,CBSDepthSelectConflict,ASTAR-whoenig,1,NULL,NULL,3264,1.93218,NULL,https://github.com/ssfc/libMultiRobotPlanning-isolated,2025-09-08 21:22:26,540,79676
-1,random-32-32-10.map,random-32-32-10-random-1.scen,129,12400F,CBSDepthSelectConflict,ASTAR-whoenig,1,NULL,NULL,3290,1.98858,NULL,https://github.com/ssfc/libMultiRobotPlanning-isolated,2025-09-08 21:22:28,555,81119
-1,random-32-32-10.map,random-32-32-10-random-1.scen,130,12400F,CBSDepthSelectConflict,ASTAR-whoenig,1,NULL,NULL,3324,1.95089,NULL,https://github.com/ssfc/libMultiRobotPlanning-isolated,2025-09-08 21:22:30,548,74185
-1,random-32-32-10.map,random-32-32-10-random-1.scen,131,12400F,CBSDepthSelectConflict,ASTAR-whoenig,1,NULL,NULL,3356,2.04026,NULL,https://github.com/ssfc/libMultiRobotPlanning-isolated,2025-09-08 21:22:32,570,77540
-1,random-32-32-10.map,random-32-32-10-random-1.scen,132,12400F,CBSDepthSelectConflict,ASTAR-whoenig,1,NULL,NULL,3371,2.06659,NULL,https://github.com/ssfc/libMultiRobotPlanning-isolated,2025-09-08 21:22:34,576,77098
-1,random-32-32-10.map,random-32-32-10-random-1.scen,133,12400F,CBSDepthSelectConflict,ASTAR-whoenig,1,NULL,NULL,3403,1.98914,NULL,https://github.com/ssfc/libMultiRobotPlanning-isolated,2025-09-08 21:22:36,547,76136
-1,random-32-32-10.map,random-32-32-10-random-1.scen,134,12400F,CBSDepthSelectConflict,ASTAR-whoenig,1,NULL,NULL,3443,2.09876,NULL,https://github.com/ssfc/libMultiRobotPlanning-isolated,2025-09-08 21:22:38,573,79897
-1,random-32-32-10.map,random-32-32-10-random-1.scen,135,12400F,CBSDepthSelectConflict,ASTAR-whoenig,1,NULL,NULL,3451,2.12591,NULL,https://github.com/ssfc/libMultiRobotPlanning-isolated,2025-09-08 21:22:40,576,80153
-1,random-32-32-10.map,random-32-32-10-random-1.scen,136,12400F,CBSDepthSelectConflict,ASTAR-whoenig,1,NULL,NULL,3494,2.36305,NULL,https://github.com/ssfc/libMultiRobotPlanning-isolated,2025-09-08 21:22:43,632,92353
-1,random-32-32-10.map,random-32-32-10-random-1.scen,137,12400F,CBSDepthSelectConflict,ASTAR-whoenig,1,NULL,NULL,3508,2.38162,NULL,https://github.com/ssfc/libMultiRobotPlanning-isolated,2025-09-08 21:22:45,633,92390
-1,random-32-32-10.map,random-32-32-10-random-1.scen,138,12400F,CBSDepthSelectConflict,ASTAR-whoenig,1,NULL,NULL,3529,2.39215,NULL,https://github.com/ssfc/libMultiRobotPlanning-isolated,2025-09-08 21:22:47,645,86272
-1,random-32-32-10.map,random-32-32-10-random-1.scen,139,12400F,CBSDepthSelectConflict,ASTAR-whoenig,1,NULL,NULL,3542,2.42202,NULL,https://github.com/ssfc/libMultiRobotPlanning-isolated,2025-09-08 21:22:50,637,93983
-1,random-32-32-10.map,random-32-32-10-random-1.scen,140,12400F,CBSDepthSelectConflict,ASTAR-whoenig,1,NULL,NULL,3575,2.32884,NULL,https://github.com/ssfc/libMultiRobotPlanning-isolated,2025-09-08 21:22:52,617,85657
-1,random-32-32-10.map,random-32-32-10-random-1.scen,141,12400F,CBSDepthSelectConflict,ASTAR-whoenig,1,NULL,NULL,3593,2.38136,NULL,https://github.com/ssfc/libMultiRobotPlanning-isolated,2025-09-08 21:22:55,623,89000
-1,random-32-32-10.map,random-32-32-10-random-1.scen,142,12400F,CBSDepthSelectConflict,ASTAR-whoenig,1,NULL,NULL,3608,2.21477,NULL,https://github.com/ssfc/libMultiRobotPlanning-isolated,2025-09-08 21:22:57,585,79025
-1,random-32-32-10.map,random-32-32-10-random-1.scen,143,12400F,CBSDepthSelectConflict,ASTAR-whoenig,1,NULL,NULL,3622,2.23516,NULL,https://github.com/ssfc/libMultiRobotPlanning-isolated,2025-09-08 21:22:59,586,79080
-1,random-32-32-10.map,random-32-32-10-random-1.scen,144,12400F,CBSDepthSelectConflict,ASTAR-whoenig,1,NULL,NULL,3654,2.42662,NULL,https://github.com/ssfc/libMultiRobotPlanning-isolated,2025-09-08 21:23:02,625,89238
-1,random-32-32-10.map,random-32-32-10-random-1.scen,145,12400F,CBSDepthSelectConflict,ASTAR-whoenig,1,NULL,NULL,3675,2.45196,NULL,https://github.com/ssfc/libMultiRobotPlanning-isolated,2025-09-08 21:23:04,629,89618
-1,random-32-32-10.map,random-32-32-10-random-1.scen,146,12400F,CBSDepthSelectConflict,ASTAR-whoenig,1,NULL,NULL,3715,3.03315,NULL,https://github.com/ssfc/libMultiRobotPlanning-isolated,2025-09-08 21:23:07,760,116765
-1,random-32-32-10.map,random-32-32-10-random-1.scen,147,12400F,CBSDepthSelectConflict,ASTAR-whoenig,1,NULL,NULL,3733,2.64592,NULL,https://github.com/ssfc/libMultiRobotPlanning-isolated,2025-09-08 21:23:10,669,97545
-1,random-32-32-10.map,random-32-32-10-random-1.scen,148,12400F,CBSDepthSelectConflict,ASTAR-whoenig,1,NULL,NULL,3766,2.98243,NULL,https://github.com/ssfc/libMultiRobotPlanning-isolated,2025-09-08 21:23:13,741,114193
-1,random-32-32-10.map,random-32-32-10-random-1.scen,149,12400F,CBSDepthSelectConflict,ASTAR-whoenig,1,NULL,NULL,3778,3.00264,NULL,https://github.com/ssfc/libMultiRobotPlanning-isolated,2025-09-08 21:23:16,743,114159
-1,random-32-32-10.map,random-32-32-10-random-1.scen,150,12400F,CBSDepthSelectConflict,ASTAR-whoenig,1,NULL,NULL,3787,3.20253,NULL,https://github.com/ssfc/libMultiRobotPlanning-isolated,2025-09-08 21:23:19,778,128080
-1,random-32-32-10.map,random-32-32-10-random-1.scen,151,12400F,CBSDepthSelectConflict,ASTAR-whoenig,1,NULL,NULL,3820,3.33694,NULL,https://github.com/ssfc/libMultiRobotPlanning-isolated,2025-09-08 21:23:22,814,128742
-1,random-32-32-10.map,random-32-32-10-random-1.scen,152,12400F,CBSDepthSelectConflict,ASTAR-whoenig,1,NULL,NULL,3851,3.34674,NULL,https://github.com/ssfc/libMultiRobotPlanning-isolated,2025-09-08 21:23:26,804,131503
-1,random-32-32-10.map,random-32-32-10-random-1.scen,153,12400F,CBSDepthSelectConflict,ASTAR-whoenig,1,NULL,NULL,3917,4.70092,NULL,https://github.com/ssfc/libMultiRobotPlanning-isolated,2025-09-08 21:23:31,1087,199819
-1,random-32-32-10.map,random-32-32-10-random-1.scen,154,12400F,CBSDepthSelectConflict,ASTAR-whoenig,1,NULL,NULL,3940,4.7434,NULL,https://github.com/ssfc/libMultiRobotPlanning-isolated,2025-09-08 21:23:35,1094,200729
-1,random-32-32-10.map,random-32-32-10-random-1.scen,155,12400F,CBSDepthSelectConflict,ASTAR-whoenig,1,NULL,NULL,3936,3.5291,NULL,https://github.com/ssfc/libMultiRobotPlanning-isolated,2025-09-08 21:23:39,850,127476
-1,random-32-32-10.map,random-32-32-10-random-1.scen,156,12400F,CBSDepthSelectConflict,ASTAR-whoenig,1,NULL,NULL,3950,3.54982,NULL,https://github.com/ssfc/libMultiRobotPlanning-isolated,2025-09-08 21:23:43,851,127529
-1,random-32-32-10.map,random-32-32-10-random-1.scen,157,12400F,CBSDepthSelectConflict,ASTAR-whoenig,1,NULL,NULL,3972,3.92884,NULL,https://github.com/ssfc/libMultiRobotPlanning-isolated,2025-09-08 21:23:47,929,146042
-1,random-32-32-10.map,random-32-32-10-random-1.scen,158,12400F,CBSDepthSelectConflict,ASTAR-whoenig,1,NULL,NULL,4036,4.24517,NULL,https://github.com/ssfc/libMultiRobotPlanning-isolated,2025-09-08 21:23:51,983,162519
-1,random-32-32-10.map,random-32-32-10-random-1.scen,159,12400F,CBSDepthSelectConflict,ASTAR-whoenig,1,NULL,NULL,4053,3.88321,NULL,https://github.com/ssfc/libMultiRobotPlanning-isolated,2025-09-08 21:23:55,912,141379
-1,random-32-32-10.map,random-32-32-10-random-1.scen,160,12400F,CBSDepthSelectConflict,ASTAR-whoenig,1,NULL,NULL,4067,4.39484,NULL,https://github.com/ssfc/libMultiRobotPlanning-isolated,2025-09-08 21:23:59,1013,163260
-1,random-32-32-10.map,random-32-32-10-random-1.scen,161,12400F,CBSDepthSelectConflict,ASTAR-whoenig,1,NULL,NULL,4088,4.41857,NULL,https://github.com/ssfc/libMultiRobotPlanning-isolated,2025-09-08 21:24:04,1010,168283
-1,random-32-32-10.map,random-32-32-10-random-1.scen,162,12400F,CBSDepthSelectConflict,ASTAR-whoenig,1,NULL,NULL,4101,4.48776,NULL,https://github.com/ssfc/libMultiRobotPlanning-isolated,2025-09-08 21:24:08,1020,170184
-1,random-32-32-10.map,random-32-32-10-random-1.scen,163,12400F,CBSDepthSelectConflict,ASTAR-whoenig,1,NULL,NULL,4122,4.70074,NULL,https://github.com/ssfc/libMultiRobotPlanning-isolated,2025-09-08 21:24:13,1070,169436
-1,random-32-32-10.map,random-32-32-10-random-1.scen,164,12400F,CBSDepthSelectConflict,ASTAR-whoenig,1,NULL,NULL,4134,4.73941,NULL,https://github.com/ssfc/libMultiRobotPlanning-isolated,2025-09-08 21:24:18,1074,169549
-1,random-32-32-10.map,random-32-32-10-random-1.scen,165,12400F,CBSDepthSelectConflict,ASTAR-whoenig,1,NULL,NULL,4168,4.81542,NULL,https://github.com/ssfc/libMultiRobotPlanning-isolated,2025-09-08 21:24:23,1072,183770
-1,random-32-32-10.map,random-32-32-10-random-1.scen,166,12400F,CBSDepthSelectConflict,ASTAR-whoenig,1,NULL,NULL,4217,4.98045,NULL,https://github.com/ssfc/libMultiRobotPlanning-isolated,2025-09-08 21:24:28,1107,186291
-1,random-32-32-10.map,random-32-32-10-random-1.scen,167,12400F,CBSDepthSelectConflict,ASTAR-whoenig,1,NULL,NULL,4238,4.65148,NULL,https://github.com/ssfc/libMultiRobotPlanning-isolated,2025-09-08 21:24:32,1037,168321
-1,random-32-32-10.map,random-32-32-10-random-1.scen,168,12400F,CBSDepthSelectConflict,ASTAR-whoenig,1,NULL,NULL,4255,4.65055,NULL,https://github.com/ssfc/libMultiRobotPlanning-isolated,2025-09-08 21:24:37,1050,155191
-1,random-32-32-10.map,random-32-32-10-random-1.scen,169,12400F,CBSDepthSelectConflict,ASTAR-whoenig,1,NULL,NULL,4284,4.31553,NULL,https://github.com/ssfc/libMultiRobotPlanning-isolated,2025-09-08 21:24:41,964,152048
-1,random-32-32-10.map,random-32-32-10-random-1.scen,170,12400F,CBSDepthSelectConflict,ASTAR-whoenig,1,NULL,NULL,4343,4.92443,NULL,https://github.com/ssfc/libMultiRobotPlanning-isolated,2025-09-08 21:24:46,1083,179089
-1,random-32-32-10.map,random-32-32-10-random-1.scen,171,12400F,CBSDepthSelectConflict,ASTAR-whoenig,1,NULL,NULL,4360,4.93755,NULL,https://github.com/ssfc/libMultiRobotPlanning-isolated,2025-09-08 21:24:51,1082,178747
-1,random-32-32-10.map,random-32-32-10-random-1.scen,172,12400F,CBSDepthSelectConflict,ASTAR-whoenig,1,NULL,NULL,4366,5.04922,NULL,https://github.com/ssfc/libMultiRobotPlanning-isolated,2025-09-08 21:24:56,1100,181739
-1,random-32-32-10.map,random-32-32-10-random-1.scen,173,12400F,CBSDepthSelectConflict,ASTAR-whoenig,1,NULL,NULL,4381,5.26195,NULL,https://github.com/ssfc/libMultiRobotPlanning-isolated,2025-09-08 21:25:02,1152,176940
-1,random-32-32-10.map,random-32-32-10-random-1.scen,174,12400F,CBSDepthSelectConflict,ASTAR-whoenig,1,NULL,NULL,4416,5.86264,NULL,https://github.com/ssfc/libMultiRobotPlanning-isolated,2025-09-08 21:25:08,1239,226818
-1,random-32-32-10.map,random-32-32-10-random-1.scen,175,12400F,CBSDepthSelectConflict,ASTAR-whoenig,1,NULL,NULL,4444,5.32272,NULL,https://github.com/ssfc/libMultiRobotPlanning-isolated,2025-09-08 21:25:13,1148,187028
-1,random-32-32-10.map,random-32-32-10-random-1.scen,176,12400F,CBSDepthSelectConflict,ASTAR-whoenig,1,NULL,NULL,4447,4.83229,NULL,https://github.com/ssfc/libMultiRobotPlanning-isolated,2025-09-08 21:25:18,1071,148046
-1,random-32-32-10.map,random-32-32-10-random-1.scen,177,12400F,CBSDepthSelectConflict,ASTAR-whoenig,1,NULL,NULL,4503,5.81056,NULL,https://github.com/ssfc/libMultiRobotPlanning-isolated,2025-09-08 21:25:24,1247,196720
-1,random-32-32-10.map,random-32-32-10-random-1.scen,178,12400F,CBSDepthSelectConflict,ASTAR-whoenig,1,NULL,NULL,4508,5.77702,NULL,https://github.com/ssfc/libMultiRobotPlanning-isolated,2025-09-08 21:25:30,1236,192277
-1,random-32-32-10.map,random-32-32-10-random-1.scen,179,12400F,CBSDepthSelectConflict,ASTAR-whoenig,1,NULL,NULL,4536,5.82005,NULL,https://github.com/ssfc/libMultiRobotPlanning-isolated,2025-09-08 21:25:36,1239,192664
-1,random-32-32-10.map,random-32-32-10-random-1.scen,180,12400F,CBSDepthSelectConflict,ASTAR-whoenig,1,NULL,NULL,4556,5.88306,NULL,https://github.com/ssfc/libMultiRobotPlanning-isolated,2025-09-08 21:25:42,1250,193691
-1,random-32-32-10.map,random-32-32-10-random-1.scen,181,12400F,CBSDepthSelectConflict,ASTAR-whoenig,1,NULL,NULL,4571,5.92311,NULL,https://github.com/ssfc/libMultiRobotPlanning-isolated,2025-09-08 21:25:48,1254,193712
-1,random-32-32-10.map,random-32-32-10-random-1.scen,182,12400F,CBSDepthSelectConflict,ASTAR-whoenig,1,NULL,NULL,4572,5.96969,NULL,https://github.com/ssfc/libMultiRobotPlanning-isolated,2025-09-08 21:25:54,1253,194971
-1,random-32-32-10.map,random-32-32-10-random-1.scen,183,12400F,CBSDepthSelectConflict,ASTAR-whoenig,1,NULL,NULL,4602,6.78139,NULL,https://github.com/ssfc/libMultiRobotPlanning-isolated,2025-09-08 21:26:00,1396,227122
-1,random-32-32-10.map,random-32-32-10-random-1.scen,184,12400F,CBSDepthSelectConflict,ASTAR-whoenig,1,NULL,NULL,4620,7.08497,NULL,https://github.com/ssfc/libMultiRobotPlanning-isolated,2025-09-08 21:26:08,1451,236314
-1,random-32-32-10.map,random-32-32-10-random-1.scen,185,12400F,CBSDepthSelectConflict,ASTAR-whoenig,1,NULL,NULL,4656,6.3208,NULL,https://github.com/ssfc/libMultiRobotPlanning-isolated,2025-09-08 21:26:14,1324,194349
-1,random-32-32-10.map,random-32-32-10-random-1.scen,186,12400F,CBSDepthSelectConflict,ASTAR-whoenig,1,NULL,NULL,4683,6.43117,NULL,https://github.com/ssfc/libMultiRobotPlanning-isolated,2025-09-08 21:26:20,1329,205736
-1,random-32-32-10.map,random-32-32-10-random-1.scen,187,12400F,CBSDepthSelectConflict,ASTAR-whoenig,1,NULL,NULL,4717,6.13253,NULL,https://github.com/ssfc/libMultiRobotPlanning-isolated,2025-09-08 21:26:27,1258,200338
-1,random-32-32-10.map,random-32-32-10-random-1.scen,188,12400F,CBSDepthSelectConflict,ASTAR-whoenig,1,NULL,NULL,4741,6.51077,NULL,https://github.com/ssfc/libMultiRobotPlanning-isolated,2025-09-08 21:26:33,1328,213064
-1,random-32-32-10.map,random-32-32-10-random-1.scen,189,12400F,CBSDepthSelectConflict,ASTAR-whoenig,1,NULL,NULL,4760,6.65006,NULL,https://github.com/ssfc/libMultiRobotPlanning-isolated,2025-09-08 21:26:40,1364,198219
-1,random-32-32-10.map,random-32-32-10-random-1.scen,190,12400F,CBSDepthSelectConflict,ASTAR-whoenig,1,NULL,NULL,4823,7.8799,NULL,https://github.com/ssfc/libMultiRobotPlanning-isolated,2025-09-08 21:26:48,1524,257528
-1,random-32-32-10.map,random-32-32-10-random-1.scen,191,12400F,CBSDepthSelectConflict,ASTAR-whoenig,1,NULL,NULL,4833,7.56313,NULL,https://github.com/ssfc/libMultiRobotPlanning-isolated,2025-09-08 21:26:56,1507,246086
-1,random-32-32-10.map,random-32-32-10-random-1.scen,192,12400F,CBSDepthSelectConflict,ASTAR-whoenig,1,NULL,NULL,4879,8.05065,NULL,https://github.com/ssfc/libMultiRobotPlanning-isolated,2025-09-08 21:27:04,1541,266460
-1,random-32-32-10.map,random-32-32-10-random-1.scen,193,12400F,CBSDepthSelectConflict,ASTAR-whoenig,1,NULL,NULL,4886,7.6529,NULL,https://github.com/ssfc/libMultiRobotPlanning-isolated,2025-09-08 21:27:11,1475,251012
-1,random-32-32-10.map,random-32-32-10-random-1.scen,194,12400F,CBSDepthSelectConflict,ASTAR-whoenig,1,NULL,NULL,4894,7.68178,NULL,https://github.com/ssfc/libMultiRobotPlanning-isolated,2025-09-08 21:27:19,1475,250861
-1,random-32-32-10.map,random-32-32-10-random-1.scen,195,12400F,CBSDepthSelectConflict,ASTAR-whoenig,1,NULL,NULL,4876,6.41326,NULL,https://github.com/ssfc/libMultiRobotPlanning-isolated,2025-09-08 21:27:26,1293,186625
-1,random-32-32-10.map,random-32-32-10-random-1.scen,196,12400F,CBSDepthSelectConflict,ASTAR-whoenig,1,NULL,NULL,4918,7.55773,NULL,https://github.com/ssfc/libMultiRobotPlanning-isolated,2025-09-08 21:27:33,1412,300151
-1,random-32-32-10.map,random-32-32-10-random-1.scen,197,12400F,CBSDepthSelectConflict,ASTAR-whoenig,1,NULL,NULL,4974,8.54525,NULL,https://github.com/ssfc/libMultiRobotPlanning-isolated,2025-09-08 21:27:42,1628,294612
-1,random-32-32-10.map,random-32-32-10-random-1.scen,198,12400F,CBSDepthSelectConflict,ASTAR-whoenig,1,NULL,NULL,4951,7.86304,NULL,https://github.com/ssfc/libMultiRobotPlanning-isolated,2025-09-08 21:27:50,1521,247932
-1,random-32-32-10.map,random-32-32-10-random-1.scen,199,12400F,CBSDepthSelectConflict,ASTAR-whoenig,1,NULL,NULL,4976,7.47021,NULL,https://github.com/ssfc/libMultiRobotPlanning-isolated,2025-09-08 21:27:58,1438,214905
-1,random-32-32-10.map,random-32-32-10-random-1.scen,200,12400F,CBSDepthSelectConflict,ASTAR-whoenig,1,NULL,NULL,4986,7.51534,NULL,https://github.com/ssfc/libMultiRobotPlanning-isolated,2025-09-08 21:28:05,1441,215086
-1,random-32-32-10.map,random-32-32-10-random-1.scen,201,12400F,CBSDepthSelectConflict,ASTAR-whoenig,1,NULL,NULL,4998,6.99618,NULL,https://github.com/ssfc/libMultiRobotPlanning-isolated,2025-09-08 21:28:12,1357,206653
-1,random-32-32-10.map,random-32-32-10-random-1.scen,202,12400F,CBSDepthSelectConflict,ASTAR-whoenig,1,NULL,NULL,5051,9.60554,NULL,https://github.com/ssfc/libMultiRobotPlanning-isolated,2025-09-08 21:28:22,1792,318166
-1,random-32-32-10.map,random-32-32-10-random-1.scen,203,12400F,CBSDepthSelectConflict,ASTAR-whoenig,1,NULL,NULL,5101,10.9251,NULL,https://github.com/ssfc/libMultiRobotPlanning-isolated,2025-09-08 21:28:33,1940,375097
-1,random-32-32-10.map,random-32-32-10-random-1.scen,204,12400F,CBSDepthSelectConflict,ASTAR-whoenig,1,NULL,NULL,5115,9.7122,NULL,https://github.com/ssfc/libMultiRobotPlanning-isolated,2025-09-08 21:28:43,1768,308941
-1,random-32-32-10.map,random-32-32-10-random-1.scen,205,12400F,CBSDepthSelectConflict,ASTAR-whoenig,1,NULL,NULL,5135,10.4707,NULL,https://github.com/ssfc/libMultiRobotPlanning-isolated,2025-09-08 21:28:53,1859,342089
-1,random-32-32-10.map,random-32-32-10-random-1.scen,206,12400F,CBSDepthSelectConflict,ASTAR-whoenig,1,NULL,NULL,5151,10.7615,NULL,https://github.com/ssfc/libMultiRobotPlanning-isolated,2025-09-08 21:29:04,1958,353259
-1,random-32-32-10.map,random-32-32-10-random-1.scen,207,12400F,CBSDepthSelectConflict,ASTAR-whoenig,1,NULL,NULL,5174,9.73045,NULL,https://github.com/ssfc/libMultiRobotPlanning-isolated,2025-09-08 21:29:14,1797,295885
-1,random-32-32-10.map,random-32-32-10-random-1.scen,208,12400F,CBSDepthSelectConflict,ASTAR-whoenig,1,NULL,NULL,5218,10.6287,NULL,https://github.com/ssfc/libMultiRobotPlanning-isolated,2025-09-08 21:29:25,1943,327139
-1,random-32-32-10.map,random-32-32-10-random-1.scen,209,12400F,CBSDepthSelectConflict,ASTAR-whoenig,1,NULL,NULL,5250,10.9789,NULL,https://github.com/ssfc/libMultiRobotPlanning-isolated,2025-09-08 21:29:36,1973,355721
-1,random-32-32-10.map,random-32-32-10-random-1.scen,210,12400F,CBSDepthSelectConflict,ASTAR-whoenig,1,NULL,NULL,5237,10.1485,NULL,https://github.com/ssfc/libMultiRobotPlanning-isolated,2025-09-08 21:29:46,1855,303820
-1,random-32-32-10.map,random-32-32-10-random-1.scen,211,12400F,CBSDepthSelectConflict,ASTAR-whoenig,1,NULL,NULL,5281,12.255,NULL,https://github.com/ssfc/libMultiRobotPlanning-isolated,2025-09-08 21:29:59,2150,416997
-1,random-32-32-10.map,random-32-32-10-random-1.scen,212,12400F,CBSDepthSelectConflict,ASTAR-whoenig,1,NULL,NULL,5278,10.8571,NULL,https://github.com/ssfc/libMultiRobotPlanning-isolated,2025-09-08 21:30:10,1926,360388
-1,random-32-32-10.map,random-32-32-10-random-1.scen,213,12400F,CBSDepthSelectConflict,ASTAR-whoenig,1,NULL,NULL,5287,10.2331,NULL,https://github.com/ssfc/libMultiRobotPlanning-isolated,2025-09-08 21:30:20,1851,296469
-1,random-32-32-10.map,random-32-32-10-random-1.scen,214,12400F,CBSDepthSelectConflict,ASTAR-whoenig,1,NULL,NULL,5371,12.3276,NULL,https://github.com/ssfc/libMultiRobotPlanning-isolated,2025-09-08 21:30:33,2158,398052
-1,random-32-32-10.map,random-32-32-10-random-1.scen,215,12400F,CBSDepthSelectConflict,ASTAR-whoenig,1,NULL,NULL,5369,10.6677,NULL,https://github.com/ssfc/libMultiRobotPlanning-isolated,2025-09-08 21:30:43,1921,305302
-1,random-32-32-10.map,random-32-32-10-random-1.scen,216,12400F,CBSDepthSelectConflict,ASTAR-whoenig,1,NULL,NULL,5479,14.0827,NULL,https://github.com/ssfc/libMultiRobotPlanning-isolated,2025-09-08 21:30:58,2439,428491
-1,random-32-32-10.map,random-32-32-10-random-1.scen,217,12400F,CBSDepthSelectConflict,ASTAR-whoenig,1,NULL,NULL,5488,13.1776,NULL,https://github.com/ssfc/libMultiRobotPlanning-isolated,2025-09-08 21:31:11,2265,418520
-1,random-32-32-10.map,random-32-32-10-random-1.scen,218,12400F,CBSDepthSelectConflict,ASTAR-whoenig,1,NULL,NULL,5493,13.1887,NULL,https://github.com/ssfc/libMultiRobotPlanning-isolated,2025-09-08 21:31:24,2262,420010
-1,random-32-32-10.map,random-32-32-10-random-1.scen,219,12400F,CBSDepthSelectConflict,ASTAR-whoenig,1,NULL,NULL,5505,11.378,NULL,https://github.com/ssfc/libMultiRobotPlanning-isolated,2025-09-08 21:31:36,2019,316277
-1,random-32-32-10.map,random-32-32-10-random-1.scen,220,12400F,CBSDepthSelectConflict,ASTAR-whoenig,1,NULL,NULL,5537,11.8577,NULL,https://github.com/ssfc/libMultiRobotPlanning-isolated,2025-09-08 21:31:48,2060,356304
-1,random-32-32-10.map,random-32-32-10-random-1.scen,221,12400F,CBSDepthSelectConflict,ASTAR-whoenig,1,NULL,NULL,5555,11.4303,NULL,https://github.com/ssfc/libMultiRobotPlanning-isolated,2025-09-08 21:32:00,1995,329901
-1,random-32-32-10.map,random-32-32-10-random-1.scen,222,12400F,CBSDepthSelectConflict,ASTAR-whoenig,1,NULL,NULL,5646,13.8894,NULL,https://github.com/ssfc/libMultiRobotPlanning-isolated,2025-09-08 21:32:14,2319,467077
-1,random-32-32-10.map,random-32-32-10-random-1.scen,223,12400F,CBSDepthSelectConflict,ASTAR-whoenig,1,NULL,NULL,5702,15.8802,NULL,https://github.com/ssfc/libMultiRobotPlanning-isolated,2025-09-08 21:32:30,2585,531916
-1,random-32-32-10.map,random-32-32-10-random-1.scen,224,12400F,CBSDepthSelectConflict,ASTAR-whoenig,1,NULL,NULL,5725,15.5146,NULL,https://github.com/ssfc/libMultiRobotPlanning-isolated,2025-09-08 21:32:45,2570,486426
-1,random-32-32-10.map,random-32-32-10-random-1.scen,225,12400F,CBSDepthSelectConflict,ASTAR-whoenig,1,NULL,NULL,5743,14.5374,NULL,https://github.com/ssfc/libMultiRobotPlanning-isolated,2025-09-08 21:33:00,2455,418826
-1,random-32-32-10.map,random-32-32-10-random-1.scen,226,12400F,CBSDepthSelectConflict,ASTAR-whoenig,1,NULL,NULL,5757,14.8838,NULL,https://github.com/ssfc/libMultiRobotPlanning-isolated,2025-09-08 21:33:15,2470,453110
-1,random-32-32-10.map,random-32-32-10-random-1.scen,227,12400F,CBSDepthSelectConflict,ASTAR-whoenig,1,NULL,NULL,5746,13.1993,NULL,https://github.com/ssfc/libMultiRobotPlanning-isolated,2025-09-08 21:33:29,2241,365858
-1,random-32-32-10.map,random-32-32-10-random-1.scen,228,12400F,CBSDepthSelectConflict,ASTAR-whoenig,1,NULL,NULL,5760,13.3163,NULL,https://github.com/ssfc/libMultiRobotPlanning-isolated,2025-09-08 21:33:42,2250,366603
-1,random-32-32-10.map,random-32-32-10-random-1.scen,229,12400F,CBSDepthSelectConflict,ASTAR-whoenig,1,NULL,NULL,5795,16.1392,NULL,https://github.com/ssfc/libMultiRobotPlanning-isolated,2025-09-08 21:33:58,2628,472308
-1,random-32-32-10.map,random-32-32-10-random-1.scen,230,12400F,CBSDepthSelectConflict,ASTAR-whoenig,1,NULL,NULL,5820,16.6599,NULL,https://github.com/ssfc/libMultiRobotPlanning-isolated,2025-09-08 21:34:15,2686,507729
-1,random-32-32-10.map,random-32-32-10-random-1.scen,231,12400F,CBSDepthSelectConflict,ASTAR-whoenig,1,NULL,NULL,5832,13.6201,NULL,https://github.com/ssfc/libMultiRobotPlanning-isolated,2025-09-08 21:34:29,2298,353405
-1,random-32-32-10.map,random-32-32-10-random-1.scen,232,12400F,CBSDepthSelectConflict,ASTAR-whoenig,1,NULL,NULL,5884,14.7366,NULL,https://github.com/ssfc/libMultiRobotPlanning-isolated,2025-09-08 21:34:44,2446,401640
-1,random-32-32-10.map,random-32-32-10-random-1.scen,233,12400F,CBSDepthSelectConflict,ASTAR-whoenig,1,NULL,NULL,5879,14.9499,NULL,https://github.com/ssfc/libMultiRobotPlanning-isolated,2025-09-08 21:34:59,2462,407194
-1,random-32-32-10.map,random-32-32-10-random-1.scen,234,12400F,CBSDepthSelectConflict,ASTAR-whoenig,1,NULL,NULL,5911,15.7934,NULL,https://github.com/ssfc/libMultiRobotPlanning-isolated,2025-09-08 21:35:15,2551,435951
-1,random-32-32-10.map,random-32-32-10-random-1.scen,235,12400F,CBSDepthSelectConflict,ASTAR-whoenig,1,NULL,NULL,5943,15.5971,NULL,https://github.com/ssfc/libMultiRobotPlanning-isolated,2025-09-08 21:35:31,2516,452690
-1,random-32-32-10.map,random-32-32-10-random-1.scen,236,12400F,CBSDepthSelectConflict,ASTAR-whoenig,1,NULL,NULL,5953,15.267,NULL,https://github.com/ssfc/libMultiRobotPlanning-isolated,2025-09-08 21:35:47,2470,405123
-1,random-32-32-10.map,random-32-32-10-random-1.scen,237,12400F,CBSDepthSelectConflict,ASTAR-whoenig,1,NULL,NULL,6027,17.8408,NULL,https://github.com/ssfc/libMultiRobotPlanning-isolated,2025-09-08 21:36:05,2806,515794
-1,random-32-32-10.map,random-32-32-10-random-1.scen,238,12400F,CBSDepthSelectConflict,ASTAR-whoenig,1,NULL,NULL,6053,16.6835,NULL,https://github.com/ssfc/libMultiRobotPlanning-isolated,2025-09-08 21:36:22,2676,444742
-1,random-32-32-10.map,random-32-32-10-random-1.scen,239,12400F,CBSDepthSelectConflict,ASTAR-whoenig,1,NULL,NULL,6066,16.9494,NULL,https://github.com/ssfc/libMultiRobotPlanning-isolated,2025-09-08 21:36:39,2707,457460
-1,random-32-32-10.map,random-32-32-10-random-1.scen,240,12400F,CBSDepthSelectConflict,ASTAR-whoenig,1,NULL,NULL,6102,18.4463,NULL,https://github.com/ssfc/libMultiRobotPlanning-isolated,2025-09-08 21:36:57,2871,530281
-1,random-32-32-10.map,random-32-32-10-random-1.scen,241,12400F,CBSDepthSelectConflict,ASTAR-whoenig,1,NULL,NULL,6132,18.9778,NULL,https://github.com/ssfc/libMultiRobotPlanning-isolated,2025-09-08 21:37:17,2956,523103
-1,random-32-32-10.map,random-32-32-10-random-1.scen,242,12400F,CBSDepthSelectConflict,ASTAR-whoenig,1,NULL,NULL,6196,19.898,NULL,https://github.com/ssfc/libMultiRobotPlanning-isolated,2025-09-08 21:37:37,3049,535305
-1,random-32-32-10.map,random-32-32-10-random-1.scen,243,12400F,CBSDepthSelectConflict,ASTAR-whoenig,1,NULL,NULL,6205,32.0269,NULL,https://github.com/ssfc/libMultiRobotPlanning-isolated,2025-09-08 21:38:09,5101,847345
-1,random-32-32-10.map,random-32-32-10-random-1.scen,244,12400F,CBSDepthSelectConflict,ASTAR-whoenig,1,NULL,NULL,6264,21.8813,NULL,https://github.com/ssfc/libMultiRobotPlanning-isolated,2025-09-08 21:38:31,3241,688729
-1,random-32-32-10.map,random-32-32-10-random-1.scen,245,12400F,CBSDepthSelectConflict,ASTAR-whoenig,1,NULL,NULL,6239,18.5758,NULL,https://github.com/ssfc/libMultiRobotPlanning-isolated,2025-09-08 21:38:50,2835,551847
-1,random-32-32-10.map,random-32-32-10-random-1.scen,246,12400F,CBSDepthSelectConflict,ASTAR-whoenig,1,NULL,NULL,6246,18.6383,NULL,https://github.com/ssfc/libMultiRobotPlanning-isolated,2025-09-08 21:39:09,2835,551804
-1,random-32-32-10.map,random-32-32-10-random-1.scen,247,12400F,CBSDepthSelectConflict,ASTAR-whoenig,1,NULL,NULL,6338,21.4878,NULL,https://github.com/ssfc/libMultiRobotPlanning-isolated,2025-09-08 21:39:31,3224,623547
-1,random-32-32-10.map,random-32-32-10-random-1.scen,248,12400F,CBSDepthSelectConflict,ASTAR-whoenig,1,NULL,NULL,6324,20.1149,NULL,https://github.com/ssfc/libMultiRobotPlanning-isolated,2025-09-08 21:39:51,3001,605212
-1,random-32-32-10.map,random-32-32-10-random-1.scen,249,12400F,CBSDepthSelectConflict,ASTAR-whoenig,1,NULL,NULL,6340,22.6481,NULL,https://github.com/ssfc/libMultiRobotPlanning-isolated,2025-09-08 21:40:14,3255,624572
-1,random-32-32-10.map,random-32-32-10-random-1.scen,250,12400F,CBSDepthSelectConflict,ASTAR-whoenig,1,NULL,NULL,6343,20.0323,NULL,https://github.com/ssfc/libMultiRobotPlanning-isolated,2025-09-08 21:40:35,3008,552211
-1,random-32-32-10.map,random-32-32-10-random-1.scen,251,12400F,CBSDepthSelectConflict,ASTAR-whoenig,1,NULL,NULL,6403,23.8919,NULL,https://github.com/ssfc/libMultiRobotPlanning-isolated,2025-09-08 21:40:59,3506,651382
-1,random-32-32-10.map,random-32-32-10-random-1.scen,252,12400F,CBSDepthSelectConflict,ASTAR-whoenig,1,NULL,NULL,6417,24.0021,NULL,https://github.com/ssfc/libMultiRobotPlanning-isolated,2025-09-08 21:41:23,3510,651729
-1,random-32-32-10.map,random-32-32-10-random-1.scen,253,12400F,CBSDepthSelectConflict,ASTAR-whoenig,1,NULL,NULL,6404,21.5683,NULL,https://github.com/ssfc/libMultiRobotPlanning-isolated,2025-09-08 21:41:45,3140,651201
-1,random-32-32-10.map,random-32-32-10-random-1.scen,254,12400F,CBSDepthSelectConflict,ASTAR-whoenig,1,NULL,NULL,6461,23.4493,NULL,https://github.com/ssfc/libMultiRobotPlanning-isolated,2025-09-08 21:42:09,3370,698882
-1,random-32-32-10.map,random-32-32-10-random-1.scen,255,12400F,CBSDepthSelectConflict,ASTAR-whoenig,1,NULL,NULL,6391,42.6419,NULL,https://github.com/ssfc/libMultiRobotPlanning-isolated,2025-09-08 21:42:52,7128,899232
-1,random-32-32-10.map,random-32-32-10-random-1.scen,256,12400F,CBSDepthSelectConflict,ASTAR-whoenig,1,NULL,NULL,6483,46.5119,NULL,https://github.com/ssfc/libMultiRobotPlanning-isolated,2025-09-08 21:43:39,7565,1017315
-1,random-32-32-10.map,random-32-32-10-random-1.scen,257,12400F,CBSDepthSelectConflict,ASTAR-whoenig,1,NULL,NULL,6498,46.8852,NULL,https://github.com/ssfc/libMultiRobotPlanning-isolated,2025-09-08 21:44:26,7601,1018456
-1,random-32-32-10.map,random-32-32-10-random-1.scen,258,12400F,CBSDepthSelectConflict,ASTAR-whoenig,1,NULL,NULL,6501,263.181,NULL,https://github.com/ssfc/libMultiRobotPlanning-isolated,2025-09-08 21:48:50,40557,6028836
-1,random-32-32-10.map,random-32-32-10-random-1.scen,259,12400F,CBSDepthSelectConflict,ASTAR-whoenig,1,NULL,NULL,6518,21.0259,NULL,https://github.com/ssfc/libMultiRobotPlanning-isolated,2025-09-08 21:49:14,3134,506372
-1,random-32-32-10.map,random-32-32-10-random-1.scen,260,12400F,CBSDepthSelectConflict,ASTAR-whoenig,1,NULL,NULL,6526,23.4,NULL,https://github.com/ssfc/libMultiRobotPlanning-isolated,2025-09-08 21:49:38,3374,634675
-1,random-32-32-10.map,random-32-32-10-random-1.scen,261,12400F,CBSDepthSelectConflict,ASTAR-whoenig,1,NULL,NULL,6563,108.303,NULL,https://github.com/ssfc/libMultiRobotPlanning-isolated,2025-09-08 21:51:27,17998,2137486
-1,random-32-32-10.map,random-32-32-10-random-1.scen,262,12400F,CBSDepthSelectConflict,ASTAR-whoenig,1,NULL,NULL,6581,24.9186,NULL,https://github.com/ssfc/libMultiRobotPlanning-isolated,2025-09-08 21:51:53,3551,652506
-1,random-32-32-10.map,random-32-32-10-random-1.scen,263,12400F,CBSDepthSelectConflict,ASTAR-whoenig,1,NULL,NULL,6604,25.1369,NULL,https://github.com/ssfc/libMultiRobotPlanning-isolated,2025-09-08 21:52:18,3549,695368
-1,random-32-32-10.map,random-32-32-10-random-1.scen,264,12400F,CBSDepthSelectConflict,ASTAR-whoenig,1,NULL,NULL,6617,23.8524,NULL,https://github.com/ssfc/libMultiRobotPlanning-isolated,2025-09-08 21:52:42,3395,630351
-1,random-32-32-10.map,random-32-32-10-random-1.scen,265,12400F,CBSDepthSelectConflict,ASTAR-whoenig,1,NULL,NULL,6654,114.051,NULL,https://github.com/ssfc/libMultiRobotPlanning-isolated,2025-09-08 21:54:37,18766,2274987
-1,random-32-32-10.map,random-32-32-10-random-1.scen,266,12400F,CBSDepthSelectConflict,ASTAR-whoenig,1,NULL,NULL,6711,28.1136,NULL,https://github.com/ssfc/libMultiRobotPlanning-isolated,2025-09-08 21:55:06,3815,831296
-1,random-32-32-10.map,random-32-32-10-random-1.scen,267,12400F,CBSDepthSelectConflict,ASTAR-whoenig,1,NULL,NULL,6700,25.8942,NULL,https://github.com/ssfc/libMultiRobotPlanning-isolated,2025-09-08 21:55:32,3613,698972
-1,random-32-32-10.map,random-32-32-10-random-1.scen,268,12400F,CBSDepthSelectConflict,ASTAR-whoenig,1,NULL,NULL,6708,147.05,NULL,https://github.com/ssfc/libMultiRobotPlanning-isolated,2025-09-08 21:58:00,21618,3492219
-1,random-32-32-10.map,random-32-32-10-random-1.scen,269,12400F,CBSDepthSelectConflict,ASTAR-whoenig,1,NULL,NULL,6744,24.771,NULL,https://github.com/ssfc/libMultiRobotPlanning-isolated,2025-09-08 21:58:26,3463,661284
-1,random-32-32-10.map,random-32-32-10-random-1.scen,270,12400F,CBSDepthSelectConflict,ASTAR-whoenig,1,NULL,NULL,6812,29.2351,NULL,https://github.com/ssfc/libMultiRobotPlanning-isolated,2025-09-08 21:58:56,3981,784981
-1,random-32-32-10.map,random-32-32-10-random-1.scen,271,12400F,CBSDepthSelectConflict,ASTAR-whoenig,1,NULL,NULL,6839,29.7838,NULL,https://github.com/ssfc/libMultiRobotPlanning-isolated,2025-09-08 21:59:26,4063,783177
-1,random-32-32-10.map,random-32-32-10-random-1.scen,272,12400F,CBSDepthSelectConflict,ASTAR-whoenig,1,NULL,NULL,6838,29.0314,NULL,https://github.com/ssfc/libMultiRobotPlanning-isolated,2025-09-08 21:59:56,3903,801884
-1,random-32-32-10.map,random-32-32-10-random-1.scen,273,12400F,CBSDepthSelectConflict,ASTAR-whoenig,1,NULL,NULL,6884,33.3912,NULL,https://github.com/ssfc/libMultiRobotPlanning-isolated,2025-09-08 22:00:30,4415,907963
-1,random-32-32-10.map,random-32-32-10-random-1.scen,274,12400F,CBSDepthSelectConflict,ASTAR-whoenig,1,NULL,NULL,6911,29.0629,NULL,https://github.com/ssfc/libMultiRobotPlanning-isolated,2025-09-08 22:00:59,3970,696843
-1,random-32-32-10.map,random-32-32-10-random-1.scen,275,12400F,CBSDepthSelectConflict,ASTAR-whoenig,1,NULL,NULL,6901,28.2674,NULL,https://github.com/ssfc/libMultiRobotPlanning-isolated,2025-09-08 22:01:28,3875,644932
-1,random-32-32-10.map,random-32-32-10-random-1.scen,276,12400F,CBSDepthSelectConflict,ASTAR-whoenig,1,NULL,NULL,6922,29.6341,NULL,https://github.com/ssfc/libMultiRobotPlanning-isolated,2025-09-08 22:01:58,3982,749834
-1,random-32-32-10.map,random-32-32-10-random-1.scen,277,12400F,CBSDepthSelectConflict,ASTAR-whoenig,1,NULL,NULL,6998,33.4708,NULL,https://github.com/ssfc/libMultiRobotPlanning-isolated,2025-09-08 22:02:32,4363,928944
-1,random-32-32-10.map,random-32-32-10-random-1.scen,278,12400F,CBSDepthSelectConflict,ASTAR-whoenig,1,NULL,NULL,7001,32.4717,NULL,https://github.com/ssfc/libMultiRobotPlanning-isolated,2025-09-08 22:03:05,4267,841605
-1,random-32-32-10.map,random-32-32-10-random-1.scen,279,12400F,CBSDepthSelectConflict,ASTAR-whoenig,1,NULL,NULL,7034,33.7249,NULL,https://github.com/ssfc/libMultiRobotPlanning-isolated,2025-09-08 22:03:39,4387,871872
-1,random-32-32-10.map,random-32-32-10-random-1.scen,280,12400F,CBSDepthSelectConflict,ASTAR-whoenig,1,NULL,NULL,7086,36.0965,NULL,https://github.com/ssfc/libMultiRobotPlanning-isolated,2025-09-08 22:04:16,4658,915740
-1,random-32-32-10.map,random-32-32-10-random-1.scen,281,12400F,CBSDepthSelectConflict,ASTAR-whoenig,1,NULL,NULL,7110,225.841,NULL,https://github.com/ssfc/libMultiRobotPlanning-isolated,2025-09-08 22:08:02,33674,4602513
-1,random-32-32-10.map,random-32-32-10-random-1.scen,282,12400F,CBSDepthSelectConflict,ASTAR-whoenig,1,NULL,NULL,7122,121.932,NULL,https://github.com/ssfc/libMultiRobotPlanning-isolated,2025-09-08 22:10:07,18864,2353391
-1,random-32-32-10.map,random-32-32-10-random-1.scen,283,12400F,CBSDepthSelectConflict,ASTAR-whoenig,1,NULL,NULL,7098,34.3327,NULL,https://github.com/ssfc/libMultiRobotPlanning-isolated,2025-09-08 22:10:42,4456,847826
-1,random-32-32-10.map,random-32-32-10-random-1.scen,284,12400F,CBSDepthSelectConflict,ASTAR-whoenig,1,NULL,NULL,7113,34.4524,NULL,https://github.com/ssfc/libMultiRobotPlanning-isolated,2025-09-08 22:11:17,4465,848168
-1,random-32-32-10.map,random-32-32-10-random-1.scen,285,12400F,CBSDepthSelectConflict,ASTAR-whoenig,1,NULL,NULL,7136,84.5395,NULL,https://github.com/ssfc/libMultiRobotPlanning-isolated,2025-09-08 22:12:42,12627,1626544
-1,random-32-32-10.map,random-32-32-10-random-1.scen,286,12400F,CBSDepthSelectConflict,ASTAR-whoenig,1,NULL,NULL,7238,39.6692,NULL,https://github.com/ssfc/libMultiRobotPlanning-isolated,2025-09-08 22:13:23,4955,1080003
-1,random-32-32-10.map,random-32-32-10-random-1.scen,287,12400F,CBSDepthSelectConflict,ASTAR-whoenig,1,NULL,NULL,7227,37.1515,NULL,https://github.com/ssfc/libMultiRobotPlanning-isolated,2025-09-08 22:14:00,4677,937429
-1,random-32-32-10.map,random-32-32-10-random-1.scen,288,12400F,CBSDepthSelectConflict,ASTAR-whoenig,1,NULL,NULL,7234,222.486,NULL,https://github.com/ssfc/libMultiRobotPlanning-isolated,2025-09-08 22:17:44,33155,4151671
-1,random-32-32-10.map,random-32-32-10-random-1.scen,289,12400F,CBSDepthSelectConflict,ASTAR-whoenig,1,NULL,NULL,7287,40.6866,NULL,https://github.com/ssfc/libMultiRobotPlanning-isolated,2025-09-08 22:18:27,5040,1024387
-1,random-32-32-10.map,random-32-32-10-random-1.scen,290,12400F,CBSDepthSelectConflict,ASTAR-whoenig,1,NULL,NULL,7292,35.3982,NULL,https://github.com/ssfc/libMultiRobotPlanning-isolated,2025-09-08 22:19:03,4504,825599
-1,random-32-32-10.map,random-32-32-10-random-1.scen,291,12400F,CBSDepthSelectConflict,ASTAR-whoenig,1,NULL,NULL,7359,43.5056,NULL,https://github.com/ssfc/libMultiRobotPlanning-isolated,2025-09-08 22:19:47,5338,1075247
-1,random-32-32-10.map,random-32-32-10-random-1.scen,292,12400F,CBSDepthSelectConflict,ASTAR-whoenig,1,NULL,NULL,7393,111.304,NULL,https://github.com/ssfc/libMultiRobotPlanning-isolated,2025-09-08 22:21:39,16249,2183241
-1,random-32-32-10.map,random-32-32-10-random-1.scen,293,12400F,CBSDepthSelectConflict,ASTAR-whoenig,1,NULL,NULL,7408,111.81,NULL,https://github.com/ssfc/libMultiRobotPlanning-isolated,2025-09-08 22:23:32,16248,2179502
-1,random-32-32-10.map,random-32-32-10-random-1.scen,294,12400F,CBSDepthSelectConflict,ASTAR-whoenig,1,NULL,NULL,7409,306.877,NULL,https://github.com/ssfc/libMultiRobotPlanning-isolated,2025-09-08 22:28:40,46551,5462799
-1,random-32-32-10.map,random-32-32-10-random-1.scen,295,12400F,CBSDepthSelectConflict,ASTAR-whoenig,1,NULL,NULL,7377,469.263,NULL,https://github.com/ssfc/libMultiRobotPlanning-isolated,2025-09-08 22:36:32,71373,8063268
-1,random-32-32-10.map,random-32-32-10-random-1.scen,296,12400F,CBSDepthSelectConflict,ASTAR-whoenig,1,NULL,NULL,7427,363.947,NULL,https://github.com/ssfc/libMultiRobotPlanning-isolated,2025-09-08 22:42:40,55004,6359244
-1,random-32-32-10.map,random-32-32-10-random-1.scen,297,12400F,CBSDepthSelectConflict,ASTAR-whoenig,1,NULL,NULL,7482,164.503,NULL,https://github.com/ssfc/libMultiRobotPlanning-isolated,2025-09-08 22:45:28,24671,2919822
-1,random-32-32-10.map,random-32-32-10-random-1.scen,298,12400F,CBSDepthSelectConflict,ASTAR-whoenig,1,NULL,NULL,7620,310.422,NULL,https://github.com/ssfc/libMultiRobotPlanning-isolated,2025-09-08 22:50:40,46345,5473363
-1,random-32-32-10.map,random-32-32-10-random-1.scen,299,12400F,CBSDepthSelectConflict,ASTAR-whoenig,1,NULL,NULL,7588,239.331,NULL,https://github.com/ssfc/libMultiRobotPlanning-isolated,2025-09-08 22:54:42,35579,4122783
-1,random-32-32-10.map,random-32-32-10-random-1.scen,300,12400F,CBSDepthSelectConflict,ASTAR-whoenig,1,NULL,NULL,7616,1135.02,NULL,https://github.com/ssfc/libMultiRobotPlanning-isolated,2025-09-08 23:13:40,170214,18928850
-1,random-32-32-10.map,random-32-32-10-random-1.scen,301,12400F,CBSDepthSelectConflict,ASTAR-whoenig,1,NULL,NULL,7592,1608.84,NULL,https://github.com/ssfc/libMultiRobotPlanning-isolated,2025-09-08 23:40:39,243541,25868536
-1,random-32-32-10.map,random-32-32-10-random-1.scen,302,12400F,CBSDepthSelectConflict,ASTAR-whoenig,1,NULL,NULL,7669,1451.08,NULL,https://github.com/ssfc/libMultiRobotPlanning-isolated,2025-09-09 00:05:05,217525,23641469
-1,random-32-32-10.map,random-32-32-10-random-1.scen,303,12400F,CBSDepthSelectConflict,ASTAR-whoenig,1,NULL,NULL,7719,408.973,NULL,https://github.com/ssfc/libMultiRobotPlanning-isolated,2025-09-09 00:12:07,59781,7171476
-1,random-32-32-10.map,random-32-32-10-random-1.scen,304,12400F,CBSDepthSelectConflict,ASTAR-whoenig,1,NULL,NULL,7743,573.199,NULL,https://github.com/ssfc/libMultiRobotPlanning-isolated,2025-09-09 00:21:44,84528,9690855
-1,random-32-32-10.map,random-32-32-10-random-1.scen,305,12400F,CBSDepthSelectConflict,ASTAR-whoenig,1,NULL,NULL,7819,1485.32,NULL,https://github.com/ssfc/libMultiRobotPlanning-isolated,2025-09-09 00:46:35,219130,25021230
-1,random-32-32-10.map,random-32-32-10-random-1.scen,306,12400F,CBSDepthSelectConflict,ASTAR-whoenig,1,NULL,NULL,INF,1800.04,NULL,https://github.com/ssfc/libMultiRobotPlanning-isolated,2025-09-09 01:16:49,275691,26512142
-1,random-32-32-10.map,random-32-32-10-random-1.scen,307,12400F,CBSDepthSelectConflict,ASTAR-whoenig,1,NULL,NULL,INF,1800.04,NULL,https://github.com/ssfc/libMultiRobotPlanning-isolated,2025-09-09 01:47:03,274881,26428677
-1,random-32-32-10.map,random-32-32-10-random-1.scen,308,12400F,CBSDepthSelectConflict,ASTAR-whoenig,1,NULL,NULL,INF,1800.03,NULL,https://github.com/ssfc/libMultiRobotPlanning-isolated,2025-09-09 02:17:18,272711,26862118
-1,random-32-32-10.map,random-32-32-10-random-1.scen,309,12400F,CBSDepthSelectConflict,ASTAR-whoenig,1,NULL,NULL,INF,1800.02,NULL,https://github.com/ssfc/libMultiRobotPlanning-isolated,2025-09-09 02:47:33,272591,26491182
-1,random-32-32-10.map,random-32-32-10-random-1.scen,310,12400F,CBSDepthSelectConflict,ASTAR-whoenig,1,NULL,NULL,INF,1800,NULL,https://github.com/ssfc/libMultiRobotPlanning-isolated,2025-09-09 03:17:47,261841,30027995
-1,random-32-32-10.map,random-32-32-10-random-1.scen,311,12400F,CBSDepthSelectConflict,ASTAR-whoenig,1,NULL,NULL,7905,1695.54,NULL,https://github.com/ssfc/libMultiRobotPlanning-isolated,2025-09-09 03:46:20,253702,25333513
-1,random-32-32-10.map,random-32-32-10-random-1.scen,312,12400F,CBSDepthSelectConflict,ASTAR-whoenig,1,NULL,NULL,INF,1800.03,NULL,https://github.com/ssfc/libMultiRobotPlanning-isolated,2025-09-09 04:16:34,269201,26164811
-1,random-32-32-10.map,random-32-32-10-random-1.scen,313,12400F,CBSDepthSelectConflict,ASTAR-whoenig,1,NULL,NULL,8055,1247.39,NULL,https://github.com/ssfc/libMultiRobotPlanning-isolated,2025-09-09 04:37:36,183825,18778142
-1,random-32-32-10.map,random-32-32-10-random-1.scen,314,12400F,CBSDepthSelectConflict,ASTAR-whoenig,1,NULL,NULL,INF,1800.06,NULL,https://github.com/ssfc/libMultiRobotPlanning-isolated,2025-09-09 05:07:47,264221,28062301
-1,random-32-32-10.map,random-32-32-10-random-1.scen,315,12400F,CBSDepthSelectConflict,ASTAR-whoenig,1,NULL,NULL,INF,1800.06,NULL,https://github.com/ssfc/libMultiRobotPlanning-isolated,2025-09-09 05:38:02,264051,27415223
-1,random-32-32-10.map,random-32-32-10-random-1.scen,316,12400F,CBSDepthSelectConflict,ASTAR-whoenig,1,NULL,NULL,INF,1800.03,NULL,https://github.com/ssfc/libMultiRobotPlanning-isolated,2025-09-09 06:08:18,263701,27340884
-1,random-32-32-10.map,random-32-32-10-random-1.scen,317,12400F,CBSDepthSelectConflict,ASTAR-whoenig,1,NULL,NULL,INF,1800.03,NULL,https://github.com/ssfc/libMultiRobotPlanning-isolated,2025-09-09 06:38:33,262741,27347761
-1,random-32-32-10.map,random-32-32-10-random-1.scen,318,12400F,CBSDepthSelectConflict,ASTAR-whoenig,1,NULL,NULL,INF,1800.01,NULL,https://github.com/ssfc/libMultiRobotPlanning-isolated,2025-09-09 07:08:49,264021,26267129
-1,random-32-32-10.map,random-32-32-10-random-1.scen,319,12400F,CBSDepthSelectConflict,ASTAR-whoenig,1,NULL,NULL,8211,454.292,NULL,https://github.com/ssfc/libMultiRobotPlanning-isolated,2025-09-09 07:16:38,62718,7328753
-1,random-32-32-10.map,random-32-32-10-random-1.scen,320,12400F,CBSDepthSelectConflict,ASTAR-whoenig,1,NULL,NULL,INF,1800.04,NULL,https://github.com/ssfc/libMultiRobotPlanning-isolated,2025-09-09 07:46:43,249901,29004300
-1,arena.map,randGen,1,12400F,NULL,PIBT,2,1000,1,20,0,NULL,https://github.com/ssfc/pibt2,2025-09-27 23:20:30
-1,arena.map,randGen,2,12400F,NULL,PIBT,2,1000,1,40,0.002,NULL,https://github.com/ssfc/pibt2,2025-09-27 23:20:30
-1,arena.map,randGen,3,12400F,NULL,PIBT,2,1000,1,90,0.002,NULL,https://github.com/ssfc/pibt2,2025-09-27 23:20:30
-1,arena.map,randGen,4,12400F,NULL,PIBT,2,1000,1,109,0.003,NULL,https://github.com/ssfc/pibt2,2025-09-27 23:20:30
-1,arena.map,randGen,5,12400F,NULL,PIBT,2,1000,1,129,0.003,NULL,https://github.com/ssfc/pibt2,2025-09-27 23:20:30
-1,arena.map,randGen,6,12400F,NULL,PIBT,2,1000,1,171,0.003,NULL,https://github.com/ssfc/pibt2,2025-09-27 23:20:30
-1,arena.map,randGen,7,12400F,NULL,PIBT,2,1000,1,186,0.004,NULL,https://github.com/ssfc/pibt2,2025-09-27 23:20:30
-1,arena.map,randGen,8,12400F,NULL,PIBT,2,1000,1,216,0.003,NULL,https://github.com/ssfc/pibt2,2025-09-27 23:20:30
-1,arena.map,randGen,9,12400F,NULL,PIBT,2,1000,1,228,0.002,NULL,https://github.com/ssfc/pibt2,2025-09-27 23:20:30
-1,arena.map,randGen,10,12400F,NULL,PIBT,2,1000,1,274,0.002,NULL,https://github.com/ssfc/pibt2,2025-09-27 23:20:30
-1,arena.map,randGen,11,12400F,NULL,PIBT,2,1000,1,317,0.004,NULL,https://github.com/ssfc/pibt2,2025-09-27 23:20:30
-1,arena.map,randGen,12,12400F,NULL,PIBT,2,1000,1,342,0.001,NULL,https://github.com/ssfc/pibt2,2025-09-27 23:20:30
-1,arena.map,randGen,13,12400F,NULL,PIBT,2,1000,1,348,0.004,NULL,https://github.com/ssfc/pibt2,2025-09-27 23:20:30
-1,arena.map,randGen,14,12400F,NULL,PIBT,2,1000,1,361,0.004,NULL,https://github.com/ssfc/pibt2,2025-09-27 23:20:30
-1,arena.map,randGen,15,12400F,NULL,PIBT,2,1000,1,382,0.004,NULL,https://github.com/ssfc/pibt2,2025-09-27 23:20:30
-1,arena.map,randGen,16,12400F,NULL,PIBT,2,1000,1,401,0.004,NULL,https://github.com/ssfc/pibt2,2025-09-27 23:20:30
-1,arena.map,randGen,17,12400F,NULL,PIBT,2,1000,1,462,0.004,NULL,https://github.com/ssfc/pibt2,2025-09-27 23:20:30
-1,arena.map,randGen,18,12400F,NULL,PIBT,2,1000,1,468,0.001,NULL,https://github.com/ssfc/pibt2,2025-09-27 23:20:30
-1,arena.map,randGen,19,12400F,NULL,PIBT,2,1000,1,503,0.002,NULL,https://github.com/ssfc/pibt2,2025-09-27 23:20:30
-1,arena.map,randGen,20,12400F,NULL,PIBT,2,1000,1,518,0.003,NULL,https://github.com/ssfc/pibt2,2025-09-27 23:20:30
-1,arena.map,randGen,21,12400F,NULL,PIBT,2,1000,1,528,0.004,NULL,https://github.com/ssfc/pibt2,2025-09-27 23:20:30
-1,arena.map,randGen,22,12400F,NULL,PIBT,2,1000,1,584,0.005,NULL,https://github.com/ssfc/pibt2,2025-09-27 23:20:30
-1,arena.map,randGen,23,12400F,NULL,PIBT,2,1000,1,646,0.006,NULL,https://github.com/ssfc/pibt2,2025-09-27 23:20:30
-1,arena.map,randGen,24,12400F,NULL,PIBT,2,1000,1,739,0.005,NULL,https://github.com/ssfc/pibt2,2025-09-27 23:20:30
-1,arena.map,randGen,25,12400F,NULL,PIBT,2,1000,1,738,0.005,NULL,https://github.com/ssfc/pibt2,2025-09-27 23:20:30
-1,arena.map,randGen,26,12400F,NULL,PIBT,2,1000,1,766,0.001,NULL,https://github.com/ssfc/pibt2,2025-09-27 23:20:30
-1,arena.map,randGen,27,12400F,NULL,PIBT,2,1000,1,775,0.003,NULL,https://github.com/ssfc/pibt2,2025-09-27 23:20:30
-1,arena.map,randGen,28,12400F,NULL,PIBT,2,1000,1,792,0.001,NULL,https://github.com/ssfc/pibt2,2025-09-27 23:20:30
-1,arena.map,randGen,29,12400F,NULL,PIBT,2,1000,1,817,0.001,NULL,https://github.com/ssfc/pibt2,2025-09-27 23:20:30
-1,arena.map,randGen,30,12400F,NULL,PIBT,2,1000,1,832,0.003,NULL,https://github.com/ssfc/pibt2,2025-09-27 23:20:30
-1,arena.map,randGen,31,12400F,NULL,PIBT,2,1000,1,865,0.006,NULL,https://github.com/ssfc/pibt2,2025-09-27 23:20:30
-1,arena.map,randGen,32,12400F,NULL,PIBT,2,1000,1,986,0.005,NULL,https://github.com/ssfc/pibt2,2025-09-27 23:20:30
-1,arena.map,randGen,33,12400F,NULL,PIBT,2,1000,1,982,0.005,NULL,https://github.com/ssfc/pibt2,2025-09-27 23:20:30
-1,arena.map,randGen,34,12400F,NULL,PIBT,2,1000,1,991,0.007,NULL,https://github.com/ssfc/pibt2,2025-09-27 23:20:30
-1,arena.map,randGen,35,12400F,NULL,PIBT,2,1000,1,1031,0.006,NULL,https://github.com/ssfc/pibt2,2025-09-27 23:20:30
-1,arena.map,randGen,36,12400F,NULL,PIBT,2,1000,1,1062,0.007,NULL,https://github.com/ssfc/pibt2,2025-09-27 23:20:30
-1,arena.map,randGen,37,12400F,NULL,PIBT,2,1000,1,1075,0.003,NULL,https://github.com/ssfc/pibt2,2025-09-27 23:20:30
-1,arena.map,randGen,38,12400F,NULL,PIBT,2,1000,1,1104,0.002,NULL,https://github.com/ssfc/pibt2,2025-09-27 23:20:30
-1,arena.map,randGen,39,12400F,NULL,PIBT,2,1000,1,1160,0.001,NULL,https://github.com/ssfc/pibt2,2025-09-27 23:20:30
-1,arena.map,randGen,40,12400F,NULL,PIBT,2,1000,1,1193,0.001,NULL,https://github.com/ssfc/pibt2,2025-09-27 23:20:30
-1,arena.map,randGen,41,12400F,NULL,PIBT,2,1000,1,1227,0.002,NULL,https://github.com/ssfc/pibt2,2025-09-27 23:20:30
-1,arena.map,randGen,42,12400F,NULL,PIBT,2,1000,1,1248,0.004,NULL,https://github.com/ssfc/pibt2,2025-09-27 23:20:30
-1,arena.map,randGen,43,12400F,NULL,PIBT,2,1000,1,1333,0.006,NULL,https://github.com/ssfc/pibt2,2025-09-27 23:20:30
-1,arena.map,randGen,44,12400F,NULL,PIBT,2,1000,1,1322,0.006,NULL,https://github.com/ssfc/pibt2,2025-09-27 23:20:30
-1,arena.map,randGen,45,12400F,NULL,PIBT,2,1000,1,1385,0.003,NULL,https://github.com/ssfc/pibt2,2025-09-27 23:20:30
-1,arena.map,randGen,46,12400F,NULL,PIBT,2,1000,1,1398,0.005,NULL,https://github.com/ssfc/pibt2,2025-09-27 23:20:30
-1,arena.map,randGen,47,12400F,NULL,PIBT,2,1000,1,1441,0.003,NULL,https://github.com/ssfc/pibt2,2025-09-27 23:20:30
-1,arena.map,randGen,48,12400F,NULL,PIBT,2,1000,1,1569,0.003,NULL,https://github.com/ssfc/pibt2,2025-09-27 23:20:31
-1,arena.map,randGen,49,12400F,NULL,PIBT,2,1000,1,1539,0.004,NULL,https://github.com/ssfc/pibt2,2025-09-27 23:20:31
-1,arena.map,randGen,50,12400F,NULL,PIBT,2,1000,1,1618,0.004,NULL,https://github.com/ssfc/pibt2,2025-09-27 23:20:31
-1,arena.map,randGen,51,12400F,NULL,PIBT,2,1000,1,1691,0.002,NULL,https://github.com/ssfc/pibt2,2025-09-27 23:20:31
-1,arena.map,randGen,52,12400F,NULL,PIBT,2,1000,1,1680,0.003,NULL,https://github.com/ssfc/pibt2,2025-09-27 23:20:31
-1,arena.map,randGen,53,12400F,NULL,PIBT,2,1000,1,1684,0.003,NULL,https://github.com/ssfc/pibt2,2025-09-27 23:20:31
-1,arena.map,randGen,54,12400F,NULL,PIBT,2,1000,1,1739,0.007,NULL,https://github.com/ssfc/pibt2,2025-09-27 23:20:31
-1,arena.map,randGen,55,12400F,NULL,PIBT,2,1000,1,1808,0.005,NULL,https://github.com/ssfc/pibt2,2025-09-27 23:20:31
-1,arena.map,randGen,56,12400F,NULL,PIBT,2,1000,1,1837,0.008,NULL,https://github.com/ssfc/pibt2,2025-09-27 23:20:31
-1,arena.map,randGen,57,12400F,NULL,PIBT,2,1000,1,1902,0.007,NULL,https://github.com/ssfc/pibt2,2025-09-27 23:20:31
-1,arena.map,randGen,58,12400F,NULL,PIBT,2,1000,1,1961,0.008,NULL,https://github.com/ssfc/pibt2,2025-09-27 23:20:31
-1,arena.map,randGen,59,12400F,NULL,PIBT,2,1000,1,1947,0.007,NULL,https://github.com/ssfc/pibt2,2025-09-27 23:20:31
-1,arena.map,randGen,60,12400F,NULL,PIBT,2,1000,1,1999,0.005,NULL,https://github.com/ssfc/pibt2,2025-09-27 23:20:31
-1,arena.map,randGen,61,12400F,NULL,PIBT,2,1000,1,2069,0.002,NULL,https://github.com/ssfc/pibt2,2025-09-27 23:20:31
-1,arena.map,randGen,62,12400F,NULL,PIBT,2,1000,1,2068,0.002,NULL,https://github.com/ssfc/pibt2,2025-09-27 23:20:31
-1,arena.map,randGen,63,12400F,NULL,PIBT,2,1000,1,2144,0.004,NULL,https://github.com/ssfc/pibt2,2025-09-27 23:20:31
-1,arena.map,randGen,64,12400F,NULL,PIBT,2,1000,1,2245,0.003,NULL,https://github.com/ssfc/pibt2,2025-09-27 23:20:31
-1,arena.map,randGen,65,12400F,NULL,PIBT,2,1000,1,2323,0.003,NULL,https://github.com/ssfc/pibt2,2025-09-27 23:20:31
-1,arena.map,randGen,66,12400F,NULL,PIBT,2,1000,1,2372,0.004,NULL,https://github.com/ssfc/pibt2,2025-09-27 23:20:31
-1,arena.map,randGen,67,12400F,NULL,PIBT,2,1000,1,2364,0.003,NULL,https://github.com/ssfc/pibt2,2025-09-27 23:20:31
-1,arena.map,randGen,68,12400F,NULL,PIBT,2,1000,1,2430,0.009,NULL,https://github.com/ssfc/pibt2,2025-09-27 23:20:31
-1,arena.map,randGen,69,12400F,NULL,PIBT,2,1000,1,2484,0.006,NULL,https://github.com/ssfc/pibt2,2025-09-27 23:20:31
-1,arena.map,randGen,70,12400F,NULL,PIBT,2,1000,1,2505,0.007,NULL,https://github.com/ssfc/pibt2,2025-09-27 23:20:31
-1,arena.map,randGen,71,12400F,NULL,PIBT,2,1000,1,2482,0.007,NULL,https://github.com/ssfc/pibt2,2025-09-27 23:20:31
-1,arena.map,randGen,72,12400F,NULL,PIBT,2,1000,1,2607,0.009,NULL,https://github.com/ssfc/pibt2,2025-09-27 23:20:31
-1,arena.map,randGen,73,12400F,NULL,PIBT,2,1000,1,2613,0.007,NULL,https://github.com/ssfc/pibt2,2025-09-27 23:20:31
-1,arena.map,randGen,74,12400F,NULL,PIBT,2,1000,1,2659,0.008,NULL,https://github.com/ssfc/pibt2,2025-09-27 23:20:31
-1,arena.map,randGen,75,12400F,NULL,PIBT,2,1000,1,2674,0.009,NULL,https://github.com/ssfc/pibt2,2025-09-27 23:20:31
-1,arena.map,randGen,76,12400F,NULL,PIBT,2,1000,1,2644,0.003,NULL,https://github.com/ssfc/pibt2,2025-09-27 23:20:31
-1,arena.map,randGen,77,12400F,NULL,PIBT,2,1000,1,2756,0.002,NULL,https://github.com/ssfc/pibt2,2025-09-27 23:20:31
-1,arena.map,randGen,78,12400F,NULL,PIBT,2,1000,1,2760,0.003,NULL,https://github.com/ssfc/pibt2,2025-09-27 23:20:31
-1,arena.map,randGen,79,12400F,NULL,PIBT,2,1000,1,2811,0.003,NULL,https://github.com/ssfc/pibt2,2025-09-27 23:20:31
-1,arena.map,randGen,80,12400F,NULL,PIBT,2,1000,1,2837,0.003,NULL,https://github.com/ssfc/pibt2,2025-09-27 23:20:31
-1,arena.map,randGen,81,12400F,NULL,PIBT,2,1000,1,2878,0.002,NULL,https://github.com/ssfc/pibt2,2025-09-27 23:20:31
-1,arena.map,randGen,82,12400F,NULL,PIBT,2,1000,1,2907,0.002,NULL,https://github.com/ssfc/pibt2,2025-09-27 23:20:31
-1,arena.map,randGen,83,12400F,NULL,PIBT,2,1000,1,2870,0.005,NULL,https://github.com/ssfc/pibt2,2025-09-27 23:20:31
-1,arena.map,randGen,84,12400F,NULL,PIBT,2,1000,1,2958,0.006,NULL,https://github.com/ssfc/pibt2,2025-09-27 23:20:31
-1,arena.map,randGen,85,12400F,NULL,PIBT,2,1000,1,2966,0.008,NULL,https://github.com/ssfc/pibt2,2025-09-27 23:20:31
-1,arena.map,randGen,86,12400F,NULL,PIBT,2,1000,1,3085,0.003,NULL,https://github.com/ssfc/pibt2,2025-09-27 23:20:31
-1,arena.map,randGen,87,12400F,NULL,PIBT,2,1000,1,3047,0.003,NULL,https://github.com/ssfc/pibt2,2025-09-27 23:20:31
-1,arena.map,randGen,88,12400F,NULL,PIBT,2,1000,1,3091,0.003,NULL,https://github.com/ssfc/pibt2,2025-09-27 23:20:31
-1,arena.map,randGen,89,12400F,NULL,PIBT,2,1000,1,3095,0.003,NULL,https://github.com/ssfc/pibt2,2025-09-27 23:20:31
-1,arena.map,randGen,90,12400F,NULL,PIBT,2,1000,1,3151,0.003,NULL,https://github.com/ssfc/pibt2,2025-09-27 23:20:31
-1,arena.map,randGen,91,12400F,NULL,PIBT,2,1000,1,3138,0.004,NULL,https://github.com/ssfc/pibt2,2025-09-27 23:20:31
-1,arena.map,randGen,92,12400F,NULL,PIBT,2,1000,1,3162,0.004,NULL,https://github.com/ssfc/pibt2,2025-09-27 23:20:31
-1,arena.map,randGen,93,12400F,NULL,PIBT,2,1000,1,3243,0.003,NULL,https://github.com/ssfc/pibt2,2025-09-27 23:20:31
-1,arena.map,randGen,94,12400F,NULL,PIBT,2,1000,1,3288,0.003,NULL,https://github.com/ssfc/pibt2,2025-09-27 23:20:31
-1,arena.map,randGen,95,12400F,NULL,PIBT,2,1000,1,3349,0.003,NULL,https://github.com/ssfc/pibt2,2025-09-27 23:20:31
-1,arena.map,randGen,96,12400F,NULL,PIBT,2,1000,1,3368,0.003,NULL,https://github.com/ssfc/pibt2,2025-09-27 23:20:31
-1,arena.map,randGen,97,12400F,NULL,PIBT,2,1000,1,3432,0.003,NULL,https://github.com/ssfc/pibt2,2025-09-27 23:20:31
-1,arena.map,randGen,98,12400F,NULL,PIBT,2,1000,1,3441,0.007,NULL,https://github.com/ssfc/pibt2,2025-09-27 23:20:31
-1,arena.map,randGen,99,12400F,NULL,PIBT,2,1000,1,3453,0.007,NULL,https://github.com/ssfc/pibt2,2025-09-27 23:20:31
-1,arena.map,randGen,100,12400F,NULL,PIBT,2,1000,1,3534,0.004,NULL,https://github.com/ssfc/pibt2,2025-09-27 23:20:31
-1,arena.map,randGen,101,12400F,NULL,PIBT,2,1000,1,3632,0.004,NULL,https://github.com/ssfc/pibt2,2025-09-27 23:20:31
-1,arena.map,randGen,102,12400F,NULL,PIBT,2,1000,1,3596,0.003,NULL,https://github.com/ssfc/pibt2,2025-09-27 23:20:31
-1,arena.map,randGen,103,12400F,NULL,PIBT,2,1000,1,3641,0.007,NULL,https://github.com/ssfc/pibt2,2025-09-27 23:20:31
-1,arena.map,randGen,104,12400F,NULL,PIBT,2,1000,1,3676,0.007,NULL,https://github.com/ssfc/pibt2,2025-09-27 23:20:31
-1,arena.map,randGen,105,12400F,NULL,PIBT,2,1000,1,3795,0.006,NULL,https://github.com/ssfc/pibt2,2025-09-27 23:20:31
-1,arena.map,randGen,106,12400F,NULL,PIBT,2,1000,1,3778,0.003,NULL,https://github.com/ssfc/pibt2,2025-09-27 23:20:31
-1,arena.map,randGen,107,12400F,NULL,PIBT,2,1000,1,3831,0.003,NULL,https://github.com/ssfc/pibt2,2025-09-27 23:20:31
-1,arena.map,randGen,108,12400F,NULL,PIBT,2,1000,1,3801,0.003,NULL,https://github.com/ssfc/pibt2,2025-09-27 23:20:31
-1,arena.map,randGen,109,12400F,NULL,PIBT,2,1000,1,3885,0.003,NULL,https://github.com/ssfc/pibt2,2025-09-27 23:20:31
-1,arena.map,randGen,110,12400F,NULL,PIBT,2,1000,1,3859,0.003,NULL,https://github.com/ssfc/pibt2,2025-09-27 23:20:31
-1,arena.map,randGen,111,12400F,NULL,PIBT,2,1000,1,3844,0.004,NULL,https://github.com/ssfc/pibt2,2025-09-27 23:20:31
-1,arena.map,randGen,112,12400F,NULL,PIBT,2,1000,1,3840,0.003,NULL,https://github.com/ssfc/pibt2,2025-09-27 23:20:31
-1,arena.map,randGen,113,12400F,NULL,PIBT,2,1000,1,3902,0.007,NULL,https://github.com/ssfc/pibt2,2025-09-27 23:20:31
-1,arena.map,randGen,114,12400F,NULL,PIBT,2,1000,1,3961,0.004,NULL,https://github.com/ssfc/pibt2,2025-09-27 23:20:31
-1,arena.map,randGen,115,12400F,NULL,PIBT,2,1000,1,4099,0.009,NULL,https://github.com/ssfc/pibt2,2025-09-27 23:20:31
-1,arena.map,randGen,116,12400F,NULL,PIBT,2,1000,1,4160,0.006,NULL,https://github.com/ssfc/pibt2,2025-09-27 23:20:31
-1,arena.map,randGen,117,12400F,NULL,PIBT,2,1000,1,4266,0.009,NULL,https://github.com/ssfc/pibt2,2025-09-27 23:20:31
-1,arena.map,randGen,118,12400F,NULL,PIBT,2,1000,1,4211,0.003,NULL,https://github.com/ssfc/pibt2,2025-09-27 23:20:31
-1,arena.map,randGen,119,12400F,NULL,PIBT,2,1000,1,4302,0.003,NULL,https://github.com/ssfc/pibt2,2025-09-27 23:20:31
-1,arena.map,randGen,120,12400F,NULL,PIBT,2,1000,1,4326,0.01,NULL,https://github.com/ssfc/pibt2,2025-09-27 23:20:31
-1,arena.map,randGen,121,12400F,NULL,PIBT,2,1000,1,4468,0.011,NULL,https://github.com/ssfc/pibt2,2025-09-27 23:20:31
-1,arena.map,randGen,122,12400F,NULL,PIBT,2,1000,1,4338,0.007,NULL,https://github.com/ssfc/pibt2,2025-09-27 23:20:31
-1,arena.map,randGen,123,12400F,NULL,PIBT,2,1000,1,4480,0.006,NULL,https://github.com/ssfc/pibt2,2025-09-27 23:20:31
-1,arena.map,randGen,124,12400F,NULL,PIBT,2,1000,1,4455,0.005,NULL,https://github.com/ssfc/pibt2,2025-09-27 23:20:31
-1,arena.map,randGen,125,12400F,NULL,PIBT,2,1000,1,4542,0.008,NULL,https://github.com/ssfc/pibt2,2025-09-27 23:20:31
-1,arena.map,randGen,126,12400F,NULL,PIBT,2,1000,1,4532,0.003,NULL,https://github.com/ssfc/pibt2,2025-09-27 23:20:31
-1,arena.map,randGen,127,12400F,NULL,PIBT,2,1000,1,4676,0.003,NULL,https://github.com/ssfc/pibt2,2025-09-27 23:20:31
-1,arena.map,randGen,128,12400F,NULL,PIBT,2,1000,1,4595,0.008,NULL,https://github.com/ssfc/pibt2,2025-09-27 23:20:31
-1,arena.map,randGen,129,12400F,NULL,PIBT,2,1000,1,4720,0.006,NULL,https://github.com/ssfc/pibt2,2025-09-27 23:20:31
-1,arena.map,randGen,130,12400F,NULL,PIBT,2,1000,1,4713,0.005,NULL,https://github.com/ssfc/pibt2,2025-09-27 23:20:31
-1,arena.map,randGen,131,12400F,NULL,PIBT,2,1000,1,4899,0.004,NULL,https://github.com/ssfc/pibt2,2025-09-27 23:20:32
-1,arena.map,randGen,132,12400F,NULL,PIBT,2,1000,1,4823,0.005,NULL,https://github.com/ssfc/pibt2,2025-09-27 23:20:32
-1,arena.map,randGen,133,12400F,NULL,PIBT,2,1000,1,4962,0.005,NULL,https://github.com/ssfc/pibt2,2025-09-27 23:20:32
-1,arena.map,randGen,134,12400F,NULL,PIBT,2,1000,1,4806,0.004,NULL,https://github.com/ssfc/pibt2,2025-09-27 23:20:32
-1,arena.map,randGen,135,12400F,NULL,PIBT,2,1000,1,5114,0.004,NULL,https://github.com/ssfc/pibt2,2025-09-27 23:20:32
-1,arena.map,randGen,136,12400F,NULL,PIBT,2,1000,1,5012,0.006,NULL,https://github.com/ssfc/pibt2,2025-09-27 23:20:32
-1,arena.map,randGen,137,12400F,NULL,PIBT,2,1000,1,5053,0.005,NULL,https://github.com/ssfc/pibt2,2025-09-27 23:20:32
-1,arena.map,randGen,138,12400F,NULL,PIBT,2,1000,1,5098,0.008,NULL,https://github.com/ssfc/pibt2,2025-09-27 23:20:32
-1,arena.map,randGen,139,12400F,NULL,PIBT,2,1000,1,5173,0.006,NULL,https://github.com/ssfc/pibt2,2025-09-27 23:20:32
-1,arena.map,randGen,140,12400F,NULL,PIBT,2,1000,1,5205,0.005,NULL,https://github.com/ssfc/pibt2,2025-09-27 23:20:32
-1,arena.map,randGen,141,12400F,NULL,PIBT,2,1000,1,5140,0.004,NULL,https://github.com/ssfc/pibt2,2025-09-27 23:20:32
-1,arena.map,randGen,142,12400F,NULL,PIBT,2,1000,1,5294,0.004,NULL,https://github.com/ssfc/pibt2,2025-09-27 23:20:32
-1,arena.map,randGen,143,12400F,NULL,PIBT,2,1000,1,5274,0.004,NULL,https://github.com/ssfc/pibt2,2025-09-27 23:20:32
-1,arena.map,randGen,144,12400F,NULL,PIBT,2,1000,1,5413,0.005,NULL,https://github.com/ssfc/pibt2,2025-09-27 23:20:32
-1,arena.map,randGen,145,12400F,NULL,PIBT,2,1000,1,5315,0.009,NULL,https://github.com/ssfc/pibt2,2025-09-27 23:20:32
-1,arena.map,randGen,146,12400F,NULL,PIBT,2,1000,1,5459,0.007,NULL,https://github.com/ssfc/pibt2,2025-09-27 23:20:32
-1,arena.map,randGen,147,12400F,NULL,PIBT,2,1000,1,5454,0.005,NULL,https://github.com/ssfc/pibt2,2025-09-27 23:20:32
-1,arena.map,randGen,148,12400F,NULL,PIBT,2,1000,1,5561,0.006,NULL,https://github.com/ssfc/pibt2,2025-09-27 23:20:32
-1,arena.map,randGen,149,12400F,NULL,PIBT,2,1000,1,5520,0.005,NULL,https://github.com/ssfc/pibt2,2025-09-27 23:20:32
-1,arena.map,randGen,150,12400F,NULL,PIBT,2,1000,1,5625,0.006,NULL,https://github.com/ssfc/pibt2,2025-09-27 23:20:32
-1,arena.map,randGen,151,12400F,NULL,PIBT,2,1000,1,5649,0.005,NULL,https://github.com/ssfc/pibt2,2025-09-27 23:20:32
-1,arena.map,randGen,152,12400F,NULL,PIBT,2,1000,1,5610,0.005,NULL,https://github.com/ssfc/pibt2,2025-09-27 23:20:32
-1,arena.map,randGen,153,12400F,NULL,PIBT,2,1000,1,5694,0.004,NULL,https://github.com/ssfc/pibt2,2025-09-27 23:20:32
-1,arena.map,randGen,154,12400F,NULL,PIBT,2,1000,1,5701,0.005,NULL,https://github.com/ssfc/pibt2,2025-09-27 23:20:32
-1,arena.map,randGen,155,12400F,NULL,PIBT,2,1000,1,5803,0.004,NULL,https://github.com/ssfc/pibt2,2025-09-27 23:20:32
-1,arena.map,randGen,156,12400F,NULL,PIBT,2,1000,1,5615,0.004,NULL,https://github.com/ssfc/pibt2,2025-09-27 23:20:32
-1,arena.map,randGen,157,12400F,NULL,PIBT,2,1000,1,5727,0.004,NULL,https://github.com/ssfc/pibt2,2025-09-27 23:20:32
-1,arena.map,randGen,158,12400F,NULL,PIBT,2,1000,1,5884,0.004,NULL,https://github.com/ssfc/pibt2,2025-09-27 23:20:32
-1,arena.map,randGen,159,12400F,NULL,PIBT,2,1000,1,5964,0.006,NULL,https://github.com/ssfc/pibt2,2025-09-27 23:20:32
-1,arena.map,randGen,160,12400F,NULL,PIBT,2,1000,1,6055,0.005,NULL,https://github.com/ssfc/pibt2,2025-09-27 23:20:32
-1,arena.map,randGen,161,12400F,NULL,PIBT,2,1000,1,6049,0.004,NULL,https://github.com/ssfc/pibt2,2025-09-27 23:20:32
-1,arena.map,randGen,162,12400F,NULL,PIBT,2,1000,1,5897,0.004,NULL,https://github.com/ssfc/pibt2,2025-09-27 23:20:32
-1,arena.map,randGen,163,12400F,NULL,PIBT,2,1000,1,6002,0.005,NULL,https://github.com/ssfc/pibt2,2025-09-27 23:20:32
-1,arena.map,randGen,164,12400F,NULL,PIBT,2,1000,1,6013,0.004,NULL,https://github.com/ssfc/pibt2,2025-09-27 23:20:32
-1,arena.map,randGen,165,12400F,NULL,PIBT,2,1000,1,6020,0.005,NULL,https://github.com/ssfc/pibt2,2025-09-27 23:20:32
-1,arena.map,randGen,166,12400F,NULL,PIBT,2,1000,1,6146,0.005,NULL,https://github.com/ssfc/pibt2,2025-09-27 23:20:32
-1,arena.map,randGen,167,12400F,NULL,PIBT,2,1000,1,6288,0.004,NULL,https://github.com/ssfc/pibt2,2025-09-27 23:20:32
-1,arena.map,randGen,168,12400F,NULL,PIBT,2,1000,1,6311,0.004,NULL,https://github.com/ssfc/pibt2,2025-09-27 23:20:32
-1,arena.map,randGen,169,12400F,NULL,PIBT,2,1000,1,6326,0.005,NULL,https://github.com/ssfc/pibt2,2025-09-27 23:20:32
-1,arena.map,randGen,170,12400F,NULL,PIBT,2,1000,1,6360,0.008,NULL,https://github.com/ssfc/pibt2,2025-09-27 23:20:32
-1,arena.map,randGen,171,12400F,NULL,PIBT,2,1000,1,6466,0.005,NULL,https://github.com/ssfc/pibt2,2025-09-27 23:20:32
-1,arena.map,randGen,172,12400F,NULL,PIBT,2,1000,1,6456,0.005,NULL,https://github.com/ssfc/pibt2,2025-09-27 23:20:32
-1,arena.map,randGen,173,12400F,NULL,PIBT,2,1000,1,6648,0.005,NULL,https://github.com/ssfc/pibt2,2025-09-27 23:20:32
-1,arena.map,randGen,174,12400F,NULL,PIBT,2,1000,1,6603,0.005,NULL,https://github.com/ssfc/pibt2,2025-09-27 23:20:32
-1,arena.map,randGen,175,12400F,NULL,PIBT,2,1000,1,6685,0.005,NULL,https://github.com/ssfc/pibt2,2025-09-27 23:20:32
-1,arena.map,randGen,176,12400F,NULL,PIBT,2,1000,1,6796,0.005,NULL,https://github.com/ssfc/pibt2,2025-09-27 23:20:32
-1,arena.map,randGen,177,12400F,NULL,PIBT,2,1000,1,6675,0.005,NULL,https://github.com/ssfc/pibt2,2025-09-27 23:20:32
-1,arena.map,randGen,178,12400F,NULL,PIBT,2,1000,1,6933,0.005,NULL,https://github.com/ssfc/pibt2,2025-09-27 23:20:32
-1,arena.map,randGen,179,12400F,NULL,PIBT,2,1000,1,6732,0.006,NULL,https://github.com/ssfc/pibt2,2025-09-27 23:20:32
-1,arena.map,randGen,180,12400F,NULL,PIBT,2,1000,1,6980,0.005,NULL,https://github.com/ssfc/pibt2,2025-09-27 23:20:32
-1,arena.map,randGen,181,12400F,NULL,PIBT,2,1000,1,7077,0.005,NULL,https://github.com/ssfc/pibt2,2025-09-27 23:20:32
-1,arena.map,randGen,182,12400F,NULL,PIBT,2,1000,1,6932,0.005,NULL,https://github.com/ssfc/pibt2,2025-09-27 23:20:32
-1,arena.map,randGen,183,12400F,NULL,PIBT,2,1000,1,7044,0.005,NULL,https://github.com/ssfc/pibt2,2025-09-27 23:20:32
-1,arena.map,randGen,184,12400F,NULL,PIBT,2,1000,1,7088,0.005,NULL,https://github.com/ssfc/pibt2,2025-09-27 23:20:32
-1,arena.map,randGen,185,12400F,NULL,PIBT,2,1000,1,7163,0.005,NULL,https://github.com/ssfc/pibt2,2025-09-27 23:20:32
-1,arena.map,randGen,186,12400F,NULL,PIBT,2,1000,1,7134,0.005,NULL,https://github.com/ssfc/pibt2,2025-09-27 23:20:32
-1,arena.map,randGen,187,12400F,NULL,PIBT,2,1000,1,7349,0.007,NULL,https://github.com/ssfc/pibt2,2025-09-27 23:20:32
-1,arena.map,randGen,188,12400F,NULL,PIBT,2,1000,1,7187,0.006,NULL,https://github.com/ssfc/pibt2,2025-09-27 23:20:32
-1,arena.map,randGen,189,12400F,NULL,PIBT,2,1000,1,7294,0.005,NULL,https://github.com/ssfc/pibt2,2025-09-27 23:20:32
-1,arena.map,randGen,190,12400F,NULL,PIBT,2,1000,1,7344,0.005,NULL,https://github.com/ssfc/pibt2,2025-09-27 23:20:32
-1,arena.map,randGen,191,12400F,NULL,PIBT,2,1000,1,7271,0.005,NULL,https://github.com/ssfc/pibt2,2025-09-27 23:20:32
-1,arena.map,randGen,192,12400F,NULL,PIBT,2,1000,1,7291,0.005,NULL,https://github.com/ssfc/pibt2,2025-09-27 23:20:32
-1,arena.map,randGen,193,12400F,NULL,PIBT,2,1000,1,7444,0.005,NULL,https://github.com/ssfc/pibt2,2025-09-27 23:20:32
-1,arena.map,randGen,194,12400F,NULL,PIBT,2,1000,1,7522,0.006,NULL,https://github.com/ssfc/pibt2,2025-09-27 23:20:32
-1,arena.map,randGen,195,12400F,NULL,PIBT,2,1000,1,7555,0.007,NULL,https://github.com/ssfc/pibt2,2025-09-27 23:20:32
-1,arena.map,randGen,196,12400F,NULL,PIBT,2,1000,1,7646,0.007,NULL,https://github.com/ssfc/pibt2,2025-09-27 23:20:32
-1,arena.map,randGen,197,12400F,NULL,PIBT,2,1000,1,7733,0.008,NULL,https://github.com/ssfc/pibt2,2025-09-27 23:20:32
-1,arena.map,randGen,198,12400F,NULL,PIBT,2,1000,1,7895,0.005,NULL,https://github.com/ssfc/pibt2,2025-09-27 23:20:32
-1,arena.map,randGen,199,12400F,NULL,PIBT,2,1000,1,7967,0.006,NULL,https://github.com/ssfc/pibt2,2025-09-27 23:20:32
-1,arena.map,randGen,200,12400F,NULL,PIBT,2,1000,1,7922,0.009,NULL,https://github.com/ssfc/pibt2,2025-09-27 23:20:32
-1,arena.map,randGen,201,12400F,NULL,PIBT,2,1000,1,7819,0.006,NULL,https://github.com/ssfc/pibt2,2025-09-27 23:20:32
-1,arena.map,randGen,202,12400F,NULL,PIBT,2,1000,1,7922,0.007,NULL,https://github.com/ssfc/pibt2,2025-09-27 23:20:32
-1,arena.map,randGen,203,12400F,NULL,PIBT,2,1000,1,8153,0.006,NULL,https://github.com/ssfc/pibt2,2025-09-27 23:20:32
-1,arena.map,randGen,204,12400F,NULL,PIBT,2,1000,1,8161,0.007,NULL,https://github.com/ssfc/pibt2,2025-09-27 23:20:32
-1,arena.map,randGen,205,12400F,NULL,PIBT,2,1000,1,8259,0.006,NULL,https://github.com/ssfc/pibt2,2025-09-27 23:20:32
-1,arena.map,randGen,206,12400F,NULL,PIBT,2,1000,1,8015,0.006,NULL,https://github.com/ssfc/pibt2,2025-09-27 23:20:32
-1,arena.map,randGen,207,12400F,NULL,PIBT,2,1000,1,8193,0.008,NULL,https://github.com/ssfc/pibt2,2025-09-27 23:20:32
-1,arena.map,randGen,208,12400F,NULL,PIBT,2,1000,1,8191,0.006,NULL,https://github.com/ssfc/pibt2,2025-09-27 23:20:32
-1,arena.map,randGen,209,12400F,NULL,PIBT,2,1000,1,8417,0.006,NULL,https://github.com/ssfc/pibt2,2025-09-27 23:20:32
-1,arena.map,randGen,210,12400F,NULL,PIBT,2,1000,1,8360,0.006,NULL,https://github.com/ssfc/pibt2,2025-09-27 23:20:33
-1,arena.map,randGen,211,12400F,NULL,PIBT,2,1000,1,8474,0.006,NULL,https://github.com/ssfc/pibt2,2025-09-27 23:20:33
-1,arena.map,randGen,212,12400F,NULL,PIBT,2,1000,1,8377,0.007,NULL,https://github.com/ssfc/pibt2,2025-09-27 23:20:33
-1,arena.map,randGen,213,12400F,NULL,PIBT,2,1000,1,8472,0.008,NULL,https://github.com/ssfc/pibt2,2025-09-27 23:20:33
-1,arena.map,randGen,214,12400F,NULL,PIBT,2,1000,1,8465,0.006,NULL,https://github.com/ssfc/pibt2,2025-09-27 23:20:33
-1,arena.map,randGen,215,12400F,NULL,PIBT,2,1000,1,8514,0.006,NULL,https://github.com/ssfc/pibt2,2025-09-27 23:20:33
-1,arena.map,randGen,216,12400F,NULL,PIBT,2,1000,1,8572,0.006,NULL,https://github.com/ssfc/pibt2,2025-09-27 23:20:33
-1,arena.map,randGen,217,12400F,NULL,PIBT,2,1000,1,8601,0.006,NULL,https://github.com/ssfc/pibt2,2025-09-27 23:20:33
-1,arena.map,randGen,218,12400F,NULL,PIBT,2,1000,1,8690,0.006,NULL,https://github.com/ssfc/pibt2,2025-09-27 23:20:33
-1,arena.map,randGen,219,12400F,NULL,PIBT,2,1000,1,8725,0.006,NULL,https://github.com/ssfc/pibt2,2025-09-27 23:20:33
-1,arena.map,randGen,220,12400F,NULL,PIBT,2,1000,1,8832,0.006,NULL,https://github.com/ssfc/pibt2,2025-09-27 23:20:33
-1,arena.map,randGen,221,12400F,NULL,PIBT,2,1000,1,8841,0.009,NULL,https://github.com/ssfc/pibt2,2025-09-27 23:20:33
-1,arena.map,randGen,222,12400F,NULL,PIBT,2,1000,1,8891,0.006,NULL,https://github.com/ssfc/pibt2,2025-09-27 23:20:33
-1,arena.map,randGen,223,12400F,NULL,PIBT,2,1000,1,9080,0.006,NULL,https://github.com/ssfc/pibt2,2025-09-27 23:20:33
-1,arena.map,randGen,224,12400F,NULL,PIBT,2,1000,1,8977,0.006,NULL,https://github.com/ssfc/pibt2,2025-09-27 23:20:33
-1,arena.map,randGen,225,12400F,NULL,PIBT,2,1000,1,8822,0.006,NULL,https://github.com/ssfc/pibt2,2025-09-27 23:20:33
-1,arena.map,randGen,226,12400F,NULL,PIBT,2,1000,1,9117,0.006,NULL,https://github.com/ssfc/pibt2,2025-09-27 23:20:33
-1,arena.map,randGen,227,12400F,NULL,PIBT,2,1000,1,9047,0.006,NULL,https://github.com/ssfc/pibt2,2025-09-27 23:20:33
-1,arena.map,randGen,228,12400F,NULL,PIBT,2,1000,1,9425,0.008,NULL,https://github.com/ssfc/pibt2,2025-09-27 23:20:33
-1,arena.map,randGen,229,12400F,NULL,PIBT,2,1000,1,9532,0.006,NULL,https://github.com/ssfc/pibt2,2025-09-27 23:20:33
-1,arena.map,randGen,230,12400F,NULL,PIBT,2,1000,1,9392,0.01,NULL,https://github.com/ssfc/pibt2,2025-09-27 23:20:33
-1,arena.map,randGen,231,12400F,NULL,PIBT,2,1000,1,9435,0.007,NULL,https://github.com/ssfc/pibt2,2025-09-27 23:20:33
-1,arena.map,randGen,232,12400F,NULL,PIBT,2,1000,1,9409,0.01,NULL,https://github.com/ssfc/pibt2,2025-09-27 23:20:33
-1,arena.map,randGen,233,12400F,NULL,PIBT,2,1000,1,9489,0.007,NULL,https://github.com/ssfc/pibt2,2025-09-27 23:20:33
-1,arena.map,randGen,234,12400F,NULL,PIBT,2,1000,1,9616,0.01,NULL,https://github.com/ssfc/pibt2,2025-09-27 23:20:33
-1,arena.map,randGen,235,12400F,NULL,PIBT,2,1000,1,9493,0.008,NULL,https://github.com/ssfc/pibt2,2025-09-27 23:20:33
-1,arena.map,randGen,236,12400F,NULL,PIBT,2,1000,1,9602,0.008,NULL,https://github.com/ssfc/pibt2,2025-09-27 23:20:33
-1,arena.map,randGen,237,12400F,NULL,PIBT,2,1000,1,9731,0.01,NULL,https://github.com/ssfc/pibt2,2025-09-27 23:20:33
-1,arena.map,randGen,238,12400F,NULL,PIBT,2,1000,1,9768,0.009,NULL,https://github.com/ssfc/pibt2,2025-09-27 23:20:33
-1,arena.map,randGen,239,12400F,NULL,PIBT,2,1000,1,9943,0.007,NULL,https://github.com/ssfc/pibt2,2025-09-27 23:20:33
-1,arena.map,randGen,240,12400F,NULL,PIBT,2,1000,1,9912,0.008,NULL,https://github.com/ssfc/pibt2,2025-09-27 23:20:33
-1,arena.map,randGen,241,12400F,NULL,PIBT,2,1000,1,10077,0.007,NULL,https://github.com/ssfc/pibt2,2025-09-27 23:20:33
-1,arena.map,randGen,242,12400F,NULL,PIBT,2,1000,1,10064,0.007,NULL,https://github.com/ssfc/pibt2,2025-09-27 23:20:33
-1,arena.map,randGen,243,12400F,NULL,PIBT,2,1000,1,9917,0.007,NULL,https://github.com/ssfc/pibt2,2025-09-27 23:20:33
-1,arena.map,randGen,244,12400F,NULL,PIBT,2,1000,1,9983,0.007,NULL,https://github.com/ssfc/pibt2,2025-09-27 23:20:33
-1,arena.map,randGen,245,12400F,NULL,PIBT,2,1000,1,10154,0.007,NULL,https://github.com/ssfc/pibt2,2025-09-27 23:20:33
-1,arena.map,randGen,246,12400F,NULL,PIBT,2,1000,1,10165,0.007,NULL,https://github.com/ssfc/pibt2,2025-09-27 23:20:33
-1,arena.map,randGen,247,12400F,NULL,PIBT,2,1000,1,10368,0.007,NULL,https://github.com/ssfc/pibt2,2025-09-27 23:20:33
-1,arena.map,randGen,248,12400F,NULL,PIBT,2,1000,1,10475,0.007,NULL,https://github.com/ssfc/pibt2,2025-09-27 23:20:33
-1,arena.map,randGen,249,12400F,NULL,PIBT,2,1000,1,10423,0.007,NULL,https://github.com/ssfc/pibt2,2025-09-27 23:20:33
-1,arena.map,randGen,250,12400F,NULL,PIBT,2,1000,1,10357,0.008,NULL,https://github.com/ssfc/pibt2,2025-09-27 23:20:33
-1,arena.map,randGen,251,12400F,NULL,PIBT,2,1000,1,10377,0.007,NULL,https://github.com/ssfc/pibt2,2025-09-27 23:20:33
-1,arena.map,randGen,252,12400F,NULL,PIBT,2,1000,1,10611,0.007,NULL,https://github.com/ssfc/pibt2,2025-09-27 23:20:33
-1,arena.map,randGen,253,12400F,NULL,PIBT,2,1000,1,10532,0.011,NULL,https://github.com/ssfc/pibt2,2025-09-27 23:20:33
-1,arena.map,randGen,254,12400F,NULL,PIBT,2,1000,1,10686,0.009,NULL,https://github.com/ssfc/pibt2,2025-09-27 23:20:33
-1,arena.map,randGen,255,12400F,NULL,PIBT,2,1000,1,10833,0.008,NULL,https://github.com/ssfc/pibt2,2025-09-27 23:20:33
-1,arena.map,randGen,256,12400F,NULL,PIBT,2,1000,1,10870,0.007,NULL,https://github.com/ssfc/pibt2,2025-09-27 23:20:33
-1,arena.map,randGen,257,12400F,NULL,PIBT,2,1000,1,10883,0.01,NULL,https://github.com/ssfc/pibt2,2025-09-27 23:20:33
-1,arena.map,randGen,258,12400F,NULL,PIBT,2,1000,1,10863,0.007,NULL,https://github.com/ssfc/pibt2,2025-09-27 23:20:33
-1,arena.map,randGen,259,12400F,NULL,PIBT,2,1000,1,11122,0.007,NULL,https://github.com/ssfc/pibt2,2025-09-27 23:20:33
-1,arena.map,randGen,260,12400F,NULL,PIBT,2,1000,1,11038,0.007,NULL,https://github.com/ssfc/pibt2,2025-09-27 23:20:33
-1,arena.map,randGen,261,12400F,NULL,PIBT,2,1000,1,10923,0.007,NULL,https://github.com/ssfc/pibt2,2025-09-27 23:20:33
-1,arena.map,randGen,262,12400F,NULL,PIBT,2,1000,1,10956,0.008,NULL,https://github.com/ssfc/pibt2,2025-09-27 23:20:33
-1,arena.map,randGen,263,12400F,NULL,PIBT,2,1000,1,10901,0.008,NULL,https://github.com/ssfc/pibt2,2025-09-27 23:20:33
-1,arena.map,randGen,264,12400F,NULL,PIBT,2,1000,1,10728,0.007,NULL,https://github.com/ssfc/pibt2,2025-09-27 23:20:33
-1,arena.map,randGen,265,12400F,NULL,PIBT,2,1000,1,11232,0.007,NULL,https://github.com/ssfc/pibt2,2025-09-27 23:20:33
-1,arena.map,randGen,266,12400F,NULL,PIBT,2,1000,1,11030,0.007,NULL,https://github.com/ssfc/pibt2,2025-09-27 23:20:33
-1,arena.map,randGen,267,12400F,NULL,PIBT,2,1000,1,10943,0.008,NULL,https://github.com/ssfc/pibt2,2025-09-27 23:20:33
-1,arena.map,randGen,268,12400F,NULL,PIBT,2,1000,1,11182,0.009,NULL,https://github.com/ssfc/pibt2,2025-09-27 23:20:33
-1,arena.map,randGen,269,12400F,NULL,PIBT,2,1000,1,11367,0.007,NULL,https://github.com/ssfc/pibt2,2025-09-27 23:20:33
-1,arena.map,randGen,270,12400F,NULL,PIBT,2,1000,1,11363,0.007,NULL,https://github.com/ssfc/pibt2,2025-09-27 23:20:33
-1,arena.map,randGen,271,12400F,NULL,PIBT,2,1000,1,11843,0.008,NULL,https://github.com/ssfc/pibt2,2025-09-27 23:20:33
-1,arena.map,randGen,272,12400F,NULL,PIBT,2,1000,1,11468,0.009,NULL,https://github.com/ssfc/pibt2,2025-09-27 23:20:33
-1,arena.map,randGen,273,12400F,NULL,PIBT,2,1000,1,11481,0.009,NULL,https://github.com/ssfc/pibt2,2025-09-27 23:20:33
-1,arena.map,randGen,274,12400F,NULL,PIBT,2,1000,1,11610,0.009,NULL,https://github.com/ssfc/pibt2,2025-09-27 23:20:34
-1,arena.map,randGen,275,12400F,NULL,PIBT,2,1000,1,11465,0.008,NULL,https://github.com/ssfc/pibt2,2025-09-27 23:20:34
-1,arena.map,randGen,276,12400F,NULL,PIBT,2,1000,1,11965,0.011,NULL,https://github.com/ssfc/pibt2,2025-09-27 23:20:34
-1,arena.map,randGen,277,12400F,NULL,PIBT,2,1000,1,11865,0.009,NULL,https://github.com/ssfc/pibt2,2025-09-27 23:20:34
-1,arena.map,randGen,278,12400F,NULL,PIBT,2,1000,1,11755,0.009,NULL,https://github.com/ssfc/pibt2,2025-09-27 23:20:34
-1,arena.map,randGen,279,12400F,NULL,PIBT,2,1000,1,11812,0.01,NULL,https://github.com/ssfc/pibt2,2025-09-27 23:20:34
-1,arena.map,randGen,280,12400F,NULL,PIBT,2,1000,1,11794,0.009,NULL,https://github.com/ssfc/pibt2,2025-09-27 23:20:34
-1,arena.map,randGen,281,12400F,NULL,PIBT,2,1000,1,11522,0.008,NULL,https://github.com/ssfc/pibt2,2025-09-27 23:20:34
-1,arena.map,randGen,282,12400F,NULL,PIBT,2,1000,1,11884,0.008,NULL,https://github.com/ssfc/pibt2,2025-09-27 23:20:34
-1,arena.map,randGen,283,12400F,NULL,PIBT,2,1000,1,11936,0.008,NULL,https://github.com/ssfc/pibt2,2025-09-27 23:20:34
-1,arena.map,randGen,284,12400F,NULL,PIBT,2,1000,1,12017,0.008,NULL,https://github.com/ssfc/pibt2,2025-09-27 23:20:34
-1,arena.map,randGen,285,12400F,NULL,PIBT,2,1000,1,12223,0.008,NULL,https://github.com/ssfc/pibt2,2025-09-27 23:20:34
-1,arena.map,randGen,286,12400F,NULL,PIBT,2,1000,1,12216,0.01,NULL,https://github.com/ssfc/pibt2,2025-09-27 23:20:34
-1,arena.map,randGen,287,12400F,NULL,PIBT,2,1000,1,12082,0.008,NULL,https://github.com/ssfc/pibt2,2025-09-27 23:20:34
-1,arena.map,randGen,288,12400F,NULL,PIBT,2,1000,1,12361,0.008,NULL,https://github.com/ssfc/pibt2,2025-09-27 23:20:34
-1,arena.map,randGen,289,12400F,NULL,PIBT,2,1000,1,12437,0.008,NULL,https://github.com/ssfc/pibt2,2025-09-27 23:20:34
-1,arena.map,randGen,290,12400F,NULL,PIBT,2,1000,1,12295,0.01,NULL,https://github.com/ssfc/pibt2,2025-09-27 23:20:34
-1,arena.map,randGen,291,12400F,NULL,PIBT,2,1000,1,12494,0.009,NULL,https://github.com/ssfc/pibt2,2025-09-27 23:20:34
-1,arena.map,randGen,292,12400F,NULL,PIBT,2,1000,1,12736,0.008,NULL,https://github.com/ssfc/pibt2,2025-09-27 23:20:34
-1,arena.map,randGen,293,12400F,NULL,PIBT,2,1000,1,12499,0.009,NULL,https://github.com/ssfc/pibt2,2025-09-27 23:20:34
-1,arena.map,randGen,294,12400F,NULL,PIBT,2,1000,1,12497,0.008,NULL,https://github.com/ssfc/pibt2,2025-09-27 23:20:34
-1,arena.map,randGen,295,12400F,NULL,PIBT,2,1000,1,12672,0.009,NULL,https://github.com/ssfc/pibt2,2025-09-27 23:20:34
-1,arena.map,randGen,296,12400F,NULL,PIBT,2,1000,1,12561,0.008,NULL,https://github.com/ssfc/pibt2,2025-09-27 23:20:34
-1,arena.map,randGen,297,12400F,NULL,PIBT,2,1000,1,12742,0.008,NULL,https://github.com/ssfc/pibt2,2025-09-27 23:20:34
-1,arena.map,randGen,298,12400F,NULL,PIBT,2,1000,1,12920,0.008,NULL,https://github.com/ssfc/pibt2,2025-09-27 23:20:34
-1,arena.map,randGen,299,12400F,NULL,PIBT,2,1000,1,12902,0.01,NULL,https://github.com/ssfc/pibt2,2025-09-27 23:20:34
-1,arena.map,randGen,300,12400F,NULL,PIBT,2,1000,1,12900,0.008,NULL,https://github.com/ssfc/pibt2,2025-09-27 23:20:34
-1,arena.map,randGen,301,12400F,NULL,PIBT,2,1000,1,12933,0.008,NULL,https://github.com/ssfc/pibt2,2025-09-27 23:20:34
-1,arena.map,randGen,302,12400F,NULL,PIBT,2,1000,1,13255,0.01,NULL,https://github.com/ssfc/pibt2,2025-09-27 23:20:34
-1,arena.map,randGen,303,12400F,NULL,PIBT,2,1000,1,13210,0.009,NULL,https://github.com/ssfc/pibt2,2025-09-27 23:20:34
-1,arena.map,randGen,304,12400F,NULL,PIBT,2,1000,1,13250,0.048,NULL,https://github.com/ssfc/pibt2,2025-09-27 23:20:34
-1,arena.map,randGen,305,12400F,NULL,PIBT,2,1000,1,13172,0.008,NULL,https://github.com/ssfc/pibt2,2025-09-27 23:20:34
-1,arena.map,randGen,306,12400F,NULL,PIBT,2,1000,1,13204,0.008,NULL,https://github.com/ssfc/pibt2,2025-09-27 23:20:34
-1,arena.map,randGen,307,12400F,NULL,PIBT,2,1000,1,13464,0.009,NULL,https://github.com/ssfc/pibt2,2025-09-27 23:20:34
-1,arena.map,randGen,308,12400F,NULL,PIBT,2,1000,1,13348,0.008,NULL,https://github.com/ssfc/pibt2,2025-09-27 23:20:34
-1,arena.map,randGen,309,12400F,NULL,PIBT,2,1000,1,13223,0.008,NULL,https://github.com/ssfc/pibt2,2025-09-27 23:20:34
-1,arena.map,randGen,310,12400F,NULL,PIBT,2,1000,1,13430,0.008,NULL,https://github.com/ssfc/pibt2,2025-09-27 23:20:34
-1,arena.map,randGen,311,12400F,NULL,PIBT,2,1000,1,13653,0.009,NULL,https://github.com/ssfc/pibt2,2025-09-27 23:20:34
-1,arena.map,randGen,312,12400F,NULL,PIBT,2,1000,1,13490,0.008,NULL,https://github.com/ssfc/pibt2,2025-09-27 23:20:34
-1,arena.map,randGen,313,12400F,NULL,PIBT,2,1000,1,13922,0.009,NULL,https://github.com/ssfc/pibt2,2025-09-27 23:20:34
-1,arena.map,randGen,314,12400F,NULL,PIBT,2,1000,1,13528,0.009,NULL,https://github.com/ssfc/pibt2,2025-09-27 23:20:34
-1,arena.map,randGen,315,12400F,NULL,PIBT,2,1000,1,13745,0.009,NULL,https://github.com/ssfc/pibt2,2025-09-27 23:20:34
-1,arena.map,randGen,316,12400F,NULL,PIBT,2,1000,1,13560,0.009,NULL,https://github.com/ssfc/pibt2,2025-09-27 23:20:34
-1,arena.map,randGen,317,12400F,NULL,PIBT,2,1000,1,13814,0.009,NULL,https://github.com/ssfc/pibt2,2025-09-27 23:20:34
-1,arena.map,randGen,318,12400F,NULL,PIBT,2,1000,1,13711,0.009,NULL,https://github.com/ssfc/pibt2,2025-09-27 23:20:34
-1,arena.map,randGen,319,12400F,NULL,PIBT,2,1000,1,14195,0.009,NULL,https://github.com/ssfc/pibt2,2025-09-27 23:20:34
-1,arena.map,randGen,320,12400F,NULL,PIBT,2,1000,1,14191,0.01,NULL,https://github.com/ssfc/pibt2,2025-09-27 23:20:34
-1,arena.map,randGen,321,12400F,NULL,PIBT,2,1000,1,14011,0.009,NULL,https://github.com/ssfc/pibt2,2025-09-27 23:20:34
-1,arena.map,randGen,322,12400F,NULL,PIBT,2,1000,1,14167,0.01,NULL,https://github.com/ssfc/pibt2,2025-09-27 23:20:34
-1,arena.map,randGen,323,12400F,NULL,PIBT,2,1000,1,14546,0.009,NULL,https://github.com/ssfc/pibt2,2025-09-27 23:20:34
-1,arena.map,randGen,324,12400F,NULL,PIBT,2,1000,1,14274,0.009,NULL,https://github.com/ssfc/pibt2,2025-09-27 23:20:35
-1,arena.map,randGen,325,12400F,NULL,PIBT,2,1000,1,14211,0.009,NULL,https://github.com/ssfc/pibt2,2025-09-27 23:20:35
-1,arena.map,randGen,326,12400F,NULL,PIBT,2,1000,1,14661,0.009,NULL,https://github.com/ssfc/pibt2,2025-09-27 23:20:35
-1,arena.map,randGen,327,12400F,NULL,PIBT,2,1000,1,14353,0.009,NULL,https://github.com/ssfc/pibt2,2025-09-27 23:20:35
-1,arena.map,randGen,328,12400F,NULL,PIBT,2,1000,1,14716,0.009,NULL,https://github.com/ssfc/pibt2,2025-09-27 23:20:35
-1,arena.map,randGen,329,12400F,NULL,PIBT,2,1000,1,14715,0.009,NULL,https://github.com/ssfc/pibt2,2025-09-27 23:20:35
-1,arena.map,randGen,330,12400F,NULL,PIBT,2,1000,1,14719,0.009,NULL,https://github.com/ssfc/pibt2,2025-09-27 23:20:35
-1,arena.map,randGen,331,12400F,NULL,PIBT,2,1000,1,14887,0.009,NULL,https://github.com/ssfc/pibt2,2025-09-27 23:20:35
-1,arena.map,randGen,332,12400F,NULL,PIBT,2,1000,1,14875,0.009,NULL,https://github.com/ssfc/pibt2,2025-09-27 23:20:35
-1,arena.map,randGen,333,12400F,NULL,PIBT,2,1000,1,14917,0.009,NULL,https://github.com/ssfc/pibt2,2025-09-27 23:20:35
-1,arena.map,randGen,334,12400F,NULL,PIBT,2,1000,1,15118,0.009,NULL,https://github.com/ssfc/pibt2,2025-09-27 23:20:35
-1,arena.map,randGen,335,12400F,NULL,PIBT,2,1000,1,15001,0.053,NULL,https://github.com/ssfc/pibt2,2025-09-27 23:20:35
-1,arena.map,randGen,336,12400F,NULL,PIBT,2,1000,1,14989,0.009,NULL,https://github.com/ssfc/pibt2,2025-09-27 23:20:35
-1,arena.map,randGen,337,12400F,NULL,PIBT,2,1000,1,15252,0.01,NULL,https://github.com/ssfc/pibt2,2025-09-27 23:20:35
-1,arena.map,randGen,338,12400F,NULL,PIBT,2,1000,1,15514,0.009,NULL,https://github.com/ssfc/pibt2,2025-09-27 23:20:35
-1,arena.map,randGen,339,12400F,NULL,PIBT,2,1000,1,15405,0.009,NULL,https://github.com/ssfc/pibt2,2025-09-27 23:20:35
-1,arena.map,randGen,340,12400F,NULL,PIBT,2,1000,1,15281,0.054,NULL,https://github.com/ssfc/pibt2,2025-09-27 23:20:35
-1,arena.map,randGen,341,12400F,NULL,PIBT,2,1000,1,15450,0.009,NULL,https://github.com/ssfc/pibt2,2025-09-27 23:20:35
-1,arena.map,randGen,342,12400F,NULL,PIBT,2,1000,1,15442,0.009,NULL,https://github.com/ssfc/pibt2,2025-09-27 23:20:35
-1,arena.map,randGen,343,12400F,NULL,PIBT,2,1000,1,15616,0.01,NULL,https://github.com/ssfc/pibt2,2025-09-27 23:20:35
-1,arena.map,randGen,344,12400F,NULL,PIBT,2,1000,1,15735,0.009,NULL,https://github.com/ssfc/pibt2,2025-09-27 23:20:35
-1,arena.map,randGen,345,12400F,NULL,PIBT,2,1000,1,15541,0.01,NULL,https://github.com/ssfc/pibt2,2025-09-27 23:20:35
-1,arena.map,randGen,346,12400F,NULL,PIBT,2,1000,1,15943,0.009,NULL,https://github.com/ssfc/pibt2,2025-09-27 23:20:35
-1,arena.map,randGen,347,12400F,NULL,PIBT,2,1000,1,15512,0.009,NULL,https://github.com/ssfc/pibt2,2025-09-27 23:20:35
-1,arena.map,randGen,348,12400F,NULL,PIBT,2,1000,1,16005,0.009,NULL,https://github.com/ssfc/pibt2,2025-09-27 23:20:35
-1,arena.map,randGen,349,12400F,NULL,PIBT,2,1000,1,15819,0.009,NULL,https://github.com/ssfc/pibt2,2025-09-27 23:20:35
-1,arena.map,randGen,350,12400F,NULL,PIBT,2,1000,1,15572,0.009,NULL,https://github.com/ssfc/pibt2,2025-09-27 23:20:35
-1,arena.map,randGen,351,12400F,NULL,PIBT,2,1000,1,15894,0.01,NULL,https://github.com/ssfc/pibt2,2025-09-27 23:20:35
-1,arena.map,randGen,352,12400F,NULL,PIBT,2,1000,1,16142,0.01,NULL,https://github.com/ssfc/pibt2,2025-09-27 23:20:35
-1,arena.map,randGen,353,12400F,NULL,PIBT,2,1000,1,16032,0.01,NULL,https://github.com/ssfc/pibt2,2025-09-27 23:20:35
-1,arena.map,randGen,354,12400F,NULL,PIBT,2,1000,1,16458,0.009,NULL,https://github.com/ssfc/pibt2,2025-09-27 23:20:35
-1,arena.map,randGen,355,12400F,NULL,PIBT,2,1000,1,16286,0.01,NULL,https://github.com/ssfc/pibt2,2025-09-27 23:20:35
-1,arena.map,randGen,356,12400F,NULL,PIBT,2,1000,1,16215,0.01,NULL,https://github.com/ssfc/pibt2,2025-09-27 23:20:35
-1,arena.map,randGen,357,12400F,NULL,PIBT,2,1000,1,16551,0.011,NULL,https://github.com/ssfc/pibt2,2025-09-27 23:20:35
-1,arena.map,randGen,358,12400F,NULL,PIBT,2,1000,1,16598,0.01,NULL,https://github.com/ssfc/pibt2,2025-09-27 23:20:35
-1,arena.map,randGen,359,12400F,NULL,PIBT,2,1000,1,16516,0.01,NULL,https://github.com/ssfc/pibt2,2025-09-27 23:20:35
-1,arena.map,randGen,360,12400F,NULL,PIBT,2,1000,1,16160,0.01,NULL,https://github.com/ssfc/pibt2,2025-09-27 23:20:35
-1,arena.map,randGen,361,12400F,NULL,PIBT,2,1000,1,16672,0.057,NULL,https://github.com/ssfc/pibt2,2025-09-27 23:20:35
-1,arena.map,randGen,362,12400F,NULL,PIBT,2,1000,1,16530,0.057,NULL,https://github.com/ssfc/pibt2,2025-09-27 23:20:36
-1,arena.map,randGen,363,12400F,NULL,PIBT,2,1000,1,16855,0.009,NULL,https://github.com/ssfc/pibt2,2025-09-27 23:20:36
-1,arena.map,randGen,364,12400F,NULL,PIBT,2,1000,1,16778,0.01,NULL,https://github.com/ssfc/pibt2,2025-09-27 23:20:36
-1,arena.map,randGen,365,12400F,NULL,PIBT,2,1000,1,16899,0.01,NULL,https://github.com/ssfc/pibt2,2025-09-27 23:20:36
-1,arena.map,randGen,366,12400F,NULL,PIBT,2,1000,1,16896,0.01,NULL,https://github.com/ssfc/pibt2,2025-09-27 23:20:36
-1,arena.map,randGen,367,12400F,NULL,PIBT,2,1000,1,16850,0.011,NULL,https://github.com/ssfc/pibt2,2025-09-27 23:20:36
-1,arena.map,randGen,368,12400F,NULL,PIBT,2,1000,1,16883,0.01,NULL,https://github.com/ssfc/pibt2,2025-09-27 23:20:36
-1,arena.map,randGen,369,12400F,NULL,PIBT,2,1000,1,17126,0.01,NULL,https://github.com/ssfc/pibt2,2025-09-27 23:20:36
-1,arena.map,randGen,370,12400F,NULL,PIBT,2,1000,1,17139,0.059,NULL,https://github.com/ssfc/pibt2,2025-09-27 23:20:36
-1,arena.map,randGen,371,12400F,NULL,PIBT,2,1000,1,17319,0.009,NULL,https://github.com/ssfc/pibt2,2025-09-27 23:20:36
-1,arena.map,randGen,372,12400F,NULL,PIBT,2,1000,1,17503,0.011,NULL,https://github.com/ssfc/pibt2,2025-09-27 23:20:36
-1,arena.map,randGen,373,12400F,NULL,PIBT,2,1000,1,17827,0.01,NULL,https://github.com/ssfc/pibt2,2025-09-27 23:20:36
-1,arena.map,randGen,374,12400F,NULL,PIBT,2,1000,1,17354,0.01,NULL,https://github.com/ssfc/pibt2,2025-09-27 23:20:36
-1,arena.map,randGen,375,12400F,NULL,PIBT,2,1000,1,17337,0.01,NULL,https://github.com/ssfc/pibt2,2025-09-27 23:20:36
-1,arena.map,randGen,376,12400F,NULL,PIBT,2,1000,1,17501,0.01,NULL,https://github.com/ssfc/pibt2,2025-09-27 23:20:36
-1,arena.map,randGen,377,12400F,NULL,PIBT,2,1000,1,17519,0.01,NULL,https://github.com/ssfc/pibt2,2025-09-27 23:20:36
-1,arena.map,randGen,378,12400F,NULL,PIBT,2,1000,1,17459,0.06,NULL,https://github.com/ssfc/pibt2,2025-09-27 23:20:36
-1,arena.map,randGen,379,12400F,NULL,PIBT,2,1000,1,17698,0.01,NULL,https://github.com/ssfc/pibt2,2025-09-27 23:20:36
-1,arena.map,randGen,380,12400F,NULL,PIBT,2,1000,1,17886,0.01,NULL,https://github.com/ssfc/pibt2,2025-09-27 23:20:36
-1,arena.map,randGen,381,12400F,NULL,PIBT,2,1000,1,17686,0.011,NULL,https://github.com/ssfc/pibt2,2025-09-27 23:20:36
-1,arena.map,randGen,382,12400F,NULL,PIBT,2,1000,1,17420,0.011,NULL,https://github.com/ssfc/pibt2,2025-09-27 23:20:36
-1,arena.map,randGen,383,12400F,NULL,PIBT,2,1000,1,18098,0.011,NULL,https://github.com/ssfc/pibt2,2025-09-27 23:20:36
-1,arena.map,randGen,384,12400F,NULL,PIBT,2,1000,1,17910,0.011,NULL,https://github.com/ssfc/pibt2,2025-09-27 23:20:36
-1,arena.map,randGen,385,12400F,NULL,PIBT,2,1000,1,17996,0.011,NULL,https://github.com/ssfc/pibt2,2025-09-27 23:20:36
-1,arena.map,randGen,386,12400F,NULL,PIBT,2,1000,1,18181,0.01,NULL,https://github.com/ssfc/pibt2,2025-09-27 23:20:36
-1,arena.map,randGen,387,12400F,NULL,PIBT,2,1000,1,17889,0.011,NULL,https://github.com/ssfc/pibt2,2025-09-27 23:20:36
-1,arena.map,randGen,388,12400F,NULL,PIBT,2,1000,1,18322,0.011,NULL,https://github.com/ssfc/pibt2,2025-09-27 23:20:36
-1,arena.map,randGen,389,12400F,NULL,PIBT,2,1000,1,18114,0.011,NULL,https://github.com/ssfc/pibt2,2025-09-27 23:20:36
-1,arena.map,randGen,390,12400F,NULL,PIBT,2,1000,1,18459,0.011,NULL,https://github.com/ssfc/pibt2,2025-09-27 23:20:36
-1,arena.map,randGen,391,12400F,NULL,PIBT,2,1000,1,18121,0.011,NULL,https://github.com/ssfc/pibt2,2025-09-27 23:20:36
-1,arena.map,randGen,392,12400F,NULL,PIBT,2,1000,1,18374,0.011,NULL,https://github.com/ssfc/pibt2,2025-09-27 23:20:36
-1,arena.map,randGen,393,12400F,NULL,PIBT,2,1000,1,18821,0.011,NULL,https://github.com/ssfc/pibt2,2025-09-27 23:20:36
-1,arena.map,randGen,394,12400F,NULL,PIBT,2,1000,1,18439,0.011,NULL,https://github.com/ssfc/pibt2,2025-09-27 23:20:36
-1,arena.map,randGen,395,12400F,NULL,PIBT,2,1000,1,18609,0.011,NULL,https://github.com/ssfc/pibt2,2025-09-27 23:20:36
-1,arena.map,randGen,396,12400F,NULL,PIBT,2,1000,1,18577,0.01,NULL,https://github.com/ssfc/pibt2,2025-09-27 23:20:37
-1,arena.map,randGen,397,12400F,NULL,PIBT,2,1000,1,18263,0.011,NULL,https://github.com/ssfc/pibt2,2025-09-27 23:20:37
-1,arena.map,randGen,398,12400F,NULL,PIBT,2,1000,1,18204,0.06,NULL,https://github.com/ssfc/pibt2,2025-09-27 23:20:37
-1,arena.map,randGen,399,12400F,NULL,PIBT,2,1000,1,18945,0.01,NULL,https://github.com/ssfc/pibt2,2025-09-27 23:20:37
-1,arena.map,randGen,400,12400F,NULL,PIBT,2,1000,1,18596,0.01,NULL,https://github.com/ssfc/pibt2,2025-09-27 23:20:37
-1,arena.map,randGen,401,12400F,NULL,PIBT,2,1000,1,19109,0.011,NULL,https://github.com/ssfc/pibt2,2025-09-27 23:20:37
-1,arena.map,randGen,402,12400F,NULL,PIBT,2,1000,1,18646,0.011,NULL,https://github.com/ssfc/pibt2,2025-09-27 23:20:37
-1,arena.map,randGen,403,12400F,NULL,PIBT,2,1000,1,18885,0.01,NULL,https://github.com/ssfc/pibt2,2025-09-27 23:20:37
-1,arena.map,randGen,404,12400F,NULL,PIBT,2,1000,1,18800,0.011,NULL,https://github.com/ssfc/pibt2,2025-09-27 23:20:37
-1,arena.map,randGen,405,12400F,NULL,PIBT,2,1000,1,18964,0.011,NULL,https://github.com/ssfc/pibt2,2025-09-27 23:20:37
-1,arena.map,randGen,406,12400F,NULL,PIBT,2,1000,1,18847,0.012,NULL,https://github.com/ssfc/pibt2,2025-09-27 23:20:37
-1,arena.map,randGen,407,12400F,NULL,PIBT,2,1000,1,19067,0.01,NULL,https://github.com/ssfc/pibt2,2025-09-27 23:20:37
-1,arena.map,randGen,408,12400F,NULL,PIBT,2,1000,1,19427,0.012,NULL,https://github.com/ssfc/pibt2,2025-09-27 23:20:37
-1,arena.map,randGen,409,12400F,NULL,PIBT,2,1000,1,18981,0.011,NULL,https://github.com/ssfc/pibt2,2025-09-27 23:20:37
-1,arena.map,randGen,410,12400F,NULL,PIBT,2,1000,1,19446,0.011,NULL,https://github.com/ssfc/pibt2,2025-09-27 23:20:37
-1,arena.map,randGen,411,12400F,NULL,PIBT,2,1000,1,19650,0.065,NULL,https://github.com/ssfc/pibt2,2025-09-27 23:20:37
-1,arena.map,randGen,412,12400F,NULL,PIBT,2,1000,1,19465,0.011,NULL,https://github.com/ssfc/pibt2,2025-09-27 23:20:37
-1,arena.map,randGen,413,12400F,NULL,PIBT,2,1000,1,19829,0.063,NULL,https://github.com/ssfc/pibt2,2025-09-27 23:20:37
-1,arena.map,randGen,414,12400F,NULL,PIBT,2,1000,1,19745,0.011,NULL,https://github.com/ssfc/pibt2,2025-09-27 23:20:37
-1,arena.map,randGen,415,12400F,NULL,PIBT,2,1000,1,19728,0.011,NULL,https://github.com/ssfc/pibt2,2025-09-27 23:20:37
-1,arena.map,randGen,416,12400F,NULL,PIBT,2,1000,1,19676,0.012,NULL,https://github.com/ssfc/pibt2,2025-09-27 23:20:37
-1,arena.map,randGen,417,12400F,NULL,PIBT,2,1000,1,19786,0.012,NULL,https://github.com/ssfc/pibt2,2025-09-27 23:20:37
-1,arena.map,randGen,418,12400F,NULL,PIBT,2,1000,1,19824,0.067,NULL,https://github.com/ssfc/pibt2,2025-09-27 23:20:37
-1,arena.map,randGen,419,12400F,NULL,PIBT,2,1000,1,19764,0.011,NULL,https://github.com/ssfc/pibt2,2025-09-27 23:20:37
-1,arena.map,randGen,420,12400F,NULL,PIBT,2,1000,1,19987,0.011,NULL,https://github.com/ssfc/pibt2,2025-09-27 23:20:37
-1,arena.map,randGen,421,12400F,NULL,PIBT,2,1000,1,19915,0.012,NULL,https://github.com/ssfc/pibt2,2025-09-27 23:20:37
-1,arena.map,randGen,422,12400F,NULL,PIBT,2,1000,1,20278,0.012,NULL,https://github.com/ssfc/pibt2,2025-09-27 23:20:37
-1,arena.map,randGen,423,12400F,NULL,PIBT,2,1000,1,20150,0.012,NULL,https://github.com/ssfc/pibt2,2025-09-27 23:20:37
-1,arena.map,randGen,424,12400F,NULL,PIBT,2,1000,1,20372,0.012,NULL,https://github.com/ssfc/pibt2,2025-09-27 23:20:37
-1,arena.map,randGen,425,12400F,NULL,PIBT,2,1000,1,20065,0.013,NULL,https://github.com/ssfc/pibt2,2025-09-27 23:20:38
-1,arena.map,randGen,426,12400F,NULL,PIBT,2,1000,1,20511,0.066,NULL,https://github.com/ssfc/pibt2,2025-09-27 23:20:38
-1,arena.map,randGen,427,12400F,NULL,PIBT,2,1000,1,19811,0.011,NULL,https://github.com/ssfc/pibt2,2025-09-27 23:20:38
-1,arena.map,randGen,428,12400F,NULL,PIBT,2,1000,1,20725,0.012,NULL,https://github.com/ssfc/pibt2,2025-09-27 23:20:38
-1,arena.map,randGen,429,12400F,NULL,PIBT,2,1000,1,20999,0.012,NULL,https://github.com/ssfc/pibt2,2025-09-27 23:20:38
-1,arena.map,randGen,430,12400F,NULL,PIBT,2,1000,1,20712,0.012,NULL,https://github.com/ssfc/pibt2,2025-09-27 23:20:38
-1,arena.map,randGen,431,12400F,NULL,PIBT,2,1000,1,20713,0.012,NULL,https://github.com/ssfc/pibt2,2025-09-27 23:20:38
-1,arena.map,randGen,432,12400F,NULL,PIBT,2,1000,1,20517,0.012,NULL,https://github.com/ssfc/pibt2,2025-09-27 23:20:38
-1,arena.map,randGen,433,12400F,NULL,PIBT,2,1000,1,20928,0.011,NULL,https://github.com/ssfc/pibt2,2025-09-27 23:20:38
-1,arena.map,randGen,434,12400F,NULL,PIBT,2,1000,1,20515,0.012,NULL,https://github.com/ssfc/pibt2,2025-09-27 23:20:38
-1,arena.map,randGen,435,12400F,NULL,PIBT,2,1000,1,20634,0.013,NULL,https://github.com/ssfc/pibt2,2025-09-27 23:20:38
-1,arena.map,randGen,436,12400F,NULL,PIBT,2,1000,1,20886,0.013,NULL,https://github.com/ssfc/pibt2,2025-09-27 23:20:38
-1,arena.map,randGen,437,12400F,NULL,PIBT,2,1000,1,21126,0.012,NULL,https://github.com/ssfc/pibt2,2025-09-27 23:20:38
-1,arena.map,randGen,438,12400F,NULL,PIBT,2,1000,1,20737,0.012,NULL,https://github.com/ssfc/pibt2,2025-09-27 23:20:38
-1,arena.map,randGen,439,12400F,NULL,PIBT,2,1000,1,20998,0.012,NULL,https://github.com/ssfc/pibt2,2025-09-27 23:20:38
-1,arena.map,randGen,440,12400F,NULL,PIBT,2,1000,1,21365,0.011,NULL,https://github.com/ssfc/pibt2,2025-09-27 23:20:38
-1,arena.map,randGen,441,12400F,NULL,PIBT,2,1000,1,21034,0.07,NULL,https://github.com/ssfc/pibt2,2025-09-27 23:20:38
-1,arena.map,randGen,442,12400F,NULL,PIBT,2,1000,1,21428,0.064,NULL,https://github.com/ssfc/pibt2,2025-09-27 23:20:38
-1,arena.map,randGen,443,12400F,NULL,PIBT,2,1000,1,21215,0.012,NULL,https://github.com/ssfc/pibt2,2025-09-27 23:20:38
-1,arena.map,randGen,444,12400F,NULL,PIBT,2,1000,1,21696,0.012,NULL,https://github.com/ssfc/pibt2,2025-09-27 23:20:38
-1,arena.map,randGen,445,12400F,NULL,PIBT,2,1000,1,21601,0.012,NULL,https://github.com/ssfc/pibt2,2025-09-27 23:20:38
-1,arena.map,randGen,446,12400F,NULL,PIBT,2,1000,1,21265,0.012,NULL,https://github.com/ssfc/pibt2,2025-09-27 23:20:38
-1,arena.map,randGen,447,12400F,NULL,PIBT,2,1000,1,21716,0.012,NULL,https://github.com/ssfc/pibt2,2025-09-27 23:20:38
-1,arena.map,randGen,448,12400F,NULL,PIBT,2,1000,1,21842,0.068,NULL,https://github.com/ssfc/pibt2,2025-09-27 23:20:38
-1,arena.map,randGen,449,12400F,NULL,PIBT,2,1000,1,21804,0.012,NULL,https://github.com/ssfc/pibt2,2025-09-27 23:20:38
-1,arena.map,randGen,450,12400F,NULL,PIBT,2,1000,1,21616,0.012,NULL,https://github.com/ssfc/pibt2,2025-09-27 23:20:39
-1,arena.map,randGen,451,12400F,NULL,PIBT,2,1000,1,21793,0.012,NULL,https://github.com/ssfc/pibt2,2025-09-27 23:20:39
-1,arena.map,randGen,452,12400F,NULL,PIBT,2,1000,1,21886,0.012,NULL,https://github.com/ssfc/pibt2,2025-09-27 23:20:39
-1,arena.map,randGen,453,12400F,NULL,PIBT,2,1000,1,21616,0.013,NULL,https://github.com/ssfc/pibt2,2025-09-27 23:20:39
-1,arena.map,randGen,454,12400F,NULL,PIBT,2,1000,1,22238,0.013,NULL,https://github.com/ssfc/pibt2,2025-09-27 23:20:39
-1,arena.map,randGen,455,12400F,NULL,PIBT,2,1000,1,22056,0.013,NULL,https://github.com/ssfc/pibt2,2025-09-27 23:20:39
-1,arena.map,randGen,456,12400F,NULL,PIBT,2,1000,1,21776,0.012,NULL,https://github.com/ssfc/pibt2,2025-09-27 23:20:39
-1,arena.map,randGen,457,12400F,NULL,PIBT,2,1000,1,22458,0.013,NULL,https://github.com/ssfc/pibt2,2025-09-27 23:20:39
-1,arena.map,randGen,458,12400F,NULL,PIBT,2,1000,1,22225,0.013,NULL,https://github.com/ssfc/pibt2,2025-09-27 23:20:39
-1,arena.map,randGen,459,12400F,NULL,PIBT,2,1000,1,22219,0.013,NULL,https://github.com/ssfc/pibt2,2025-09-27 23:20:39
-1,arena.map,randGen,460,12400F,NULL,PIBT,2,1000,1,22300,0.013,NULL,https://github.com/ssfc/pibt2,2025-09-27 23:20:39
-1,arena.map,randGen,461,12400F,NULL,PIBT,2,1000,1,22409,0.013,NULL,https://github.com/ssfc/pibt2,2025-09-27 23:20:39
-1,arena.map,randGen,462,12400F,NULL,PIBT,2,1000,1,22244,0.013,NULL,https://github.com/ssfc/pibt2,2025-09-27 23:20:39
-1,arena.map,randGen,463,12400F,NULL,PIBT,2,1000,1,22355,0.013,NULL,https://github.com/ssfc/pibt2,2025-09-27 23:20:39
-1,arena.map,randGen,464,12400F,NULL,PIBT,2,1000,1,22608,0.013,NULL,https://github.com/ssfc/pibt2,2025-09-27 23:20:39
-1,arena.map,randGen,465,12400F,NULL,PIBT,2,1000,1,22620,0.013,NULL,https://github.com/ssfc/pibt2,2025-09-27 23:20:39
-1,arena.map,randGen,466,12400F,NULL,PIBT,2,1000,1,23023,0.013,NULL,https://github.com/ssfc/pibt2,2025-09-27 23:20:39
-1,arena.map,randGen,467,12400F,NULL,PIBT,2,1000,1,22678,0.013,NULL,https://github.com/ssfc/pibt2,2025-09-27 23:20:39
-1,arena.map,randGen,468,12400F,NULL,PIBT,2,1000,1,22709,0.013,NULL,https://github.com/ssfc/pibt2,2025-09-27 23:20:39
-1,arena.map,randGen,469,12400F,NULL,PIBT,2,1000,1,22602,0.073,NULL,https://github.com/ssfc/pibt2,2025-09-27 23:20:39
-1,arena.map,randGen,470,12400F,NULL,PIBT,2,1000,1,23016,0.013,NULL,https://github.com/ssfc/pibt2,2025-09-27 23:20:39
-1,arena.map,randGen,471,12400F,NULL,PIBT,2,1000,1,23033,0.073,NULL,https://github.com/ssfc/pibt2,2025-09-27 23:20:39
-1,arena.map,randGen,472,12400F,NULL,PIBT,2,1000,1,22870,0.012,NULL,https://github.com/ssfc/pibt2,2025-09-27 23:20:39
-1,arena.map,randGen,473,12400F,NULL,PIBT,2,1000,1,22741,0.013,NULL,https://github.com/ssfc/pibt2,2025-09-27 23:20:39
-1,arena.map,randGen,474,12400F,NULL,PIBT,2,1000,1,23059,0.013,NULL,https://github.com/ssfc/pibt2,2025-09-27 23:20:39
-1,arena.map,randGen,475,12400F,NULL,PIBT,2,1000,1,22688,0.013,NULL,https://github.com/ssfc/pibt2,2025-09-27 23:20:39
-1,arena.map,randGen,476,12400F,NULL,PIBT,2,1000,1,22942,0.013,NULL,https://github.com/ssfc/pibt2,2025-09-27 23:20:39
-1,arena.map,randGen,477,12400F,NULL,PIBT,2,1000,1,23173,0.014,NULL,https://github.com/ssfc/pibt2,2025-09-27 23:20:39
-1,arena.map,randGen,478,12400F,NULL,PIBT,2,1000,1,22941,0.013,NULL,https://github.com/ssfc/pibt2,2025-09-27 23:20:39
-1,arena.map,randGen,479,12400F,NULL,PIBT,2,1000,1,23190,0.013,NULL,https://github.com/ssfc/pibt2,2025-09-27 23:20:40
-1,arena.map,randGen,480,12400F,NULL,PIBT,2,1000,1,23411,0.013,NULL,https://github.com/ssfc/pibt2,2025-09-27 23:20:40
-1,arena.map,randGen,481,12400F,NULL,PIBT,2,1000,1,23067,0.014,NULL,https://github.com/ssfc/pibt2,2025-09-27 23:20:40
-1,arena.map,randGen,482,12400F,NULL,PIBT,2,1000,1,23648,0.013,NULL,https://github.com/ssfc/pibt2,2025-09-27 23:20:40
-1,arena.map,randGen,483,12400F,NULL,PIBT,2,1000,1,23500,0.013,NULL,https://github.com/ssfc/pibt2,2025-09-27 23:20:40
-1,arena.map,randGen,484,12400F,NULL,PIBT,2,1000,1,23659,0.072,NULL,https://github.com/ssfc/pibt2,2025-09-27 23:20:40
-1,arena.map,randGen,485,12400F,NULL,PIBT,2,1000,1,23686,0.013,NULL,https://github.com/ssfc/pibt2,2025-09-27 23:20:40
-1,arena.map,randGen,486,12400F,NULL,PIBT,2,1000,1,23751,0.072,NULL,https://github.com/ssfc/pibt2,2025-09-27 23:20:40
-1,arena.map,randGen,487,12400F,NULL,PIBT,2,1000,1,23596,0.013,NULL,https://github.com/ssfc/pibt2,2025-09-27 23:20:40
-1,arena.map,randGen,488,12400F,NULL,PIBT,2,1000,1,24287,0.013,NULL,https://github.com/ssfc/pibt2,2025-09-27 23:20:40
-1,arena.map,randGen,489,12400F,NULL,PIBT,2,1000,1,24024,0.013,NULL,https://github.com/ssfc/pibt2,2025-09-27 23:20:40
-1,arena.map,randGen,490,12400F,NULL,PIBT,2,1000,1,24299,0.014,NULL,https://github.com/ssfc/pibt2,2025-09-27 23:20:40
-1,arena.map,randGen,491,12400F,NULL,PIBT,2,1000,1,23799,0.014,NULL,https://github.com/ssfc/pibt2,2025-09-27 23:20:40
-1,arena.map,randGen,492,12400F,NULL,PIBT,2,1000,1,24697,0.014,NULL,https://github.com/ssfc/pibt2,2025-09-27 23:20:40
-1,arena.map,randGen,493,12400F,NULL,PIBT,2,1000,1,23660,0.076,NULL,https://github.com/ssfc/pibt2,2025-09-27 23:20:40
-1,arena.map,randGen,494,12400F,NULL,PIBT,2,1000,1,24425,0.071,NULL,https://github.com/ssfc/pibt2,2025-09-27 23:20:40
-1,arena.map,randGen,495,12400F,NULL,PIBT,2,1000,1,24586,0.013,NULL,https://github.com/ssfc/pibt2,2025-09-27 23:20:40
-1,arena.map,randGen,496,12400F,NULL,PIBT,2,1000,1,24597,0.015,NULL,https://github.com/ssfc/pibt2,2025-09-27 23:20:40
-1,arena.map,randGen,497,12400F,NULL,PIBT,2,1000,1,24273,0.013,NULL,https://github.com/ssfc/pibt2,2025-09-27 23:20:40
-1,arena.map,randGen,498,12400F,NULL,PIBT,2,1000,1,25202,0.014,NULL,https://github.com/ssfc/pibt2,2025-09-27 23:20:40
-1,arena.map,randGen,499,12400F,NULL,PIBT,2,1000,1,25006,0.015,NULL,https://github.com/ssfc/pibt2,2025-09-27 23:20:40
-1,arena.map,randGen,500,12400F,NULL,PIBT,2,1000,1,24404,0.014,NULL,https://github.com/ssfc/pibt2,2025-09-27 23:20:40
-1,arena.map,randGen,501,12400F,NULL,PIBT,2,1000,1,25233,0.079,NULL,https://github.com/ssfc/pibt2,2025-09-27 23:20:41
-1,arena.map,randGen,502,12400F,NULL,PIBT,2,1000,1,24608,0.014,NULL,https://github.com/ssfc/pibt2,2025-09-27 23:20:41
-1,arena.map,randGen,503,12400F,NULL,PIBT,2,1000,1,24881,0.014,NULL,https://github.com/ssfc/pibt2,2025-09-27 23:20:41
-1,arena.map,randGen,504,12400F,NULL,PIBT,2,1000,1,24906,0.075,NULL,https://github.com/ssfc/pibt2,2025-09-27 23:20:41
-1,arena.map,randGen,505,12400F,NULL,PIBT,2,1000,1,25069,0.081,NULL,https://github.com/ssfc/pibt2,2025-09-27 23:20:41
-1,arena.map,randGen,506,12400F,NULL,PIBT,2,1000,1,25622,0.013,NULL,https://github.com/ssfc/pibt2,2025-09-27 23:20:41
-1,arena.map,randGen,507,12400F,NULL,PIBT,2,1000,1,25436,0.014,NULL,https://github.com/ssfc/pibt2,2025-09-27 23:20:41
-1,arena.map,randGen,508,12400F,NULL,PIBT,2,1000,1,25261,0.014,NULL,https://github.com/ssfc/pibt2,2025-09-27 23:20:41
-1,arena.map,randGen,509,12400F,NULL,PIBT,2,1000,1,25063,0.014,NULL,https://github.com/ssfc/pibt2,2025-09-27 23:20:41
-1,arena.map,randGen,510,12400F,NULL,PIBT,2,1000,1,25044,0.013,NULL,https://github.com/ssfc/pibt2,2025-09-27 23:20:41
-1,arena.map,randGen,511,12400F,NULL,PIBT,2,1000,1,25305,0.014,NULL,https://github.com/ssfc/pibt2,2025-09-27 23:20:41
-1,arena.map,randGen,512,12400F,NULL,PIBT,2,1000,1,25223,0.014,NULL,https://github.com/ssfc/pibt2,2025-09-27 23:20:41
-1,arena.map,randGen,513,12400F,NULL,PIBT,2,1000,1,25313,0.015,NULL,https://github.com/ssfc/pibt2,2025-09-27 23:20:41
-1,arena.map,randGen,514,12400F,NULL,PIBT,2,1000,1,25977,0.014,NULL,https://github.com/ssfc/pibt2,2025-09-27 23:20:41
-1,arena.map,randGen,515,12400F,NULL,PIBT,2,1000,1,25657,0.077,NULL,https://github.com/ssfc/pibt2,2025-09-27 23:20:41
-1,arena.map,randGen,516,12400F,NULL,PIBT,2,1000,1,25179,0.015,NULL,https://github.com/ssfc/pibt2,2025-09-27 23:20:41
-1,arena.map,randGen,517,12400F,NULL,PIBT,2,1000,1,25792,0.015,NULL,https://github.com/ssfc/pibt2,2025-09-27 23:20:41
-1,arena.map,randGen,518,12400F,NULL,PIBT,2,1000,1,25924,0.078,NULL,https://github.com/ssfc/pibt2,2025-09-27 23:20:41
-1,arena.map,randGen,519,12400F,NULL,PIBT,2,1000,1,25616,0.014,NULL,https://github.com/ssfc/pibt2,2025-09-27 23:20:42
-1,arena.map,randGen,520,12400F,NULL,PIBT,2,1000,1,27779,0.077,NULL,https://github.com/ssfc/pibt2,2025-09-27 23:20:42
-1,arena.map,randGen,521,12400F,NULL,PIBT,2,1000,1,26249,0.014,NULL,https://github.com/ssfc/pibt2,2025-09-27 23:20:42
-1,arena.map,randGen,522,12400F,NULL,PIBT,2,1000,1,25807,0.076,NULL,https://github.com/ssfc/pibt2,2025-09-27 23:20:42
-1,arena.map,randGen,523,12400F,NULL,PIBT,2,1000,1,26364,0.075,NULL,https://github.com/ssfc/pibt2,2025-09-27 23:20:42
-1,arena.map,randGen,524,12400F,NULL,PIBT,2,1000,1,26083,0.014,NULL,https://github.com/ssfc/pibt2,2025-09-27 23:20:42
-1,arena.map,randGen,525,12400F,NULL,PIBT,2,1000,1,26082,0.014,NULL,https://github.com/ssfc/pibt2,2025-09-27 23:20:42
-1,arena.map,randGen,526,12400F,NULL,PIBT,2,1000,1,26296,0.014,NULL,https://github.com/ssfc/pibt2,2025-09-27 23:20:42
-1,arena.map,randGen,527,12400F,NULL,PIBT,2,1000,1,26539,0.015,NULL,https://github.com/ssfc/pibt2,2025-09-27 23:20:42
-1,arena.map,randGen,528,12400F,NULL,PIBT,2,1000,1,26449,0.015,NULL,https://github.com/ssfc/pibt2,2025-09-27 23:20:42
-1,arena.map,randGen,529,12400F,NULL,PIBT,2,1000,1,26517,0.014,NULL,https://github.com/ssfc/pibt2,2025-09-27 23:20:42
-1,arena.map,randGen,530,12400F,NULL,PIBT,2,1000,1,26584,0.014,NULL,https://github.com/ssfc/pibt2,2025-09-27 23:20:42
-1,arena.map,randGen,531,12400F,NULL,PIBT,2,1000,1,26597,0.078,NULL,https://github.com/ssfc/pibt2,2025-09-27 23:20:42
-1,arena.map,randGen,532,12400F,NULL,PIBT,2,1000,1,26687,0.015,NULL,https://github.com/ssfc/pibt2,2025-09-27 23:20:42
-1,arena.map,randGen,533,12400F,NULL,PIBT,2,1000,1,26921,0.014,NULL,https://github.com/ssfc/pibt2,2025-09-27 23:20:42
-1,arena.map,randGen,534,12400F,NULL,PIBT,2,1000,1,26939,0.015,NULL,https://github.com/ssfc/pibt2,2025-09-27 23:20:42
-1,arena.map,randGen,535,12400F,NULL,PIBT,2,1000,1,28962,0.083,NULL,https://github.com/ssfc/pibt2,2025-09-27 23:20:42
-1,arena.map,randGen,536,12400F,NULL,PIBT,2,1000,1,26847,0.014,NULL,https://github.com/ssfc/pibt2,2025-09-27 23:20:43
-1,arena.map,randGen,537,12400F,NULL,PIBT,2,1000,1,26870,0.014,NULL,https://github.com/ssfc/pibt2,2025-09-27 23:20:43
-1,arena.map,randGen,538,12400F,NULL,PIBT,2,1000,1,26895,0.015,NULL,https://github.com/ssfc/pibt2,2025-09-27 23:20:43
-1,arena.map,randGen,539,12400F,NULL,PIBT,2,1000,1,27643,0.014,NULL,https://github.com/ssfc/pibt2,2025-09-27 23:20:43
-1,arena.map,randGen,540,12400F,NULL,PIBT,2,1000,1,26867,0.016,NULL,https://github.com/ssfc/pibt2,2025-09-27 23:20:43
-1,arena.map,randGen,541,12400F,NULL,PIBT,2,1000,1,27192,0.015,NULL,https://github.com/ssfc/pibt2,2025-09-27 23:20:43
-1,arena.map,randGen,542,12400F,NULL,PIBT,2,1000,1,27959,0.014,NULL,https://github.com/ssfc/pibt2,2025-09-27 23:20:43
-1,arena.map,randGen,543,12400F,NULL,PIBT,2,1000,1,27382,0.015,NULL,https://github.com/ssfc/pibt2,2025-09-27 23:20:43
-1,arena.map,randGen,544,12400F,NULL,PIBT,2,1000,1,27682,0.082,NULL,https://github.com/ssfc/pibt2,2025-09-27 23:20:43
-1,arena.map,randGen,545,12400F,NULL,PIBT,2,1000,1,27543,0.015,NULL,https://github.com/ssfc/pibt2,2025-09-27 23:20:43
-1,arena.map,randGen,546,12400F,NULL,PIBT,2,1000,1,27835,0.015,NULL,https://github.com/ssfc/pibt2,2025-09-27 23:20:43
-1,arena.map,randGen,547,12400F,NULL,PIBT,2,1000,1,27201,0.015,NULL,https://github.com/ssfc/pibt2,2025-09-27 23:20:43
-1,arena.map,randGen,548,12400F,NULL,PIBT,2,1000,1,27529,0.015,NULL,https://github.com/ssfc/pibt2,2025-09-27 23:20:43
-1,arena.map,randGen,549,12400F,NULL,PIBT,2,1000,1,27973,0.079,NULL,https://github.com/ssfc/pibt2,2025-09-27 23:20:43
-1,arena.map,randGen,550,12400F,NULL,PIBT,2,1000,1,27652,0.014,NULL,https://github.com/ssfc/pibt2,2025-09-27 23:20:43
